// Validating benchmarks:
// ***** BenchmarkRunner: Start   *****
// ***** Found 54 benchmark(s) in total *****
// ***** Building 3 exe(s) in Parallel: Start   *****
// ***** Done, took 00:00:22 (22.32 sec)   *****
// ***** Failed to build in Parallel, switching to sequential build   *****
// ***** Done, took 00:00:06 (6.56 sec)   *****
// Found 15 benchmarks:
//   ConcurrencyBenchmarks.DirectVersionComparison: .NET 10.0(Runtime=.NET 10.0, Toolchain=net10.0)
//   ConcurrencyBenchmarks.CheckerCheckVersion: .NET 10.0(Runtime=.NET 10.0, Toolchain=net10.0)
//   ConcurrencyBenchmarks.CheckerCheckToken: .NET 10.0(Runtime=.NET 10.0, Toolchain=net10.0)
//   ConcurrencyBenchmarks.ControllerExecuteCasAsync: .NET 10.0(Runtime=.NET 10.0, Toolchain=net10.0)
//   ConcurrencyBenchmarks.ResultConversion: .NET 10.0(Runtime=.NET 10.0, Toolchain=net10.0)
//   ConcurrencyBenchmarks.DirectVersionComparison: .NET 8.0(Runtime=.NET 8.0, Toolchain=net8.0)
//   ConcurrencyBenchmarks.CheckerCheckVersion: .NET 8.0(Runtime=.NET 8.0, Toolchain=net8.0)
//   ConcurrencyBenchmarks.CheckerCheckToken: .NET 8.0(Runtime=.NET 8.0, Toolchain=net8.0)
//   ConcurrencyBenchmarks.ControllerExecuteCasAsync: .NET 8.0(Runtime=.NET 8.0, Toolchain=net8.0)
//   ConcurrencyBenchmarks.ResultConversion: .NET 8.0(Runtime=.NET 8.0, Toolchain=net8.0)
//   ConcurrencyBenchmarks.DirectVersionComparison: .NET 9.0(Runtime=.NET 9.0, Toolchain=net9.0)
//   ConcurrencyBenchmarks.CheckerCheckVersion: .NET 9.0(Runtime=.NET 9.0, Toolchain=net9.0)
//   ConcurrencyBenchmarks.CheckerCheckToken: .NET 9.0(Runtime=.NET 9.0, Toolchain=net9.0)
//   ConcurrencyBenchmarks.ControllerExecuteCasAsync: .NET 9.0(Runtime=.NET 9.0, Toolchain=net9.0)
//   ConcurrencyBenchmarks.ResultConversion: .NET 9.0(Runtime=.NET 9.0, Toolchain=net9.0)

// **************************
// Benchmark: ConcurrencyBenchmarks.DirectVersionComparison: .NET 10.0(Runtime=.NET 10.0, Toolchain=net10.0)
// *** Execute ***
// Launch: 1 / 1
// Execute: dotnet "EricksonLopez.Concurrency.Benchmarks-.NET 10.0-1.dll" --anonymousPipes 115 116 --benchmarkName EricksonLopez.Concurrency.Benchmarks.ConcurrencyBenchmarks.DirectVersionComparison --job ".NET 10.0" --benchmarkId 0 in /home/runner/work/dotnet-concurrency/dotnet-concurrency/benchmarks/EricksonLopez.Concurrency.Benchmarks/bin/Release/net10.0/EricksonLopez.Concurrency.Benchmarks-.NET 10.0-1/bin/Release/net10.0
// Failed to set up high priority (Permission denied). In order to run benchmarks with high priority, make sure you have the right permissions.
// BeforeAnythingElse

// Benchmark Process Environment Information:
// BenchmarkDotNet v0.15.8
// Runtime=.NET 10.0.11 (10.0.11, 10.0.1126.37416), X64 RyuJIT x86-64-v4
// GC=Concurrent Workstation
// HardwareIntrinsics=AVX512 BITALG+VBMI2+VNNI+VPOPCNTDQ,AVX512 IFMA+VBMI,AVX512 F+BW+CD+DQ+VL,AVX2+BMI1+BMI2+F16C+FMA+LZCNT+MOVBE,AVX,SSE3+SSSE3+SSE4.1+SSE4.2+POPCNT,X86Base+SSE+SSE2,AES+PCLMUL VectorSize=256
// Job: .NET 10.0

OverheadJitting  1: 1 op, 167247.00 ns, 167.2470 us/op
WorkloadJitting  1: 1 op, 194336.00 ns, 194.3360 us/op

OverheadJitting  2: 16 op, 316245.00 ns, 19.7653 us/op
WorkloadJitting  2: 16 op, 269788.00 ns, 16.8618 us/op

WorkloadPilot    1: 16 op, 541.00 ns, 33.8125 ns/op
WorkloadPilot    2: 32 op, 431.00 ns, 13.4688 ns/op
WorkloadPilot    3: 64 op, 942.00 ns, 14.7188 ns/op
WorkloadPilot    4: 128 op, 1142.00 ns, 8.9219 ns/op
WorkloadPilot    5: 256 op, 1392.00 ns, 5.4375 ns/op
WorkloadPilot    6: 512 op, 2364.00 ns, 4.6172 ns/op
WorkloadPilot    7: 1024 op, 4857.00 ns, 4.7432 ns/op
WorkloadPilot    8: 2048 op, 8623.00 ns, 4.2104 ns/op
WorkloadPilot    9: 4096 op, 11497.00 ns, 2.8069 ns/op
WorkloadPilot   10: 8192 op, 22663.00 ns, 2.7665 ns/op
WorkloadPilot   11: 16384 op, 44946.00 ns, 2.7433 ns/op
WorkloadPilot   12: 32768 op, 96032.00 ns, 2.9307 ns/op
WorkloadPilot   13: 65536 op, 184642.00 ns, 2.8174 ns/op
WorkloadPilot   14: 131072 op, 357747.00 ns, 2.7294 ns/op
WorkloadPilot   15: 262144 op, 733921.00 ns, 2.7997 ns/op
WorkloadPilot   16: 524288 op, 1453070.00 ns, 2.7715 ns/op
WorkloadPilot   17: 1048576 op, 2908114.00 ns, 2.7734 ns/op
WorkloadPilot   18: 2097152 op, 5788267.00 ns, 2.7601 ns/op
WorkloadPilot   19: 4194304 op, 11519038.00 ns, 2.7464 ns/op
WorkloadPilot   20: 8388608 op, 23044555.00 ns, 2.7471 ns/op
WorkloadPilot   21: 16777216 op, 58828466.00 ns, 3.5064 ns/op
WorkloadPilot   22: 33554432 op, 49554967.00 ns, 1.4769 ns/op
WorkloadPilot   23: 67108864 op, 99045689.00 ns, 1.4759 ns/op
WorkloadPilot   24: 134217728 op, 199261681.00 ns, 1.4846 ns/op
WorkloadPilot   25: 268435456 op, 400013186.00 ns, 1.4902 ns/op
WorkloadPilot   26: 536870912 op, 787957237.00 ns, 1.4677 ns/op

OverheadWarmup   1: 536870912 op, 1328754001.00 ns, 2.4750 ns/op
OverheadWarmup   2: 536870912 op, 799047814.00 ns, 1.4883 ns/op
OverheadWarmup   3: 536870912 op, 801303794.00 ns, 1.4925 ns/op
OverheadWarmup   4: 536870912 op, 799747986.00 ns, 1.4896 ns/op
OverheadWarmup   5: 536870912 op, 798945153.00 ns, 1.4882 ns/op
OverheadWarmup   6: 536870912 op, 799088824.00 ns, 1.4884 ns/op
OverheadWarmup   7: 536870912 op, 797351113.00 ns, 1.4852 ns/op

OverheadActual   1: 536870912 op, 797276814.00 ns, 1.4850 ns/op
OverheadActual   2: 536870912 op, 796510354.00 ns, 1.4836 ns/op
OverheadActual   3: 536870912 op, 796584913.00 ns, 1.4838 ns/op
OverheadActual   4: 536870912 op, 796474925.00 ns, 1.4836 ns/op
OverheadActual   5: 536870912 op, 796536565.00 ns, 1.4837 ns/op
OverheadActual   6: 536870912 op, 796547912.00 ns, 1.4837 ns/op
OverheadActual   7: 536870912 op, 796622812.00 ns, 1.4838 ns/op
OverheadActual   8: 536870912 op, 797853815.00 ns, 1.4861 ns/op
OverheadActual   9: 536870912 op, 796718433.00 ns, 1.4840 ns/op
OverheadActual  10: 536870912 op, 796458200.00 ns, 1.4835 ns/op
OverheadActual  11: 536870912 op, 795997812.00 ns, 1.4827 ns/op
OverheadActual  12: 536870912 op, 796205928.00 ns, 1.4830 ns/op
OverheadActual  13: 536870912 op, 796645297.00 ns, 1.4839 ns/op
OverheadActual  14: 536870912 op, 796420600.00 ns, 1.4834 ns/op
OverheadActual  15: 536870912 op, 797177425.00 ns, 1.4849 ns/op

WorkloadWarmup   1: 536870912 op, 795108417.00 ns, 1.4810 ns/op
WorkloadWarmup   2: 536870912 op, 800293777.00 ns, 1.4907 ns/op
WorkloadWarmup   3: 536870912 op, 787722455.00 ns, 1.4672 ns/op
WorkloadWarmup   4: 536870912 op, 787542629.00 ns, 1.4669 ns/op
WorkloadWarmup   5: 536870912 op, 787565553.00 ns, 1.4670 ns/op
WorkloadWarmup   6: 536870912 op, 800098478.00 ns, 1.4903 ns/op
WorkloadWarmup   7: 536870912 op, 796223049.00 ns, 1.4831 ns/op

// BeforeActualRun
WorkloadActual   1: 536870912 op, 789371206.00 ns, 1.4703 ns/op
WorkloadActual   2: 536870912 op, 787478778.00 ns, 1.4668 ns/op
WorkloadActual   3: 536870912 op, 796754149.00 ns, 1.4841 ns/op
WorkloadActual   4: 536870912 op, 801835059.00 ns, 1.4935 ns/op
WorkloadActual   5: 536870912 op, 787700685.00 ns, 1.4672 ns/op
WorkloadActual   6: 536870912 op, 787882133.00 ns, 1.4675 ns/op
WorkloadActual   7: 536870912 op, 787308958.00 ns, 1.4665 ns/op
WorkloadActual   8: 536870912 op, 787500580.00 ns, 1.4668 ns/op
WorkloadActual   9: 536870912 op, 796493385.00 ns, 1.4836 ns/op
WorkloadActual  10: 536870912 op, 796158822.00 ns, 1.4830 ns/op
WorkloadActual  11: 536870912 op, 797213923.00 ns, 1.4849 ns/op
WorkloadActual  12: 536870912 op, 796258829.00 ns, 1.4831 ns/op
WorkloadActual  13: 536870912 op, 796654552.00 ns, 1.4839 ns/op
WorkloadActual  14: 536870912 op, 801149866.00 ns, 1.4923 ns/op
WorkloadActual  15: 536870912 op, 799032777.00 ns, 1.4883 ns/op

// AfterActualRun
WorkloadResult   1: 536870912 op, 0.00 ns, 0.0000 ns/op
WorkloadResult   2: 536870912 op, 0.00 ns, 0.0000 ns/op
WorkloadResult   3: 536870912 op, 206237.00 ns, 0.0004 ns/op
WorkloadResult   4: 536870912 op, 5287147.00 ns, 0.0098 ns/op
WorkloadResult   5: 536870912 op, 0.00 ns, 0.0000 ns/op
WorkloadResult   6: 536870912 op, 0.00 ns, 0.0000 ns/op
WorkloadResult   7: 536870912 op, 0.00 ns, 0.0000 ns/op
WorkloadResult   8: 536870912 op, 0.00 ns, 0.0000 ns/op
WorkloadResult   9: 536870912 op, 0.00 ns, 0.0000 ns/op
WorkloadResult  10: 536870912 op, 0.00 ns, 0.0000 ns/op
WorkloadResult  11: 536870912 op, 666011.00 ns, 0.0012 ns/op
WorkloadResult  12: 536870912 op, 0.00 ns, 0.0000 ns/op
WorkloadResult  13: 536870912 op, 106640.00 ns, 0.0002 ns/op
WorkloadResult  14: 536870912 op, 4601954.00 ns, 0.0086 ns/op
WorkloadResult  15: 536870912 op, 2484865.00 ns, 0.0046 ns/op
// GC:  0 0 0 0 536870912
// Threading:  0 0 536870912

// AfterAll
// Benchmark Process 4206 has exited with code 0.

Mean = 0.002 ns, StdErr = 0.001 ns (51.37%), N = 15, StdDev = 0.003 ns
Min = 0.000 ns, Q1 = 0.000 ns, Median = 0.000 ns, Q3 = 0.001 ns, Max = 0.010 ns
IQR = 0.001 ns, LowerFence = -0.001 ns, UpperFence = 0.002 ns
ConfidenceInterval = [-0.002 ns; 0.005 ns] (CI 99.9%), Margin = 0.004 ns (212.70% of Mean)
Skewness = 1.6, Kurtosis = 3.9, MValue = 2.18

// ** Remained 53 (98.1 %) benchmark(s) to run. Estimated finish 2026-09-06 7:29 (0h 33m from now) **
// **************************
// Benchmark: ConcurrencyBenchmarks.CheckerCheckVersion: .NET 10.0(Runtime=.NET 10.0, Toolchain=net10.0)
// *** Execute ***
// Launch: 1 / 1
// Execute: dotnet "EricksonLopez.Concurrency.Benchmarks-.NET 10.0-1.dll" --anonymousPipes 115 116 --benchmarkName EricksonLopez.Concurrency.Benchmarks.ConcurrencyBenchmarks.CheckerCheckVersion --job ".NET 10.0" --benchmarkId 1 in /home/runner/work/dotnet-concurrency/dotnet-concurrency/benchmarks/EricksonLopez.Concurrency.Benchmarks/bin/Release/net10.0/EricksonLopez.Concurrency.Benchmarks-.NET 10.0-1/bin/Release/net10.0
// Failed to set up high priority (Permission denied). In order to run benchmarks with high priority, make sure you have the right permissions.
// BeforeAnythingElse

// Benchmark Process Environment Information:
// BenchmarkDotNet v0.15.8
// Runtime=.NET 10.0.11 (10.0.11, 10.0.1126.37416), X64 RyuJIT x86-64-v4
// GC=Concurrent Workstation
// HardwareIntrinsics=AVX512 BITALG+VBMI2+VNNI+VPOPCNTDQ,AVX512 IFMA+VBMI,AVX512 F+BW+CD+DQ+VL,AVX2+BMI1+BMI2+F16C+FMA+LZCNT+MOVBE,AVX,SSE3+SSSE3+SSE4.1+SSE4.2+POPCNT,X86Base+SSE+SSE2,AES+PCLMUL VectorSize=256
// Job: .NET 10.0

OverheadJitting  1: 1 op, 179915.00 ns, 179.9150 us/op
WorkloadJitting  1: 1 op, 657308.00 ns, 657.3080 us/op

OverheadJitting  2: 16 op, 279112.00 ns, 17.4445 us/op
WorkloadJitting  2: 16 op, 274144.00 ns, 17.1340 us/op

WorkloadPilot    1: 16 op, 1202.00 ns, 75.1250 ns/op
WorkloadPilot    2: 32 op, 1442.00 ns, 45.0625 ns/op
WorkloadPilot    3: 64 op, 1853.00 ns, 28.9531 ns/op
WorkloadPilot    4: 128 op, 2183.00 ns, 17.0547 ns/op
WorkloadPilot    5: 256 op, 3765.00 ns, 14.7070 ns/op
WorkloadPilot    6: 512 op, 7050.00 ns, 13.7695 ns/op
WorkloadPilot    7: 1024 op, 13360.00 ns, 13.0469 ns/op
WorkloadPilot    8: 2048 op, 26339.00 ns, 12.8608 ns/op
WorkloadPilot    9: 4096 op, 52036.00 ns, 12.7041 ns/op
WorkloadPilot   10: 8192 op, 103563.00 ns, 12.6420 ns/op
WorkloadPilot   11: 16384 op, 206484.00 ns, 12.6028 ns/op
WorkloadPilot   12: 32768 op, 415112.00 ns, 12.6682 ns/op
WorkloadPilot   13: 65536 op, 842331.00 ns, 12.8530 ns/op
WorkloadPilot   14: 131072 op, 1666275.00 ns, 12.7127 ns/op
WorkloadPilot   15: 262144 op, 3348483.00 ns, 12.7734 ns/op
WorkloadPilot   16: 524288 op, 6651219.00 ns, 12.6862 ns/op
WorkloadPilot   17: 1048576 op, 13275378.00 ns, 12.6604 ns/op
WorkloadPilot   18: 2097152 op, 26705785.00 ns, 12.7343 ns/op
WorkloadPilot   19: 4194304 op, 53318302.00 ns, 12.7121 ns/op
WorkloadPilot   20: 8388608 op, 14883988.00 ns, 1.7743 ns/op
WorkloadPilot   21: 16777216 op, 29672536.00 ns, 1.7686 ns/op
WorkloadPilot   22: 33554432 op, 58986894.00 ns, 1.7579 ns/op
WorkloadPilot   23: 67108864 op, 118202795.00 ns, 1.7614 ns/op
WorkloadPilot   24: 134217728 op, 236003578.00 ns, 1.7584 ns/op
WorkloadPilot   25: 268435456 op, 475179551.00 ns, 1.7702 ns/op
WorkloadPilot   26: 536870912 op, 943139615.00 ns, 1.7567 ns/op

OverheadWarmup   1: 536870912 op, 1330984708.00 ns, 2.4792 ns/op
OverheadWarmup   2: 536870912 op, 796077966.00 ns, 1.4828 ns/op
OverheadWarmup   3: 536870912 op, 796410596.00 ns, 1.4834 ns/op
OverheadWarmup   4: 536870912 op, 796494430.00 ns, 1.4836 ns/op
OverheadWarmup   5: 536870912 op, 796145523.00 ns, 1.4829 ns/op
OverheadWarmup   6: 536870912 op, 796630012.00 ns, 1.4838 ns/op
OverheadWarmup   7: 536870912 op, 795946198.00 ns, 1.4826 ns/op

OverheadActual   1: 536870912 op, 796931379.00 ns, 1.4844 ns/op
OverheadActual   2: 536870912 op, 796397783.00 ns, 1.4834 ns/op
OverheadActual   3: 536870912 op, 796370313.00 ns, 1.4834 ns/op
OverheadActual   4: 536870912 op, 796315763.00 ns, 1.4833 ns/op
OverheadActual   5: 536870912 op, 796051055.00 ns, 1.4828 ns/op
OverheadActual   6: 536870912 op, 803590022.00 ns, 1.4968 ns/op
OverheadActual   7: 536870912 op, 796160285.00 ns, 1.4830 ns/op
OverheadActual   8: 536870912 op, 796880699.00 ns, 1.4843 ns/op
OverheadActual   9: 536870912 op, 799203024.00 ns, 1.4886 ns/op
OverheadActual  10: 536870912 op, 796420235.00 ns, 1.4834 ns/op
OverheadActual  11: 536870912 op, 798797788.00 ns, 1.4879 ns/op
OverheadActual  12: 536870912 op, 797031005.00 ns, 1.4846 ns/op
OverheadActual  13: 536870912 op, 797562638.00 ns, 1.4856 ns/op
OverheadActual  14: 536870912 op, 796440794.00 ns, 1.4835 ns/op
OverheadActual  15: 536870912 op, 799535500.00 ns, 1.4893 ns/op

WorkloadWarmup   1: 536870912 op, 943216364.00 ns, 1.7569 ns/op
WorkloadWarmup   2: 536870912 op, 943221726.00 ns, 1.7569 ns/op
WorkloadWarmup   3: 536870912 op, 943746955.00 ns, 1.7579 ns/op
WorkloadWarmup   4: 536870912 op, 943185167.00 ns, 1.7568 ns/op
WorkloadWarmup   5: 536870912 op, 943257083.00 ns, 1.7570 ns/op
WorkloadWarmup   6: 536870912 op, 943841335.00 ns, 1.7580 ns/op
WorkloadWarmup   7: 536870912 op, 943171087.00 ns, 1.7568 ns/op

// BeforeActualRun
WorkloadActual   1: 536870912 op, 944307611.00 ns, 1.7589 ns/op
WorkloadActual   2: 536870912 op, 943090554.00 ns, 1.7566 ns/op
WorkloadActual   3: 536870912 op, 943570561.00 ns, 1.7575 ns/op
WorkloadActual   4: 536870912 op, 944377551.00 ns, 1.7590 ns/op
WorkloadActual   5: 536870912 op, 959675253.00 ns, 1.7875 ns/op
WorkloadActual   6: 536870912 op, 943290248.00 ns, 1.7570 ns/op
WorkloadActual   7: 536870912 op, 943982409.00 ns, 1.7583 ns/op
WorkloadActual   8: 536870912 op, 949155916.00 ns, 1.7679 ns/op
WorkloadActual   9: 536870912 op, 945812246.00 ns, 1.7617 ns/op
WorkloadActual  10: 536870912 op, 944331184.00 ns, 1.7590 ns/op
WorkloadActual  11: 536870912 op, 943313481.00 ns, 1.7571 ns/op
WorkloadActual  12: 536870912 op, 945807157.00 ns, 1.7617 ns/op
WorkloadActual  13: 536870912 op, 943751557.00 ns, 1.7579 ns/op
WorkloadActual  14: 536870912 op, 943096592.00 ns, 1.7567 ns/op
WorkloadActual  15: 536870912 op, 943280062.00 ns, 1.7570 ns/op

// AfterActualRun
WorkloadResult   1: 536870912 op, 147426912.00 ns, 0.2746 ns/op
WorkloadResult   2: 536870912 op, 146209855.00 ns, 0.2723 ns/op
WorkloadResult   3: 536870912 op, 146689862.00 ns, 0.2732 ns/op
WorkloadResult   4: 536870912 op, 147496852.00 ns, 0.2747 ns/op
WorkloadResult   5: 536870912 op, 146409549.00 ns, 0.2727 ns/op
WorkloadResult   6: 536870912 op, 147101710.00 ns, 0.2740 ns/op
WorkloadResult   7: 536870912 op, 148931547.00 ns, 0.2774 ns/op
WorkloadResult   8: 536870912 op, 147450485.00 ns, 0.2746 ns/op
WorkloadResult   9: 536870912 op, 146432782.00 ns, 0.2728 ns/op
WorkloadResult  10: 536870912 op, 148926458.00 ns, 0.2774 ns/op
WorkloadResult  11: 536870912 op, 146870858.00 ns, 0.2736 ns/op
WorkloadResult  12: 536870912 op, 146215893.00 ns, 0.2723 ns/op
WorkloadResult  13: 536870912 op, 146399363.00 ns, 0.2727 ns/op
// GC:  0 0 0 0 536870912
// Threading:  0 0 536870912

// AfterAll
// Benchmark Process 4231 has exited with code 0.

Mean = 0.274 ns, StdErr = 0.000 ns (0.17%), N = 13, StdDev = 0.002 ns
Min = 0.272 ns, Q1 = 0.273 ns, Median = 0.274 ns, Q3 = 0.275 ns, Max = 0.277 ns
IQR = 0.002 ns, LowerFence = 0.270 ns, UpperFence = 0.278 ns
ConfidenceInterval = [0.272 ns; 0.276 ns] (CI 99.9%), Margin = 0.002 ns (0.75% of Mean)
Skewness = 0.9, Kurtosis = 2.47, MValue = 2

// ** Remained 52 (96.3 %) benchmark(s) to run. Estimated finish 2026-09-06 7:31 (0h 34m from now) **
// **************************
// Benchmark: ConcurrencyBenchmarks.CheckerCheckToken: .NET 10.0(Runtime=.NET 10.0, Toolchain=net10.0)
// *** Execute ***
// Launch: 1 / 1
// Execute: dotnet "EricksonLopez.Concurrency.Benchmarks-.NET 10.0-1.dll" --anonymousPipes 115 116 --benchmarkName EricksonLopez.Concurrency.Benchmarks.ConcurrencyBenchmarks.CheckerCheckToken --job ".NET 10.0" --benchmarkId 2 in /home/runner/work/dotnet-concurrency/dotnet-concurrency/benchmarks/EricksonLopez.Concurrency.Benchmarks/bin/Release/net10.0/EricksonLopez.Concurrency.Benchmarks-.NET 10.0-1/bin/Release/net10.0
// Failed to set up high priority (Permission denied). In order to run benchmarks with high priority, make sure you have the right permissions.
// BeforeAnythingElse

// Benchmark Process Environment Information:
// BenchmarkDotNet v0.15.8
// Runtime=.NET 10.0.11 (10.0.11, 10.0.1126.37416), X64 RyuJIT x86-64-v4
// GC=Concurrent Workstation
// HardwareIntrinsics=AVX512 BITALG+VBMI2+VNNI+VPOPCNTDQ,AVX512 IFMA+VBMI,AVX512 F+BW+CD+DQ+VL,AVX2+BMI1+BMI2+F16C+FMA+LZCNT+MOVBE,AVX,SSE3+SSSE3+SSE4.1+SSE4.2+POPCNT,X86Base+SSE+SSE2,AES+PCLMUL VectorSize=256
// Job: .NET 10.0

OverheadJitting  1: 1 op, 196690.00 ns, 196.6900 us/op
WorkloadJitting  1: 1 op, 639603.00 ns, 639.6030 us/op

OverheadJitting  2: 16 op, 278631.00 ns, 17.4144 us/op
WorkloadJitting  2: 16 op, 324419.00 ns, 20.2762 us/op

WorkloadPilot    1: 16 op, 10816.00 ns, 676.0000 ns/op
WorkloadPilot    2: 32 op, 4086.00 ns, 127.6875 ns/op
WorkloadPilot    3: 64 op, 18317.00 ns, 286.2031 ns/op
WorkloadPilot    4: 128 op, 20170.00 ns, 157.5781 ns/op
WorkloadPilot    5: 256 op, 32438.00 ns, 126.7109 ns/op
WorkloadPilot    6: 512 op, 35863.00 ns, 70.0449 ns/op
WorkloadPilot    7: 1024 op, 81590.00 ns, 79.6777 ns/op
WorkloadPilot    8: 2048 op, 159595.00 ns, 77.9272 ns/op
WorkloadPilot    9: 4096 op, 298149.00 ns, 72.7903 ns/op
WorkloadPilot   10: 8192 op, 508420.00 ns, 62.0630 ns/op
WorkloadPilot   11: 16384 op, 1033103.00 ns, 63.0556 ns/op
WorkloadPilot   12: 32768 op, 2155006.00 ns, 65.7656 ns/op
WorkloadPilot   13: 65536 op, 4156267.00 ns, 63.4196 ns/op
WorkloadPilot   14: 131072 op, 8637813.00 ns, 65.9013 ns/op
WorkloadPilot   15: 262144 op, 16758684.00 ns, 63.9293 ns/op
WorkloadPilot   16: 524288 op, 22811067.00 ns, 43.5087 ns/op
WorkloadPilot   17: 1048576 op, 43780419.00 ns, 41.7523 ns/op
WorkloadPilot   18: 2097152 op, 47894263.00 ns, 22.8378 ns/op
WorkloadPilot   19: 4194304 op, 83220239.00 ns, 19.8413 ns/op
WorkloadPilot   20: 8388608 op, 159911483.00 ns, 19.0629 ns/op
WorkloadPilot   21: 16777216 op, 332697124.00 ns, 19.8303 ns/op
WorkloadPilot   22: 33554432 op, 674469587.00 ns, 20.1008 ns/op

OverheadWarmup   1: 33554432 op, 67524290.00 ns, 2.0124 ns/op
OverheadWarmup   2: 33554432 op, 67571620.00 ns, 2.0138 ns/op
OverheadWarmup   3: 33554432 op, 69268092.00 ns, 2.0644 ns/op
OverheadWarmup   4: 33554432 op, 50543479.00 ns, 1.5063 ns/op
OverheadWarmup   5: 33554432 op, 49206748.00 ns, 1.4665 ns/op
OverheadWarmup   6: 33554432 op, 49178216.00 ns, 1.4656 ns/op
OverheadWarmup   7: 33554432 op, 49213638.00 ns, 1.4667 ns/op
OverheadWarmup   8: 33554432 op, 49176302.00 ns, 1.4656 ns/op

OverheadActual   1: 33554432 op, 49194330.00 ns, 1.4661 ns/op
OverheadActual   2: 33554432 op, 49231905.00 ns, 1.4672 ns/op
OverheadActual   3: 33554432 op, 49182061.00 ns, 1.4657 ns/op
OverheadActual   4: 33554432 op, 49304411.00 ns, 1.4694 ns/op
OverheadActual   5: 33554432 op, 49207378.00 ns, 1.4665 ns/op
OverheadActual   6: 33554432 op, 49177494.00 ns, 1.4656 ns/op
OverheadActual   7: 33554432 op, 49289820.00 ns, 1.4690 ns/op
OverheadActual   8: 33554432 op, 50788320.00 ns, 1.5136 ns/op
OverheadActual   9: 33554432 op, 50947385.00 ns, 1.5184 ns/op
OverheadActual  10: 33554432 op, 49173338.00 ns, 1.4655 ns/op
OverheadActual  11: 33554432 op, 49178186.00 ns, 1.4656 ns/op
OverheadActual  12: 33554432 op, 49253466.00 ns, 1.4679 ns/op
OverheadActual  13: 33554432 op, 49172197.00 ns, 1.4654 ns/op
OverheadActual  14: 33554432 op, 49266786.00 ns, 1.4683 ns/op
OverheadActual  15: 33554432 op, 49222201.00 ns, 1.4669 ns/op

WorkloadWarmup   1: 33554432 op, 674446351.00 ns, 20.1001 ns/op
WorkloadWarmup   2: 33554432 op, 667134930.00 ns, 19.8822 ns/op
WorkloadWarmup   3: 33554432 op, 642425565.00 ns, 19.1458 ns/op
WorkloadWarmup   4: 33554432 op, 637380366.00 ns, 18.9954 ns/op
WorkloadWarmup   5: 33554432 op, 634500149.00 ns, 18.9096 ns/op
WorkloadWarmup   6: 33554432 op, 680520779.00 ns, 20.2811 ns/op
WorkloadWarmup   7: 33554432 op, 654531666.00 ns, 19.5066 ns/op
WorkloadWarmup   8: 33554432 op, 643409652.00 ns, 19.1751 ns/op
WorkloadWarmup   9: 33554432 op, 654693665.00 ns, 19.5114 ns/op
WorkloadWarmup  10: 33554432 op, 667703709.00 ns, 19.8991 ns/op
WorkloadWarmup  11: 33554432 op, 654448081.00 ns, 19.5041 ns/op

// BeforeActualRun
WorkloadActual   1: 33554432 op, 646075205.00 ns, 19.2545 ns/op
WorkloadActual   2: 33554432 op, 674372355.00 ns, 20.0979 ns/op
WorkloadActual   3: 33554432 op, 672547425.00 ns, 20.0435 ns/op
WorkloadActual   4: 33554432 op, 645281605.00 ns, 19.2309 ns/op
WorkloadActual   5: 33554432 op, 665747827.00 ns, 19.8408 ns/op
WorkloadActual   6: 33554432 op, 663365954.00 ns, 19.7698 ns/op
WorkloadActual   7: 33554432 op, 635692283.00 ns, 18.9451 ns/op
WorkloadActual   8: 33554432 op, 661362390.00 ns, 19.7101 ns/op
WorkloadActual   9: 33554432 op, 662075782.00 ns, 19.7314 ns/op
WorkloadActual  10: 33554432 op, 699317563.00 ns, 20.8413 ns/op
WorkloadActual  11: 33554432 op, 665350981.00 ns, 19.8290 ns/op
WorkloadActual  12: 33554432 op, 670738383.00 ns, 19.9896 ns/op
WorkloadActual  13: 33554432 op, 671383113.00 ns, 20.0088 ns/op
WorkloadActual  14: 33554432 op, 666451002.00 ns, 19.8618 ns/op
WorkloadActual  15: 33554432 op, 650242135.00 ns, 19.3787 ns/op
WorkloadActual  16: 33554432 op, 657636967.00 ns, 19.5991 ns/op

// AfterActualRun
WorkloadResult   1: 33554432 op, 596853004.00 ns, 17.7876 ns/op
WorkloadResult   2: 33554432 op, 625150154.00 ns, 18.6309 ns/op
WorkloadResult   3: 33554432 op, 623325224.00 ns, 18.5765 ns/op
WorkloadResult   4: 33554432 op, 596059404.00 ns, 17.7640 ns/op
WorkloadResult   5: 33554432 op, 616525626.00 ns, 18.3739 ns/op
WorkloadResult   6: 33554432 op, 614143753.00 ns, 18.3029 ns/op
WorkloadResult   7: 33554432 op, 586470082.00 ns, 17.4782 ns/op
WorkloadResult   8: 33554432 op, 612140189.00 ns, 18.2432 ns/op
WorkloadResult   9: 33554432 op, 612853581.00 ns, 18.2645 ns/op
WorkloadResult  10: 33554432 op, 616128780.00 ns, 18.3621 ns/op
WorkloadResult  11: 33554432 op, 621516182.00 ns, 18.5226 ns/op
WorkloadResult  12: 33554432 op, 622160912.00 ns, 18.5418 ns/op
WorkloadResult  13: 33554432 op, 617228801.00 ns, 18.3949 ns/op
WorkloadResult  14: 33554432 op, 601019934.00 ns, 17.9118 ns/op
WorkloadResult  15: 33554432 op, 608414766.00 ns, 18.1322 ns/op
// GC:  128 0 0 2147483648 33554432
// Threading:  0 0 33554432

// AfterAll
// Benchmark Process 4260 has exited with code 0.

Mean = 18.219 ns, StdErr = 0.088 ns (0.48%), N = 15, StdDev = 0.340 ns
Min = 17.478 ns, Q1 = 18.022 ns, Median = 18.303 ns, Q3 = 18.459 ns, Max = 18.631 ns
IQR = 0.437 ns, LowerFence = 17.367 ns, UpperFence = 19.114 ns
ConfidenceInterval = [17.855 ns; 18.583 ns] (CI 99.9%), Margin = 0.364 ns (2.00% of Mean)
Skewness = -0.71, Kurtosis = 2.25, MValue = 2

// ** Remained 51 (94.4 %) benchmark(s) to run. Estimated finish 2026-09-06 7:25 (0h 28m from now) **
// **************************
// Benchmark: ConcurrencyBenchmarks.ControllerExecuteCasAsync: .NET 10.0(Runtime=.NET 10.0, Toolchain=net10.0)
// *** Execute ***
// Launch: 1 / 1
// Execute: dotnet "EricksonLopez.Concurrency.Benchmarks-.NET 10.0-1.dll" --anonymousPipes 115 116 --benchmarkName EricksonLopez.Concurrency.Benchmarks.ConcurrencyBenchmarks.ControllerExecuteCasAsync --job ".NET 10.0" --benchmarkId 3 in /home/runner/work/dotnet-concurrency/dotnet-concurrency/benchmarks/EricksonLopez.Concurrency.Benchmarks/bin/Release/net10.0/EricksonLopez.Concurrency.Benchmarks-.NET 10.0-1/bin/Release/net10.0
// Failed to set up high priority (Permission denied). In order to run benchmarks with high priority, make sure you have the right permissions.
// BeforeAnythingElse

// Benchmark Process Environment Information:
// BenchmarkDotNet v0.15.8
// Runtime=.NET 10.0.11 (10.0.11, 10.0.1126.37416), X64 RyuJIT x86-64-v4
// GC=Concurrent Workstation
// HardwareIntrinsics=AVX512 BITALG+VBMI2+VNNI+VPOPCNTDQ,AVX512 IFMA+VBMI,AVX512 F+BW+CD+DQ+VL,AVX2+BMI1+BMI2+F16C+FMA+LZCNT+MOVBE,AVX,SSE3+SSSE3+SSE4.1+SSE4.2+POPCNT,X86Base+SSE+SSE2,AES+PCLMUL VectorSize=256
// Job: .NET 10.0

OverheadJitting  1: 1 op, 169009.00 ns, 169.0090 us/op
WorkloadJitting  1: 1 op, 7211232.00 ns, 7.2112 ms/op

OverheadJitting  2: 16 op, 181588.00 ns, 11.3493 us/op
WorkloadJitting  2: 16 op, 267294.00 ns, 16.7059 us/op

WorkloadPilot    1: 16 op, 15523.00 ns, 970.1875 ns/op
WorkloadPilot    2: 32 op, 22153.00 ns, 692.2813 ns/op
WorkloadPilot    3: 64 op, 37486.00 ns, 585.7188 ns/op
WorkloadPilot    4: 128 op, 89192.00 ns, 696.8125 ns/op
WorkloadPilot    5: 256 op, 112346.00 ns, 438.8516 ns/op
WorkloadPilot    6: 512 op, 222839.00 ns, 435.2324 ns/op
WorkloadPilot    7: 1024 op, 485086.00 ns, 473.7168 ns/op
WorkloadPilot    8: 2048 op, 876172.00 ns, 427.8184 ns/op
WorkloadPilot    9: 4096 op, 1768076.00 ns, 431.6592 ns/op
WorkloadPilot   10: 8192 op, 3509474.00 ns, 428.4026 ns/op
WorkloadPilot   11: 16384 op, 6927123.00 ns, 422.7980 ns/op
WorkloadPilot   12: 32768 op, 13983056.00 ns, 426.7290 ns/op
WorkloadPilot   13: 65536 op, 27448999.00 ns, 418.8385 ns/op
WorkloadPilot   14: 131072 op, 62883911.00 ns, 479.7662 ns/op
WorkloadPilot   15: 262144 op, 51031376.00 ns, 194.6693 ns/op
WorkloadPilot   16: 524288 op, 83438755.00 ns, 159.1468 ns/op
WorkloadPilot   17: 1048576 op, 166308742.00 ns, 158.6044 ns/op
WorkloadPilot   18: 2097152 op, 332973720.00 ns, 158.7742 ns/op
WorkloadPilot   19: 4194304 op, 666128216.00 ns, 158.8173 ns/op

OverheadWarmup   1: 4194304 op, 9493326.00 ns, 2.2634 ns/op
OverheadWarmup   2: 4194304 op, 9456041.00 ns, 2.2545 ns/op
OverheadWarmup   3: 4194304 op, 9449401.00 ns, 2.2529 ns/op
OverheadWarmup   4: 4194304 op, 9450162.00 ns, 2.2531 ns/op
OverheadWarmup   5: 4194304 op, 9763274.00 ns, 2.3277 ns/op
OverheadWarmup   6: 4194304 op, 9450142.00 ns, 2.2531 ns/op
OverheadWarmup   7: 4194304 op, 9463582.00 ns, 2.2563 ns/op
OverheadWarmup   8: 4194304 op, 9544622.00 ns, 2.2756 ns/op
OverheadWarmup   9: 4194304 op, 9465105.00 ns, 2.2567 ns/op

OverheadActual   1: 4194304 op, 9597931.00 ns, 2.2883 ns/op
OverheadActual   2: 4194304 op, 9495089.00 ns, 2.2638 ns/op
OverheadActual   3: 4194304 op, 9463572.00 ns, 2.2563 ns/op
OverheadActual   4: 4194304 op, 9509259.00 ns, 2.2672 ns/op
OverheadActual   5: 4194304 op, 9483451.00 ns, 2.2610 ns/op
OverheadActual   6: 4194304 op, 9452105.00 ns, 2.2536 ns/op
OverheadActual   7: 4194304 op, 9489090.00 ns, 2.2624 ns/op
OverheadActual   8: 4194304 op, 9506616.00 ns, 2.2666 ns/op
OverheadActual   9: 4194304 op, 9443963.00 ns, 2.2516 ns/op
OverheadActual  10: 4194304 op, 9453518.00 ns, 2.2539 ns/op
OverheadActual  11: 4194304 op, 9444524.00 ns, 2.2517 ns/op
OverheadActual  12: 4194304 op, 9440569.00 ns, 2.2508 ns/op
OverheadActual  13: 4194304 op, 9448911.00 ns, 2.2528 ns/op
OverheadActual  14: 4194304 op, 9460788.00 ns, 2.2556 ns/op
OverheadActual  15: 4194304 op, 9458635.00 ns, 2.2551 ns/op

WorkloadWarmup   1: 4194304 op, 666064292.00 ns, 158.8021 ns/op
WorkloadWarmup   2: 4194304 op, 667758299.00 ns, 159.2060 ns/op
WorkloadWarmup   3: 4194304 op, 666149538.00 ns, 158.8224 ns/op
WorkloadWarmup   4: 4194304 op, 666483029.00 ns, 158.9019 ns/op
WorkloadWarmup   5: 4194304 op, 666151282.00 ns, 158.8228 ns/op
WorkloadWarmup   6: 4194304 op, 665189216.00 ns, 158.5935 ns/op

// BeforeActualRun
WorkloadActual   1: 4194304 op, 665863083.00 ns, 158.7541 ns/op
WorkloadActual   2: 4194304 op, 665036614.00 ns, 158.5571 ns/op
WorkloadActual   3: 4194304 op, 666570977.00 ns, 158.9229 ns/op
WorkloadActual   4: 4194304 op, 665755795.00 ns, 158.7286 ns/op
WorkloadActual   5: 4194304 op, 666577677.00 ns, 158.9245 ns/op
WorkloadActual   6: 4194304 op, 665937723.00 ns, 158.7719 ns/op
WorkloadActual   7: 4194304 op, 665804387.00 ns, 158.7401 ns/op
WorkloadActual   8: 4194304 op, 666167422.00 ns, 158.8267 ns/op
WorkloadActual   9: 4194304 op, 665758980.00 ns, 158.7293 ns/op
WorkloadActual  10: 4194304 op, 666459072.00 ns, 158.8962 ns/op
WorkloadActual  11: 4194304 op, 666006268.00 ns, 158.7883 ns/op
WorkloadActual  12: 4194304 op, 666108030.00 ns, 158.8125 ns/op
WorkloadActual  13: 4194304 op, 666143361.00 ns, 158.8210 ns/op
WorkloadActual  14: 4194304 op, 666143472.00 ns, 158.8210 ns/op
WorkloadActual  15: 4194304 op, 664954990.00 ns, 158.5376 ns/op

// AfterActualRun
WorkloadResult   1: 4194304 op, 656402295.00 ns, 156.4985 ns/op
WorkloadResult   2: 4194304 op, 655575826.00 ns, 156.3015 ns/op
WorkloadResult   3: 4194304 op, 657110189.00 ns, 156.6673 ns/op
WorkloadResult   4: 4194304 op, 656295007.00 ns, 156.4729 ns/op
WorkloadResult   5: 4194304 op, 657116889.00 ns, 156.6689 ns/op
WorkloadResult   6: 4194304 op, 656476935.00 ns, 156.5163 ns/op
WorkloadResult   7: 4194304 op, 656343599.00 ns, 156.4845 ns/op
WorkloadResult   8: 4194304 op, 656706634.00 ns, 156.5711 ns/op
WorkloadResult   9: 4194304 op, 656298192.00 ns, 156.4737 ns/op
WorkloadResult  10: 4194304 op, 656998284.00 ns, 156.6406 ns/op
WorkloadResult  11: 4194304 op, 656545480.00 ns, 156.5326 ns/op
WorkloadResult  12: 4194304 op, 656647242.00 ns, 156.5569 ns/op
WorkloadResult  13: 4194304 op, 656682573.00 ns, 156.5653 ns/op
WorkloadResult  14: 4194304 op, 656682684.00 ns, 156.5654 ns/op
WorkloadResult  15: 4194304 op, 655494202.00 ns, 156.2820 ns/op
// GC:  0 0 0 216 4194304
// Threading:  0 0 4194304

// AfterAll
// Benchmark Process 4277 has exited with code 0.

Mean = 156.520 ns, StdErr = 0.029 ns (0.02%), N = 15, StdDev = 0.112 ns
Min = 156.282 ns, Q1 = 156.479 ns, Median = 156.533 ns, Q3 = 156.568 ns, Max = 156.669 ns
IQR = 0.089 ns, LowerFence = 156.345 ns, UpperFence = 156.702 ns
ConfidenceInterval = [156.400 ns; 156.640 ns] (CI 99.9%), Margin = 0.120 ns (0.08% of Mean)
Skewness = -0.72, Kurtosis = 2.78, MValue = 2

// ** Remained 50 (92.6 %) benchmark(s) to run. Estimated finish 2026-09-06 7:21 (0h 24m from now) **
// **************************
// Benchmark: ConcurrencyBenchmarks.ResultConversion: .NET 10.0(Runtime=.NET 10.0, Toolchain=net10.0)
// *** Execute ***
// Launch: 1 / 1
// Execute: dotnet "EricksonLopez.Concurrency.Benchmarks-.NET 10.0-1.dll" --anonymousPipes 115 116 --benchmarkName EricksonLopez.Concurrency.Benchmarks.ConcurrencyBenchmarks.ResultConversion --job ".NET 10.0" --benchmarkId 4 in /home/runner/work/dotnet-concurrency/dotnet-concurrency/benchmarks/EricksonLopez.Concurrency.Benchmarks/bin/Release/net10.0/EricksonLopez.Concurrency.Benchmarks-.NET 10.0-1/bin/Release/net10.0
// Failed to set up high priority (Permission denied). In order to run benchmarks with high priority, make sure you have the right permissions.
// BeforeAnythingElse

// Benchmark Process Environment Information:
// BenchmarkDotNet v0.15.8
// Runtime=.NET 10.0.11 (10.0.11, 10.0.1126.37416), X64 RyuJIT x86-64-v4
// GC=Concurrent Workstation
// HardwareIntrinsics=AVX512 BITALG+VBMI2+VNNI+VPOPCNTDQ,AVX512 IFMA+VBMI,AVX512 F+BW+CD+DQ+VL,AVX2+BMI1+BMI2+F16C+FMA+LZCNT+MOVBE,AVX,SSE3+SSSE3+SSE4.1+SSE4.2+POPCNT,X86Base+SSE+SSE2,AES+PCLMUL VectorSize=256
// Job: .NET 10.0

OverheadJitting  1: 1 op, 170762.00 ns, 170.7620 us/op
WorkloadJitting  1: 1 op, 1823189.00 ns, 1.8232 ms/op

OverheadJitting  2: 16 op, 236629.00 ns, 14.7893 us/op
WorkloadJitting  2: 16 op, 258802.00 ns, 16.1751 us/op

WorkloadPilot    1: 16 op, 2043.00 ns, 127.6875 ns/op
WorkloadPilot    2: 32 op, 2553.00 ns, 79.7813 ns/op
WorkloadPilot    3: 64 op, 4387.00 ns, 68.5469 ns/op
WorkloadPilot    4: 128 op, 8202.00 ns, 64.0781 ns/op
WorkloadPilot    5: 256 op, 15743.00 ns, 61.4961 ns/op
WorkloadPilot    6: 512 op, 31176.00 ns, 60.8906 ns/op
WorkloadPilot    7: 1024 op, 58676.00 ns, 57.3008 ns/op
WorkloadPilot    8: 2048 op, 118635.00 ns, 57.9272 ns/op
WorkloadPilot    9: 4096 op, 232242.00 ns, 56.6997 ns/op
WorkloadPilot   10: 8192 op, 478216.00 ns, 58.3760 ns/op
WorkloadPilot   11: 16384 op, 1000625.00 ns, 61.0733 ns/op
WorkloadPilot   12: 32768 op, 1898299.00 ns, 57.9315 ns/op
WorkloadPilot   13: 65536 op, 3847504.00 ns, 58.7083 ns/op
WorkloadPilot   14: 131072 op, 6274563.00 ns, 47.8711 ns/op
WorkloadPilot   15: 262144 op, 11878447.00 ns, 45.3127 ns/op
WorkloadPilot   16: 524288 op, 23759047.00 ns, 45.3168 ns/op
WorkloadPilot   17: 1048576 op, 47381622.00 ns, 45.1866 ns/op
WorkloadPilot   18: 2097152 op, 15890814.00 ns, 7.5773 ns/op
WorkloadPilot   19: 4194304 op, 23237137.00 ns, 5.5402 ns/op
WorkloadPilot   20: 8388608 op, 37647608.00 ns, 4.4879 ns/op
WorkloadPilot   21: 16777216 op, 75156320.00 ns, 4.4797 ns/op
WorkloadPilot   22: 33554432 op, 149590217.00 ns, 4.4581 ns/op
WorkloadPilot   23: 67108864 op, 299022459.00 ns, 4.4558 ns/op
WorkloadPilot   24: 134217728 op, 651588909.00 ns, 4.8547 ns/op

OverheadWarmup   1: 134217728 op, 312313760.00 ns, 2.3269 ns/op
OverheadWarmup   2: 134217728 op, 191269510.00 ns, 1.4251 ns/op
OverheadWarmup   3: 134217728 op, 189868133.00 ns, 1.4146 ns/op
OverheadWarmup   4: 134217728 op, 189751460.00 ns, 1.4138 ns/op
OverheadWarmup   5: 134217728 op, 190068048.00 ns, 1.4161 ns/op
OverheadWarmup   6: 134217728 op, 189936183.00 ns, 1.4151 ns/op
OverheadWarmup   7: 134217728 op, 189768316.00 ns, 1.4139 ns/op
OverheadWarmup   8: 134217728 op, 189788866.00 ns, 1.4140 ns/op
OverheadWarmup   9: 134217728 op, 195545436.00 ns, 1.4569 ns/op
OverheadWarmup  10: 134217728 op, 189912168.00 ns, 1.4150 ns/op

OverheadActual   1: 134217728 op, 190061788.00 ns, 1.4161 ns/op
OverheadActual   2: 134217728 op, 189895183.00 ns, 1.4148 ns/op
OverheadActual   3: 134217728 op, 189834954.00 ns, 1.4144 ns/op
OverheadActual   4: 134217728 op, 189976147.00 ns, 1.4154 ns/op
OverheadActual   5: 134217728 op, 189782931.00 ns, 1.4140 ns/op
OverheadActual   6: 134217728 op, 190806292.00 ns, 1.4216 ns/op
OverheadActual   7: 134217728 op, 189838624.00 ns, 1.4144 ns/op
OverheadActual   8: 134217728 op, 189778355.00 ns, 1.4140 ns/op
OverheadActual   9: 134217728 op, 189927375.00 ns, 1.4151 ns/op
OverheadActual  10: 134217728 op, 189761640.00 ns, 1.4138 ns/op
OverheadActual  11: 134217728 op, 189845544.00 ns, 1.4145 ns/op
OverheadActual  12: 134217728 op, 192318585.00 ns, 1.4329 ns/op
OverheadActual  13: 134217728 op, 194454478.00 ns, 1.4488 ns/op
OverheadActual  14: 134217728 op, 194866456.00 ns, 1.4519 ns/op
OverheadActual  15: 134217728 op, 190087982.00 ns, 1.4163 ns/op

WorkloadWarmup   1: 134217728 op, 597535366.00 ns, 4.4520 ns/op
WorkloadWarmup   2: 134217728 op, 666502247.00 ns, 4.9658 ns/op
WorkloadWarmup   3: 134217728 op, 624107194.00 ns, 4.6500 ns/op
WorkloadWarmup   4: 134217728 op, 597406486.00 ns, 4.4510 ns/op
WorkloadWarmup   5: 134217728 op, 619832659.00 ns, 4.6181 ns/op
WorkloadWarmup   6: 134217728 op, 597662815.00 ns, 4.4529 ns/op

// BeforeActualRun
WorkloadActual   1: 134217728 op, 599380167.00 ns, 4.4657 ns/op
WorkloadActual   2: 134217728 op, 597415760.00 ns, 4.4511 ns/op
WorkloadActual   3: 134217728 op, 659231202.00 ns, 4.9117 ns/op
WorkloadActual   4: 134217728 op, 597320652.00 ns, 4.4504 ns/op
WorkloadActual   5: 134217728 op, 597835532.00 ns, 4.4542 ns/op
WorkloadActual   6: 134217728 op, 660626565.00 ns, 4.9221 ns/op
WorkloadActual   7: 134217728 op, 607089289.00 ns, 4.5232 ns/op
WorkloadActual   8: 134217728 op, 598989404.00 ns, 4.4628 ns/op
WorkloadActual   9: 134217728 op, 598615222.00 ns, 4.4600 ns/op
WorkloadActual  10: 134217728 op, 598124418.00 ns, 4.4564 ns/op
WorkloadActual  11: 134217728 op, 655164299.00 ns, 4.8814 ns/op
WorkloadActual  12: 134217728 op, 634085251.00 ns, 4.7243 ns/op
WorkloadActual  13: 134217728 op, 628445334.00 ns, 4.6823 ns/op
WorkloadActual  14: 134217728 op, 597596399.00 ns, 4.4524 ns/op
WorkloadActual  15: 134217728 op, 597386569.00 ns, 4.4509 ns/op
WorkloadActual  16: 134217728 op, 634043009.00 ns, 4.7240 ns/op
WorkloadActual  17: 134217728 op, 599244505.00 ns, 4.4647 ns/op
WorkloadActual  18: 134217728 op, 603763330.00 ns, 4.4984 ns/op
WorkloadActual  19: 134217728 op, 611006632.00 ns, 4.5524 ns/op
WorkloadActual  20: 134217728 op, 597344012.00 ns, 4.4506 ns/op
WorkloadActual  21: 134217728 op, 607987078.00 ns, 4.5299 ns/op
WorkloadActual  22: 134217728 op, 597511920.00 ns, 4.4518 ns/op
WorkloadActual  23: 134217728 op, 621682977.00 ns, 4.6319 ns/op
WorkloadActual  24: 134217728 op, 638416715.00 ns, 4.7566 ns/op
WorkloadActual  25: 134217728 op, 634707225.00 ns, 4.7289 ns/op
WorkloadActual  26: 134217728 op, 597938609.00 ns, 4.4550 ns/op
WorkloadActual  27: 134217728 op, 597521775.00 ns, 4.4519 ns/op
WorkloadActual  28: 134217728 op, 662356411.00 ns, 4.9349 ns/op
WorkloadActual  29: 134217728 op, 597459553.00 ns, 4.4514 ns/op
WorkloadActual  30: 134217728 op, 597245202.00 ns, 4.4498 ns/op
WorkloadActual  31: 134217728 op, 598099264.00 ns, 4.4562 ns/op
WorkloadActual  32: 134217728 op, 597212644.00 ns, 4.4496 ns/op
WorkloadActual  33: 134217728 op, 601152446.00 ns, 4.4789 ns/op
WorkloadActual  34: 134217728 op, 597691001.00 ns, 4.4531 ns/op
WorkloadActual  35: 134217728 op, 597332679.00 ns, 4.4505 ns/op
WorkloadActual  36: 134217728 op, 598156215.00 ns, 4.4566 ns/op
WorkloadActual  37: 134217728 op, 659086678.00 ns, 4.9106 ns/op
WorkloadActual  38: 134217728 op, 597327363.00 ns, 4.4504 ns/op
WorkloadActual  39: 134217728 op, 597594437.00 ns, 4.4524 ns/op
WorkloadActual  40: 134217728 op, 615800277.00 ns, 4.5881 ns/op
WorkloadActual  41: 134217728 op, 601722275.00 ns, 4.4832 ns/op

// AfterActualRun
WorkloadResult   1: 134217728 op, 409452792.00 ns, 3.0507 ns/op
WorkloadResult   2: 134217728 op, 407488385.00 ns, 3.0360 ns/op
WorkloadResult   3: 134217728 op, 407393277.00 ns, 3.0353 ns/op
WorkloadResult   4: 134217728 op, 407908157.00 ns, 3.0392 ns/op
WorkloadResult   5: 134217728 op, 417161914.00 ns, 3.1081 ns/op
WorkloadResult   6: 134217728 op, 409062029.00 ns, 3.0477 ns/op
WorkloadResult   7: 134217728 op, 408687847.00 ns, 3.0450 ns/op
WorkloadResult   8: 134217728 op, 408197043.00 ns, 3.0413 ns/op
WorkloadResult   9: 134217728 op, 465236924.00 ns, 3.4663 ns/op
WorkloadResult  10: 134217728 op, 444157876.00 ns, 3.3092 ns/op
WorkloadResult  11: 134217728 op, 438517959.00 ns, 3.2672 ns/op
WorkloadResult  12: 134217728 op, 407669024.00 ns, 3.0374 ns/op
WorkloadResult  13: 134217728 op, 407459194.00 ns, 3.0358 ns/op
WorkloadResult  14: 134217728 op, 444115634.00 ns, 3.3089 ns/op
WorkloadResult  15: 134217728 op, 409317130.00 ns, 3.0497 ns/op
WorkloadResult  16: 134217728 op, 413835955.00 ns, 3.0833 ns/op
WorkloadResult  17: 134217728 op, 421079257.00 ns, 3.1373 ns/op
WorkloadResult  18: 134217728 op, 407416637.00 ns, 3.0355 ns/op
WorkloadResult  19: 134217728 op, 418059703.00 ns, 3.1148 ns/op
WorkloadResult  20: 134217728 op, 407584545.00 ns, 3.0367 ns/op
WorkloadResult  21: 134217728 op, 431755602.00 ns, 3.2168 ns/op
WorkloadResult  22: 134217728 op, 448489340.00 ns, 3.3415 ns/op
WorkloadResult  23: 134217728 op, 444779850.00 ns, 3.3139 ns/op
WorkloadResult  24: 134217728 op, 408011234.00 ns, 3.0399 ns/op
WorkloadResult  25: 134217728 op, 407594400.00 ns, 3.0368 ns/op
WorkloadResult  26: 134217728 op, 407532178.00 ns, 3.0364 ns/op
WorkloadResult  27: 134217728 op, 407317827.00 ns, 3.0348 ns/op
WorkloadResult  28: 134217728 op, 408171889.00 ns, 3.0411 ns/op
WorkloadResult  29: 134217728 op, 407285269.00 ns, 3.0345 ns/op
WorkloadResult  30: 134217728 op, 411225071.00 ns, 3.0639 ns/op
WorkloadResult  31: 134217728 op, 407763626.00 ns, 3.0381 ns/op
WorkloadResult  32: 134217728 op, 407405304.00 ns, 3.0354 ns/op
WorkloadResult  33: 134217728 op, 408228840.00 ns, 3.0415 ns/op
WorkloadResult  34: 134217728 op, 407399988.00 ns, 3.0354 ns/op
WorkloadResult  35: 134217728 op, 407667062.00 ns, 3.0374 ns/op
WorkloadResult  36: 134217728 op, 425872902.00 ns, 3.1730 ns/op
WorkloadResult  37: 134217728 op, 411794900.00 ns, 3.0681 ns/op
// GC:  0 0 0 0 134217728
// Threading:  0 0 134217728

// AfterAll
// Benchmark Process 4291 has exited with code 0.

Mean = 3.105 ns, StdErr = 0.019 ns (0.60%), N = 37, StdDev = 0.113 ns
Min = 3.035 ns, Q1 = 3.037 ns, Median = 3.042 ns, Q3 = 3.115 ns, Max = 3.466 ns
IQR = 0.078 ns, LowerFence = 2.920 ns, UpperFence = 3.232 ns
ConfidenceInterval = [3.038 ns; 3.171 ns] (CI 99.9%), Margin = 0.067 ns (2.15% of Mean)
Skewness = 1.6, Kurtosis = 4.43, MValue = 2

// ** Remained 49 (90.7 %) benchmark(s) to run. Estimated finish 2026-09-06 7:22 (0h 25m from now) **
// Build Error: Standard output: 
  
 Standard error: 
 /usr/share/dotnet/sdk/10.0.400/Microsoft.Common.CurrentVersion.targets(1891,5): error : Project '/home/runner/work/dotnet-concurrency/dotnet-concurrency/benchmarks/EricksonLopez.Concurrency.Benchmarks/EricksonLopez.Concurrency.Benchmarks.csproj' targets 'net10.0'. It cannot be referenced by a project that targets '.NETCoreApp,Version=v8.0'. [/home/runner/work/dotnet-concurrency/dotnet-concurrency/benchmarks/EricksonLopez.Concurrency.Benchmarks/bin/Release/net10.0/EricksonLopez.Concurrency.Benchmarks-.NET 8.0-2/BenchmarkDotNet.Autogenerated.csproj::TargetFramework=net8.0]
Build FAILED.
/usr/share/dotnet/sdk/10.0.400/Microsoft.Common.CurrentVersion.targets(1891,5): error : Project '/home/runner/work/dotnet-concurrency/dotnet-concurrency/benchmarks/EricksonLopez.Concurrency.Benchmarks/EricksonLopez.Concurrency.Benchmarks.csproj' targets 'net10.0'. It cannot be referenced by a project that targets '.NETCoreApp,Version=v8.0'. [/home/runner/work/dotnet-concurrency/dotnet-concurrency/benchmarks/EricksonLopez.Concurrency.Benchmarks/bin/Release/net10.0/EricksonLopez.Concurrency.Benchmarks-.NET 8.0-2/BenchmarkDotNet.Autogenerated.csproj::TargetFramework=net8.0]
    0 Warning(s)
    1 Error(s)
Time Elapsed 00:00:01.10

// BenchmarkDotNet has failed to build the auto-generated boilerplate code.
// It can be found in /home/runner/work/dotnet-concurrency/dotnet-concurrency/benchmarks/EricksonLopez.Concurrency.Benchmarks/bin/Release/net10.0/EricksonLopez.Concurrency.Benchmarks-.NET 8.0-2
// Please follow the troubleshooting guide: https://benchmarkdotnet.org/articles/guides/troubleshooting.html

// ** Remained 48 (88.9 %) benchmark(s) to run. Estimated finish 2026-09-06 7:18 (0h 20m from now) **
// Build Error: Standard output: 
  
 Standard error: 
 /usr/share/dotnet/sdk/10.0.400/Microsoft.Common.CurrentVersion.targets(1891,5): error : Project '/home/runner/work/dotnet-concurrency/dotnet-concurrency/benchmarks/EricksonLopez.Concurrency.Benchmarks/EricksonLopez.Concurrency.Benchmarks.csproj' targets 'net10.0'. It cannot be referenced by a project that targets '.NETCoreApp,Version=v8.0'. [/home/runner/work/dotnet-concurrency/dotnet-concurrency/benchmarks/EricksonLopez.Concurrency.Benchmarks/bin/Release/net10.0/EricksonLopez.Concurrency.Benchmarks-.NET 8.0-2/BenchmarkDotNet.Autogenerated.csproj::TargetFramework=net8.0]
Build FAILED.
/usr/share/dotnet/sdk/10.0.400/Microsoft.Common.CurrentVersion.targets(1891,5): error : Project '/home/runner/work/dotnet-concurrency/dotnet-concurrency/benchmarks/EricksonLopez.Concurrency.Benchmarks/EricksonLopez.Concurrency.Benchmarks.csproj' targets 'net10.0'. It cannot be referenced by a project that targets '.NETCoreApp,Version=v8.0'. [/home/runner/work/dotnet-concurrency/dotnet-concurrency/benchmarks/EricksonLopez.Concurrency.Benchmarks/bin/Release/net10.0/EricksonLopez.Concurrency.Benchmarks-.NET 8.0-2/BenchmarkDotNet.Autogenerated.csproj::TargetFramework=net8.0]
    0 Warning(s)
    1 Error(s)
Time Elapsed 00:00:01.10

// BenchmarkDotNet has failed to build the auto-generated boilerplate code.
// It can be found in /home/runner/work/dotnet-concurrency/dotnet-concurrency/benchmarks/EricksonLopez.Concurrency.Benchmarks/bin/Release/net10.0/EricksonLopez.Concurrency.Benchmarks-.NET 8.0-2
// Please follow the troubleshooting guide: https://benchmarkdotnet.org/articles/guides/troubleshooting.html

// ** Remained 47 (87.0 %) benchmark(s) to run. Estimated finish 2026-09-06 7:14 (0h 17m from now) **
// Build Error: Standard output: 
  
 Standard error: 
 /usr/share/dotnet/sdk/10.0.400/Microsoft.Common.CurrentVersion.targets(1891,5): error : Project '/home/runner/work/dotnet-concurrency/dotnet-concurrency/benchmarks/EricksonLopez.Concurrency.Benchmarks/EricksonLopez.Concurrency.Benchmarks.csproj' targets 'net10.0'. It cannot be referenced by a project that targets '.NETCoreApp,Version=v8.0'. [/home/runner/work/dotnet-concurrency/dotnet-concurrency/benchmarks/EricksonLopez.Concurrency.Benchmarks/bin/Release/net10.0/EricksonLopez.Concurrency.Benchmarks-.NET 8.0-2/BenchmarkDotNet.Autogenerated.csproj::TargetFramework=net8.0]
Build FAILED.
/usr/share/dotnet/sdk/10.0.400/Microsoft.Common.CurrentVersion.targets(1891,5): error : Project '/home/runner/work/dotnet-concurrency/dotnet-concurrency/benchmarks/EricksonLopez.Concurrency.Benchmarks/EricksonLopez.Concurrency.Benchmarks.csproj' targets 'net10.0'. It cannot be referenced by a project that targets '.NETCoreApp,Version=v8.0'. [/home/runner/work/dotnet-concurrency/dotnet-concurrency/benchmarks/EricksonLopez.Concurrency.Benchmarks/bin/Release/net10.0/EricksonLopez.Concurrency.Benchmarks-.NET 8.0-2/BenchmarkDotNet.Autogenerated.csproj::TargetFramework=net8.0]
    0 Warning(s)
    1 Error(s)
Time Elapsed 00:00:01.10

// BenchmarkDotNet has failed to build the auto-generated boilerplate code.
// It can be found in /home/runner/work/dotnet-concurrency/dotnet-concurrency/benchmarks/EricksonLopez.Concurrency.Benchmarks/bin/Release/net10.0/EricksonLopez.Concurrency.Benchmarks-.NET 8.0-2
// Please follow the troubleshooting guide: https://benchmarkdotnet.org/articles/guides/troubleshooting.html

// ** Remained 46 (85.2 %) benchmark(s) to run. Estimated finish 2026-09-06 7:12 (0h 14m from now) **
// Build Error: Standard output: 
  
 Standard error: 
 /usr/share/dotnet/sdk/10.0.400/Microsoft.Common.CurrentVersion.targets(1891,5): error : Project '/home/runner/work/dotnet-concurrency/dotnet-concurrency/benchmarks/EricksonLopez.Concurrency.Benchmarks/EricksonLopez.Concurrency.Benchmarks.csproj' targets 'net10.0'. It cannot be referenced by a project that targets '.NETCoreApp,Version=v8.0'. [/home/runner/work/dotnet-concurrency/dotnet-concurrency/benchmarks/EricksonLopez.Concurrency.Benchmarks/bin/Release/net10.0/EricksonLopez.Concurrency.Benchmarks-.NET 8.0-2/BenchmarkDotNet.Autogenerated.csproj::TargetFramework=net8.0]
Build FAILED.
/usr/share/dotnet/sdk/10.0.400/Microsoft.Common.CurrentVersion.targets(1891,5): error : Project '/home/runner/work/dotnet-concurrency/dotnet-concurrency/benchmarks/EricksonLopez.Concurrency.Benchmarks/EricksonLopez.Concurrency.Benchmarks.csproj' targets 'net10.0'. It cannot be referenced by a project that targets '.NETCoreApp,Version=v8.0'. [/home/runner/work/dotnet-concurrency/dotnet-concurrency/benchmarks/EricksonLopez.Concurrency.Benchmarks/bin/Release/net10.0/EricksonLopez.Concurrency.Benchmarks-.NET 8.0-2/BenchmarkDotNet.Autogenerated.csproj::TargetFramework=net8.0]
    0 Warning(s)
    1 Error(s)
Time Elapsed 00:00:01.10

// BenchmarkDotNet has failed to build the auto-generated boilerplate code.
// It can be found in /home/runner/work/dotnet-concurrency/dotnet-concurrency/benchmarks/EricksonLopez.Concurrency.Benchmarks/bin/Release/net10.0/EricksonLopez.Concurrency.Benchmarks-.NET 8.0-2
// Please follow the troubleshooting guide: https://benchmarkdotnet.org/articles/guides/troubleshooting.html

// ** Remained 45 (83.3 %) benchmark(s) to run. Estimated finish 2026-09-06 7:10 (0h 12m from now) **
// Build Error: Standard output: 
  
 Standard error: 
 /usr/share/dotnet/sdk/10.0.400/Microsoft.Common.CurrentVersion.targets(1891,5): error : Project '/home/runner/work/dotnet-concurrency/dotnet-concurrency/benchmarks/EricksonLopez.Concurrency.Benchmarks/EricksonLopez.Concurrency.Benchmarks.csproj' targets 'net10.0'. It cannot be referenced by a project that targets '.NETCoreApp,Version=v8.0'. [/home/runner/work/dotnet-concurrency/dotnet-concurrency/benchmarks/EricksonLopez.Concurrency.Benchmarks/bin/Release/net10.0/EricksonLopez.Concurrency.Benchmarks-.NET 8.0-2/BenchmarkDotNet.Autogenerated.csproj::TargetFramework=net8.0]
Build FAILED.
/usr/share/dotnet/sdk/10.0.400/Microsoft.Common.CurrentVersion.targets(1891,5): error : Project '/home/runner/work/dotnet-concurrency/dotnet-concurrency/benchmarks/EricksonLopez.Concurrency.Benchmarks/EricksonLopez.Concurrency.Benchmarks.csproj' targets 'net10.0'. It cannot be referenced by a project that targets '.NETCoreApp,Version=v8.0'. [/home/runner/work/dotnet-concurrency/dotnet-concurrency/benchmarks/EricksonLopez.Concurrency.Benchmarks/bin/Release/net10.0/EricksonLopez.Concurrency.Benchmarks-.NET 8.0-2/BenchmarkDotNet.Autogenerated.csproj::TargetFramework=net8.0]
    0 Warning(s)
    1 Error(s)
Time Elapsed 00:00:01.10

// BenchmarkDotNet has failed to build the auto-generated boilerplate code.
// It can be found in /home/runner/work/dotnet-concurrency/dotnet-concurrency/benchmarks/EricksonLopez.Concurrency.Benchmarks/bin/Release/net10.0/EricksonLopez.Concurrency.Benchmarks-.NET 8.0-2
// Please follow the troubleshooting guide: https://benchmarkdotnet.org/articles/guides/troubleshooting.html

// ** Remained 44 (81.5 %) benchmark(s) to run. Estimated finish 2026-09-06 7:08 (0h 11m from now) **
// Build Error: Standard output: 
  
 Standard error: 
 /usr/share/dotnet/sdk/10.0.400/Microsoft.Common.CurrentVersion.targets(1891,5): error : Project '/home/runner/work/dotnet-concurrency/dotnet-concurrency/benchmarks/EricksonLopez.Concurrency.Benchmarks/EricksonLopez.Concurrency.Benchmarks.csproj' targets 'net10.0'. It cannot be referenced by a project that targets '.NETCoreApp,Version=v9.0'. [/home/runner/work/dotnet-concurrency/dotnet-concurrency/benchmarks/EricksonLopez.Concurrency.Benchmarks/bin/Release/net10.0/EricksonLopez.Concurrency.Benchmarks-.NET 9.0-3/BenchmarkDotNet.Autogenerated.csproj::TargetFramework=net9.0]
Build FAILED.
/usr/share/dotnet/sdk/10.0.400/Microsoft.Common.CurrentVersion.targets(1891,5): error : Project '/home/runner/work/dotnet-concurrency/dotnet-concurrency/benchmarks/EricksonLopez.Concurrency.Benchmarks/EricksonLopez.Concurrency.Benchmarks.csproj' targets 'net10.0'. It cannot be referenced by a project that targets '.NETCoreApp,Version=v9.0'. [/home/runner/work/dotnet-concurrency/dotnet-concurrency/benchmarks/EricksonLopez.Concurrency.Benchmarks/bin/Release/net10.0/EricksonLopez.Concurrency.Benchmarks-.NET 9.0-3/BenchmarkDotNet.Autogenerated.csproj::TargetFramework=net9.0]
    0 Warning(s)
    1 Error(s)
Time Elapsed 00:00:01.04

// BenchmarkDotNet has failed to build the auto-generated boilerplate code.
// It can be found in /home/runner/work/dotnet-concurrency/dotnet-concurrency/benchmarks/EricksonLopez.Concurrency.Benchmarks/bin/Release/net10.0/EricksonLopez.Concurrency.Benchmarks-.NET 9.0-3
// Please follow the troubleshooting guide: https://benchmarkdotnet.org/articles/guides/troubleshooting.html

// ** Remained 43 (79.6 %) benchmark(s) to run. Estimated finish 2026-09-06 7:07 (0h 10m from now) **
// Build Error: Standard output: 
  
 Standard error: 
 /usr/share/dotnet/sdk/10.0.400/Microsoft.Common.CurrentVersion.targets(1891,5): error : Project '/home/runner/work/dotnet-concurrency/dotnet-concurrency/benchmarks/EricksonLopez.Concurrency.Benchmarks/EricksonLopez.Concurrency.Benchmarks.csproj' targets 'net10.0'. It cannot be referenced by a project that targets '.NETCoreApp,Version=v9.0'. [/home/runner/work/dotnet-concurrency/dotnet-concurrency/benchmarks/EricksonLopez.Concurrency.Benchmarks/bin/Release/net10.0/EricksonLopez.Concurrency.Benchmarks-.NET 9.0-3/BenchmarkDotNet.Autogenerated.csproj::TargetFramework=net9.0]
Build FAILED.
/usr/share/dotnet/sdk/10.0.400/Microsoft.Common.CurrentVersion.targets(1891,5): error : Project '/home/runner/work/dotnet-concurrency/dotnet-concurrency/benchmarks/EricksonLopez.Concurrency.Benchmarks/EricksonLopez.Concurrency.Benchmarks.csproj' targets 'net10.0'. It cannot be referenced by a project that targets '.NETCoreApp,Version=v9.0'. [/home/runner/work/dotnet-concurrency/dotnet-concurrency/benchmarks/EricksonLopez.Concurrency.Benchmarks/bin/Release/net10.0/EricksonLopez.Concurrency.Benchmarks-.NET 9.0-3/BenchmarkDotNet.Autogenerated.csproj::TargetFramework=net9.0]
    0 Warning(s)
    1 Error(s)
Time Elapsed 00:00:01.04

// BenchmarkDotNet has failed to build the auto-generated boilerplate code.
// It can be found in /home/runner/work/dotnet-concurrency/dotnet-concurrency/benchmarks/EricksonLopez.Concurrency.Benchmarks/bin/Release/net10.0/EricksonLopez.Concurrency.Benchmarks-.NET 9.0-3
// Please follow the troubleshooting guide: https://benchmarkdotnet.org/articles/guides/troubleshooting.html

// ** Remained 42 (77.8 %) benchmark(s) to run. Estimated finish 2026-09-06 7:06 (0h 8m from now) **
// Build Error: Standard output: 
  
 Standard error: 
 /usr/share/dotnet/sdk/10.0.400/Microsoft.Common.CurrentVersion.targets(1891,5): error : Project '/home/runner/work/dotnet-concurrency/dotnet-concurrency/benchmarks/EricksonLopez.Concurrency.Benchmarks/EricksonLopez.Concurrency.Benchmarks.csproj' targets 'net10.0'. It cannot be referenced by a project that targets '.NETCoreApp,Version=v9.0'. [/home/runner/work/dotnet-concurrency/dotnet-concurrency/benchmarks/EricksonLopez.Concurrency.Benchmarks/bin/Release/net10.0/EricksonLopez.Concurrency.Benchmarks-.NET 9.0-3/BenchmarkDotNet.Autogenerated.csproj::TargetFramework=net9.0]
Build FAILED.
/usr/share/dotnet/sdk/10.0.400/Microsoft.Common.CurrentVersion.targets(1891,5): error : Project '/home/runner/work/dotnet-concurrency/dotnet-concurrency/benchmarks/EricksonLopez.Concurrency.Benchmarks/EricksonLopez.Concurrency.Benchmarks.csproj' targets 'net10.0'. It cannot be referenced by a project that targets '.NETCoreApp,Version=v9.0'. [/home/runner/work/dotnet-concurrency/dotnet-concurrency/benchmarks/EricksonLopez.Concurrency.Benchmarks/bin/Release/net10.0/EricksonLopez.Concurrency.Benchmarks-.NET 9.0-3/BenchmarkDotNet.Autogenerated.csproj::TargetFramework=net9.0]
    0 Warning(s)
    1 Error(s)
Time Elapsed 00:00:01.04

// BenchmarkDotNet has failed to build the auto-generated boilerplate code.
// It can be found in /home/runner/work/dotnet-concurrency/dotnet-concurrency/benchmarks/EricksonLopez.Concurrency.Benchmarks/bin/Release/net10.0/EricksonLopez.Concurrency.Benchmarks-.NET 9.0-3
// Please follow the troubleshooting guide: https://benchmarkdotnet.org/articles/guides/troubleshooting.html

// ** Remained 41 (75.9 %) benchmark(s) to run. Estimated finish 2026-09-06 7:05 (0h 8m from now) **
// Build Error: Standard output: 
  
 Standard error: 
 /usr/share/dotnet/sdk/10.0.400/Microsoft.Common.CurrentVersion.targets(1891,5): error : Project '/home/runner/work/dotnet-concurrency/dotnet-concurrency/benchmarks/EricksonLopez.Concurrency.Benchmarks/EricksonLopez.Concurrency.Benchmarks.csproj' targets 'net10.0'. It cannot be referenced by a project that targets '.NETCoreApp,Version=v9.0'. [/home/runner/work/dotnet-concurrency/dotnet-concurrency/benchmarks/EricksonLopez.Concurrency.Benchmarks/bin/Release/net10.0/EricksonLopez.Concurrency.Benchmarks-.NET 9.0-3/BenchmarkDotNet.Autogenerated.csproj::TargetFramework=net9.0]
Build FAILED.
/usr/share/dotnet/sdk/10.0.400/Microsoft.Common.CurrentVersion.targets(1891,5): error : Project '/home/runner/work/dotnet-concurrency/dotnet-concurrency/benchmarks/EricksonLopez.Concurrency.Benchmarks/EricksonLopez.Concurrency.Benchmarks.csproj' targets 'net10.0'. It cannot be referenced by a project that targets '.NETCoreApp,Version=v9.0'. [/home/runner/work/dotnet-concurrency/dotnet-concurrency/benchmarks/EricksonLopez.Concurrency.Benchmarks/bin/Release/net10.0/EricksonLopez.Concurrency.Benchmarks-.NET 9.0-3/BenchmarkDotNet.Autogenerated.csproj::TargetFramework=net9.0]
    0 Warning(s)
    1 Error(s)
Time Elapsed 00:00:01.04

// BenchmarkDotNet has failed to build the auto-generated boilerplate code.
// It can be found in /home/runner/work/dotnet-concurrency/dotnet-concurrency/benchmarks/EricksonLopez.Concurrency.Benchmarks/bin/Release/net10.0/EricksonLopez.Concurrency.Benchmarks-.NET 9.0-3
// Please follow the troubleshooting guide: https://benchmarkdotnet.org/articles/guides/troubleshooting.html

// ** Remained 40 (74.1 %) benchmark(s) to run. Estimated finish 2026-09-06 7:04 (0h 7m from now) **
// Build Error: Standard output: 
  
 Standard error: 
 /usr/share/dotnet/sdk/10.0.400/Microsoft.Common.CurrentVersion.targets(1891,5): error : Project '/home/runner/work/dotnet-concurrency/dotnet-concurrency/benchmarks/EricksonLopez.Concurrency.Benchmarks/EricksonLopez.Concurrency.Benchmarks.csproj' targets 'net10.0'. It cannot be referenced by a project that targets '.NETCoreApp,Version=v9.0'. [/home/runner/work/dotnet-concurrency/dotnet-concurrency/benchmarks/EricksonLopez.Concurrency.Benchmarks/bin/Release/net10.0/EricksonLopez.Concurrency.Benchmarks-.NET 9.0-3/BenchmarkDotNet.Autogenerated.csproj::TargetFramework=net9.0]
Build FAILED.
/usr/share/dotnet/sdk/10.0.400/Microsoft.Common.CurrentVersion.targets(1891,5): error : Project '/home/runner/work/dotnet-concurrency/dotnet-concurrency/benchmarks/EricksonLopez.Concurrency.Benchmarks/EricksonLopez.Concurrency.Benchmarks.csproj' targets 'net10.0'. It cannot be referenced by a project that targets '.NETCoreApp,Version=v9.0'. [/home/runner/work/dotnet-concurrency/dotnet-concurrency/benchmarks/EricksonLopez.Concurrency.Benchmarks/bin/Release/net10.0/EricksonLopez.Concurrency.Benchmarks-.NET 9.0-3/BenchmarkDotNet.Autogenerated.csproj::TargetFramework=net9.0]
    0 Warning(s)
    1 Error(s)
Time Elapsed 00:00:01.04

// BenchmarkDotNet has failed to build the auto-generated boilerplate code.
// It can be found in /home/runner/work/dotnet-concurrency/dotnet-concurrency/benchmarks/EricksonLopez.Concurrency.Benchmarks/bin/Release/net10.0/EricksonLopez.Concurrency.Benchmarks-.NET 9.0-3
// Please follow the troubleshooting guide: https://benchmarkdotnet.org/articles/guides/troubleshooting.html

// ** Remained 39 (72.2 %) benchmark(s) to run. Estimated finish 2026-09-06 7:04 (0h 6m from now) **
// ***** BenchmarkRunner: Finish  *****

// * Export *
  benchmarks/results/results/EricksonLopez.Concurrency.Benchmarks.ConcurrencyBenchmarks-report.csv
  benchmarks/results/results/EricksonLopez.Concurrency.Benchmarks.ConcurrencyBenchmarks-report-github.md
  benchmarks/results/results/EricksonLopez.Concurrency.Benchmarks.ConcurrencyBenchmarks-report.html
  benchmarks/results/results/EricksonLopez.Concurrency.Benchmarks.ConcurrencyBenchmarks-report-full-compressed.json
  benchmarks/results/results/EricksonLopez.Concurrency.Benchmarks.ConcurrencyBenchmarks-report-default.md

// * Detailed results *
ConcurrencyBenchmarks.DirectVersionComparison: .NET 10.0(Runtime=.NET 10.0, Toolchain=net10.0)
Runtime = .NET 10.0.11 (10.0.11, 10.0.1126.37416), X64 RyuJIT x86-64-v4; GC = Concurrent Workstation
Mean = 0.002 ns, StdErr = 0.001 ns (51.37%), N = 15, StdDev = 0.003 ns
Min = 0.000 ns, Q1 = 0.000 ns, Median = 0.000 ns, Q3 = 0.001 ns, Max = 0.010 ns
IQR = 0.001 ns, LowerFence = -0.001 ns, UpperFence = 0.002 ns
ConfidenceInterval = [-0.002 ns; 0.005 ns] (CI 99.9%), Margin = 0.004 ns (212.70% of Mean)
Skewness = 1.6, Kurtosis = 3.9, MValue = 2.18
-------------------- Histogram --------------------
[0.000 ns ; 0.002 ns) | @@@@@@@@@@@@
[0.002 ns ; 0.007 ns) | @
[0.007 ns ; 0.012 ns) | @@
---------------------------------------------------

ConcurrencyBenchmarks.CheckerCheckVersion: .NET 10.0(Runtime=.NET 10.0, Toolchain=net10.0)
Runtime = .NET 10.0.11 (10.0.11, 10.0.1126.37416), X64 RyuJIT x86-64-v4; GC = Concurrent Workstation
Mean = 0.274 ns, StdErr = 0.000 ns (0.17%), N = 13, StdDev = 0.002 ns
Min = 0.272 ns, Q1 = 0.273 ns, Median = 0.274 ns, Q3 = 0.275 ns, Max = 0.277 ns
IQR = 0.002 ns, LowerFence = 0.270 ns, UpperFence = 0.278 ns
ConfidenceInterval = [0.272 ns; 0.276 ns] (CI 99.9%), Margin = 0.002 ns (0.75% of Mean)
Skewness = 0.9, Kurtosis = 2.47, MValue = 2
-------------------- Histogram --------------------
[0.271 ns ; 0.279 ns) | @@@@@@@@@@@@@
---------------------------------------------------

ConcurrencyBenchmarks.CheckerCheckToken: .NET 10.0(Runtime=.NET 10.0, Toolchain=net10.0)
Runtime = .NET 10.0.11 (10.0.11, 10.0.1126.37416), X64 RyuJIT x86-64-v4; GC = Concurrent Workstation
Mean = 18.219 ns, StdErr = 0.088 ns (0.48%), N = 15, StdDev = 0.340 ns
Min = 17.478 ns, Q1 = 18.022 ns, Median = 18.303 ns, Q3 = 18.459 ns, Max = 18.631 ns
IQR = 0.437 ns, LowerFence = 17.367 ns, UpperFence = 19.114 ns
ConfidenceInterval = [17.855 ns; 18.583 ns] (CI 99.9%), Margin = 0.364 ns (2.00% of Mean)
Skewness = -0.71, Kurtosis = 2.25, MValue = 2
-------------------- Histogram --------------------
[17.297 ns ; 17.657 ns) | @
[17.657 ns ; 18.226 ns) | @@@@
[18.226 ns ; 18.812 ns) | @@@@@@@@@@
---------------------------------------------------

ConcurrencyBenchmarks.ControllerExecuteCasAsync: .NET 10.0(Runtime=.NET 10.0, Toolchain=net10.0)
Runtime = .NET 10.0.11 (10.0.11, 10.0.1126.37416), X64 RyuJIT x86-64-v4; GC = Concurrent Workstation
Mean = 156.520 ns, StdErr = 0.029 ns (0.02%), N = 15, StdDev = 0.112 ns
Min = 156.282 ns, Q1 = 156.479 ns, Median = 156.533 ns, Q3 = 156.568 ns, Max = 156.669 ns
IQR = 0.089 ns, LowerFence = 156.345 ns, UpperFence = 156.702 ns
ConfidenceInterval = [156.400 ns; 156.640 ns] (CI 99.9%), Margin = 0.120 ns (0.08% of Mean)
Skewness = -0.72, Kurtosis = 2.78, MValue = 2
-------------------- Histogram --------------------
[156.222 ns ; 156.729 ns) | @@@@@@@@@@@@@@@
---------------------------------------------------

ConcurrencyBenchmarks.ResultConversion: .NET 10.0(Runtime=.NET 10.0, Toolchain=net10.0)
Runtime = .NET 10.0.11 (10.0.11, 10.0.1126.37416), X64 RyuJIT x86-64-v4; GC = Concurrent Workstation
Mean = 3.105 ns, StdErr = 0.019 ns (0.60%), N = 37, StdDev = 0.113 ns
Min = 3.035 ns, Q1 = 3.037 ns, Median = 3.042 ns, Q3 = 3.115 ns, Max = 3.466 ns
IQR = 0.078 ns, LowerFence = 2.920 ns, UpperFence = 3.232 ns
ConfidenceInterval = [3.038 ns; 3.171 ns] (CI 99.9%), Margin = 0.067 ns (2.15% of Mean)
Skewness = 1.6, Kurtosis = 4.43, MValue = 2
-------------------- Histogram --------------------
[3.030 ns ; 3.119 ns) | @@@@@@@@@@@@@@@@@@@@@@@@@@@@
[3.119 ns ; 3.222 ns) | @@@
[3.222 ns ; 3.349 ns) | @@@@@
[3.349 ns ; 3.422 ns) | 
[3.422 ns ; 3.511 ns) | @
---------------------------------------------------

ConcurrencyBenchmarks.DirectVersionComparison: .NET 8.0(Runtime=.NET 8.0, Toolchain=net8.0)
Runtime = ; GC = 
There are not any results runs

ConcurrencyBenchmarks.CheckerCheckVersion: .NET 8.0(Runtime=.NET 8.0, Toolchain=net8.0)
Runtime = ; GC = 
There are not any results runs

ConcurrencyBenchmarks.CheckerCheckToken: .NET 8.0(Runtime=.NET 8.0, Toolchain=net8.0)
Runtime = ; GC = 
There are not any results runs

ConcurrencyBenchmarks.ControllerExecuteCasAsync: .NET 8.0(Runtime=.NET 8.0, Toolchain=net8.0)
Runtime = ; GC = 
There are not any results runs

ConcurrencyBenchmarks.ResultConversion: .NET 8.0(Runtime=.NET 8.0, Toolchain=net8.0)
Runtime = ; GC = 
There are not any results runs

ConcurrencyBenchmarks.DirectVersionComparison: .NET 9.0(Runtime=.NET 9.0, Toolchain=net9.0)
Runtime = ; GC = 
There are not any results runs

ConcurrencyBenchmarks.CheckerCheckVersion: .NET 9.0(Runtime=.NET 9.0, Toolchain=net9.0)
Runtime = ; GC = 
There are not any results runs

ConcurrencyBenchmarks.CheckerCheckToken: .NET 9.0(Runtime=.NET 9.0, Toolchain=net9.0)
Runtime = ; GC = 
There are not any results runs

ConcurrencyBenchmarks.ControllerExecuteCasAsync: .NET 9.0(Runtime=.NET 9.0, Toolchain=net9.0)
Runtime = ; GC = 
There are not any results runs

ConcurrencyBenchmarks.ResultConversion: .NET 9.0(Runtime=.NET 9.0, Toolchain=net9.0)
Runtime = ; GC = 
There are not any results runs

// * Summary *

BenchmarkDotNet v0.15.8, Linux Ubuntu 24.04.4 LTS (Noble Numbat)
AMD EPYC 9V74 2.60GHz, 1 CPU, 4 logical and 2 physical cores
.NET SDK 10.0.400
  [Host]    : .NET 10.0.11 (10.0.11, 10.0.1126.37416), X64 RyuJIT x86-64-v4
  .NET 10.0 : .NET 10.0.11 (10.0.11, 10.0.1126.37416), X64 RyuJIT x86-64-v4


| Method                    | Job       | Runtime   | Mean        | Error     | StdDev    | Median      | Ratio | RatioSD | Gen0   | Allocated | Alloc Ratio |
|-------------------------- |---------- |---------- |------------:|----------:|----------:|------------:|------:|--------:|-------:|----------:|------------:|
| DirectVersionComparison   | .NET 10.0 | .NET 10.0 |   0.0017 ns | 0.0035 ns | 0.0033 ns |   0.0000 ns |     ? |       ? |      - |         - |           ? |
| CheckerCheckVersion       | .NET 10.0 | .NET 10.0 |   0.2740 ns | 0.0021 ns | 0.0017 ns |   0.2736 ns |     ? |       ? |      - |         - |           ? |
| CheckerCheckToken         | .NET 10.0 | .NET 10.0 |  18.2191 ns | 0.3640 ns | 0.3405 ns |  18.3029 ns |     ? |       ? | 0.0038 |      64 B |           ? |
| ControllerExecuteCasAsync | .NET 10.0 | .NET 10.0 | 156.5198 ns | 0.1203 ns | 0.1125 ns | 156.5326 ns |     ? |       ? |      - |         - |           ? |
| ResultConversion          | .NET 10.0 | .NET 10.0 |   3.1047 ns | 0.0667 ns | 0.1132 ns |   3.0415 ns |     ? |       ? |      - |         - |           ? |
| DirectVersionComparison   | .NET 8.0  | .NET 8.0  |          NA |        NA |        NA |          NA |     ? |       ? |     NA |        NA |           ? |
| CheckerCheckVersion       | .NET 8.0  | .NET 8.0  |          NA |        NA |        NA |          NA |     ? |       ? |     NA |        NA |           ? |
| CheckerCheckToken         | .NET 8.0  | .NET 8.0  |          NA |        NA |        NA |          NA |     ? |       ? |     NA |        NA |           ? |
| ControllerExecuteCasAsync | .NET 8.0  | .NET 8.0  |          NA |        NA |        NA |          NA |     ? |       ? |     NA |        NA |           ? |
| ResultConversion          | .NET 8.0  | .NET 8.0  |          NA |        NA |        NA |          NA |     ? |       ? |     NA |        NA |           ? |
| DirectVersionComparison   | .NET 9.0  | .NET 9.0  |          NA |        NA |        NA |          NA |     ? |       ? |     NA |        NA |           ? |
| CheckerCheckVersion       | .NET 9.0  | .NET 9.0  |          NA |        NA |        NA |          NA |     ? |       ? |     NA |        NA |           ? |
| CheckerCheckToken         | .NET 9.0  | .NET 9.0  |          NA |        NA |        NA |          NA |     ? |       ? |     NA |        NA |           ? |
| ControllerExecuteCasAsync | .NET 9.0  | .NET 9.0  |          NA |        NA |        NA |          NA |     ? |       ? |     NA |        NA |           ? |
| ResultConversion          | .NET 9.0  | .NET 9.0  |          NA |        NA |        NA |          NA |     ? |       ? |     NA |        NA |           ? |

Benchmarks with issues:
  ConcurrencyBenchmarks.DirectVersionComparison: .NET 8.0(Runtime=.NET 8.0, Toolchain=net8.0)
  ConcurrencyBenchmarks.CheckerCheckVersion: .NET 8.0(Runtime=.NET 8.0, Toolchain=net8.0)
  ConcurrencyBenchmarks.CheckerCheckToken: .NET 8.0(Runtime=.NET 8.0, Toolchain=net8.0)
  ConcurrencyBenchmarks.ControllerExecuteCasAsync: .NET 8.0(Runtime=.NET 8.0, Toolchain=net8.0)
  ConcurrencyBenchmarks.ResultConversion: .NET 8.0(Runtime=.NET 8.0, Toolchain=net8.0)
  ConcurrencyBenchmarks.DirectVersionComparison: .NET 9.0(Runtime=.NET 9.0, Toolchain=net9.0)
  ConcurrencyBenchmarks.CheckerCheckVersion: .NET 9.0(Runtime=.NET 9.0, Toolchain=net9.0)
  ConcurrencyBenchmarks.CheckerCheckToken: .NET 9.0(Runtime=.NET 9.0, Toolchain=net9.0)
  ConcurrencyBenchmarks.ControllerExecuteCasAsync: .NET 9.0(Runtime=.NET 9.0, Toolchain=net9.0)
  ConcurrencyBenchmarks.ResultConversion: .NET 9.0(Runtime=.NET 9.0, Toolchain=net9.0)

// * Warnings *
BaselineCustomAnalyzer
  Summary -> A question mark '?' symbol indicates that it was not possible to compute the (Ratio, RatioSD, Alloc Ratio) column(s) because the baseline or benchmark could not be found, or the baseline value is too close to zero.
ZeroMeasurement
  ConcurrencyBenchmarks.DirectVersionComparison: .NET 10.0 -> The method duration is indistinguishable from the empty method duration

// * Hints *
Outliers
  ConcurrencyBenchmarks.CheckerCheckVersion: .NET 10.0       -> 2 outliers were removed (1.77 ns, 1.79 ns)
  ConcurrencyBenchmarks.CheckerCheckToken: .NET 10.0         -> 1 outlier  was  removed (20.84 ns)
  ConcurrencyBenchmarks.ControllerExecuteCasAsync: .NET 10.0 -> 2 outliers were detected (158.54 ns, 158.56 ns)
  ConcurrencyBenchmarks.ResultConversion: .NET 10.0          -> 4 outliers were removed (4.91 ns..4.93 ns)

// * Legends *
  Mean        : Arithmetic mean of all measurements
  Error       : Half of 99.9% confidence interval
  StdDev      : Standard deviation of all measurements
  Median      : Value separating the higher half of all measurements (50th percentile)
  Ratio       : Mean of the ratio distribution ([Current]/[Baseline])
  RatioSD     : Standard deviation of the ratio distribution ([Current]/[Baseline])
  Gen0        : GC Generation 0 collects per 1000 operations
  Allocated   : Allocated memory per single operation (managed only, inclusive, 1KB = 1024B)
  Alloc Ratio : Allocated memory ratio distribution ([Current]/[Baseline])
  1 ns        : 1 Nanosecond (0.000000001 sec)

// * Diagnostic Output - MemoryDiagnoser *


// ***** BenchmarkRunner: End *****
Run time: 00:02:33 (153.87 sec), executed benchmarks: 5

// Found 6 benchmarks:
//   ConflictResolutionBenchmarks.ResolveTransientConflictWithMerge: .NET 10.0(Runtime=.NET 10.0, Toolchain=net10.0)
//   ConflictResolutionBenchmarks.RejectFatalConflictImmediately: .NET 10.0(Runtime=.NET 10.0, Toolchain=net10.0)
//   ConflictResolutionBenchmarks.ResolveTransientConflictWithMerge: .NET 8.0(Runtime=.NET 8.0, Toolchain=net8.0)
//   ConflictResolutionBenchmarks.RejectFatalConflictImmediately: .NET 8.0(Runtime=.NET 8.0, Toolchain=net8.0)
//   ConflictResolutionBenchmarks.ResolveTransientConflictWithMerge: .NET 9.0(Runtime=.NET 9.0, Toolchain=net9.0)
//   ConflictResolutionBenchmarks.RejectFatalConflictImmediately: .NET 9.0(Runtime=.NET 9.0, Toolchain=net9.0)

// **************************
// Benchmark: ConflictResolutionBenchmarks.ResolveTransientConflictWithMerge: .NET 10.0(Runtime=.NET 10.0, Toolchain=net10.0)
// *** Execute ***
// Launch: 1 / 1
// Execute: dotnet "EricksonLopez.Concurrency.Benchmarks-.NET 10.0-1.dll" --anonymousPipes 121 122 --benchmarkName EricksonLopez.Concurrency.Benchmarks.ConflictResolutionBenchmarks.ResolveTransientConflictWithMerge --job ".NET 10.0" --benchmarkId 5 in /home/runner/work/dotnet-concurrency/dotnet-concurrency/benchmarks/EricksonLopez.Concurrency.Benchmarks/bin/Release/net10.0/EricksonLopez.Concurrency.Benchmarks-.NET 10.0-1/bin/Release/net10.0
// Failed to set up high priority (Permission denied). In order to run benchmarks with high priority, make sure you have the right permissions.
// BeforeAnythingElse

// Benchmark Process Environment Information:
// BenchmarkDotNet v0.15.8
// Runtime=.NET 10.0.11 (10.0.11, 10.0.1126.37416), X64 RyuJIT x86-64-v4
// GC=Concurrent Workstation
// HardwareIntrinsics=AVX512 BITALG+VBMI2+VNNI+VPOPCNTDQ,AVX512 IFMA+VBMI,AVX512 F+BW+CD+DQ+VL,AVX2+BMI1+BMI2+F16C+FMA+LZCNT+MOVBE,AVX,SSE3+SSSE3+SSE4.1+SSE4.2+POPCNT,X86Base+SSE+SSE2,AES+PCLMUL VectorSize=256
// Job: .NET 10.0

OverheadJitting  1: 1 op, 179204.00 ns, 179.2040 us/op
WorkloadJitting  1: 1 op, 7154341.00 ns, 7.1543 ms/op

OverheadJitting  2: 16 op, 186405.00 ns, 11.6503 us/op
WorkloadJitting  2: 16 op, 282827.00 ns, 17.6767 us/op

WorkloadPilot    1: 16 op, 33319.00 ns, 2.0824 us/op
WorkloadPilot    2: 32 op, 38637.00 ns, 1.2074 us/op
WorkloadPilot    3: 64 op, 69943.00 ns, 1.0929 us/op
WorkloadPilot    4: 128 op, 85717.00 ns, 669.6641 ns/op
WorkloadPilot    5: 256 op, 164252.00 ns, 641.6094 ns/op
WorkloadPilot    6: 512 op, 279733.00 ns, 546.3535 ns/op
WorkloadPilot    7: 1024 op, 538505.00 ns, 525.8838 ns/op
WorkloadPilot    8: 2048 op, 979385.00 ns, 478.2153 ns/op
WorkloadPilot    9: 4096 op, 2028923.00 ns, 495.3425 ns/op
WorkloadPilot   10: 8192 op, 4138654.00 ns, 505.2068 ns/op
WorkloadPilot   11: 16384 op, 8186234.00 ns, 499.6481 ns/op
WorkloadPilot   12: 32768 op, 16156558.00 ns, 493.0590 ns/op
WorkloadPilot   13: 65536 op, 32679247.00 ns, 498.6457 ns/op
WorkloadPilot   14: 131072 op, 71739515.00 ns, 547.3291 ns/op
WorkloadPilot   15: 262144 op, 35868871.00 ns, 136.8289 ns/op
WorkloadPilot   16: 524288 op, 50178987.00 ns, 95.7088 ns/op
WorkloadPilot   17: 1048576 op, 99033010.00 ns, 94.4452 ns/op
WorkloadPilot   18: 2097152 op, 192867382.00 ns, 91.9663 ns/op
WorkloadPilot   19: 4194304 op, 403410953.00 ns, 96.1807 ns/op
WorkloadPilot   20: 8388608 op, 760329625.00 ns, 90.6384 ns/op

OverheadWarmup   1: 8388608 op, 16673892.00 ns, 1.9877 ns/op
OverheadWarmup   2: 8388608 op, 16642075.00 ns, 1.9839 ns/op
OverheadWarmup   3: 8388608 op, 16602036.00 ns, 1.9791 ns/op
OverheadWarmup   4: 8388608 op, 16614985.00 ns, 1.9807 ns/op
OverheadWarmup   5: 8388608 op, 16627453.00 ns, 1.9821 ns/op
OverheadWarmup   6: 8388608 op, 16615835.00 ns, 1.9808 ns/op
OverheadWarmup   7: 8388608 op, 16598380.00 ns, 1.9787 ns/op
OverheadWarmup   8: 8388608 op, 16638890.00 ns, 1.9835 ns/op
OverheadWarmup   9: 8388608 op, 16603578.00 ns, 1.9793 ns/op

OverheadActual   1: 8388608 op, 16612521.00 ns, 1.9804 ns/op
OverheadActual   2: 8388608 op, 16603528.00 ns, 1.9793 ns/op
OverheadActual   3: 8388608 op, 16606001.00 ns, 1.9796 ns/op
OverheadActual   4: 8388608 op, 16601585.00 ns, 1.9791 ns/op
OverheadActual   5: 8388608 op, 16604469.00 ns, 1.9794 ns/op
OverheadActual   6: 8388608 op, 16605441.00 ns, 1.9795 ns/op
OverheadActual   7: 8388608 op, 16589878.00 ns, 1.9777 ns/op
OverheadActual   8: 8388608 op, 16599472.00 ns, 1.9788 ns/op
OverheadActual   9: 8388608 op, 16592662.00 ns, 1.9780 ns/op
OverheadActual  10: 8388608 op, 16641735.00 ns, 1.9838 ns/op
OverheadActual  11: 8388608 op, 16596327.00 ns, 1.9784 ns/op
OverheadActual  12: 8388608 op, 16612261.00 ns, 1.9803 ns/op
OverheadActual  13: 8388608 op, 16739168.00 ns, 1.9955 ns/op
OverheadActual  14: 8388608 op, 17598615.00 ns, 2.0979 ns/op
OverheadActual  15: 8388608 op, 12087017.00 ns, 1.4409 ns/op
OverheadActual  16: 8388608 op, 12038665.00 ns, 1.4351 ns/op
OverheadActual  17: 8388608 op, 12083801.00 ns, 1.4405 ns/op
OverheadActual  18: 8388608 op, 12015911.00 ns, 1.4324 ns/op
OverheadActual  19: 8388608 op, 12019978.00 ns, 1.4329 ns/op
OverheadActual  20: 8388608 op, 12040708.00 ns, 1.4354 ns/op

WorkloadWarmup   1: 8388608 op, 770349192.00 ns, 91.8328 ns/op
WorkloadWarmup   2: 8388608 op, 792539119.00 ns, 94.4780 ns/op
WorkloadWarmup   3: 8388608 op, 763640108.00 ns, 91.0330 ns/op
WorkloadWarmup   4: 8388608 op, 764368502.00 ns, 91.1198 ns/op
WorkloadWarmup   5: 8388608 op, 760189298.00 ns, 90.6216 ns/op
WorkloadWarmup   6: 8388608 op, 762270829.00 ns, 90.8698 ns/op

// BeforeActualRun
WorkloadActual   1: 8388608 op, 773367625.00 ns, 92.1926 ns/op
WorkloadActual   2: 8388608 op, 769736582.00 ns, 91.7598 ns/op
WorkloadActual   3: 8388608 op, 768940600.00 ns, 91.6649 ns/op
WorkloadActual   4: 8388608 op, 769097252.00 ns, 91.6835 ns/op
WorkloadActual   5: 8388608 op, 770781157.00 ns, 91.8843 ns/op
WorkloadActual   6: 8388608 op, 771636738.00 ns, 91.9863 ns/op
WorkloadActual   7: 8388608 op, 771326841.00 ns, 91.9493 ns/op
WorkloadActual   8: 8388608 op, 771927327.00 ns, 92.0209 ns/op
WorkloadActual   9: 8388608 op, 768049367.00 ns, 91.5586 ns/op
WorkloadActual  10: 8388608 op, 773632572.00 ns, 92.2242 ns/op
WorkloadActual  11: 8388608 op, 769184892.00 ns, 91.6940 ns/op
WorkloadActual  12: 8388608 op, 770198110.00 ns, 91.8148 ns/op
WorkloadActual  13: 8388608 op, 768394162.00 ns, 91.5997 ns/op
WorkloadActual  14: 8388608 op, 771195520.00 ns, 91.9337 ns/op
WorkloadActual  15: 8388608 op, 770094437.00 ns, 91.8024 ns/op

// AfterActualRun
WorkloadResult   1: 8388608 op, 756767096.50 ns, 90.2137 ns/op
WorkloadResult   2: 8388608 op, 753136053.50 ns, 89.7808 ns/op
WorkloadResult   3: 8388608 op, 752340071.50 ns, 89.6859 ns/op
WorkloadResult   4: 8388608 op, 752496723.50 ns, 89.7046 ns/op
WorkloadResult   5: 8388608 op, 754180628.50 ns, 89.9053 ns/op
WorkloadResult   6: 8388608 op, 755036209.50 ns, 90.0073 ns/op
WorkloadResult   7: 8388608 op, 754726312.50 ns, 89.9704 ns/op
WorkloadResult   8: 8388608 op, 755326798.50 ns, 90.0420 ns/op
WorkloadResult   9: 8388608 op, 751448838.50 ns, 89.5797 ns/op
WorkloadResult  10: 8388608 op, 757032043.50 ns, 90.2453 ns/op
WorkloadResult  11: 8388608 op, 752584363.50 ns, 89.7150 ns/op
WorkloadResult  12: 8388608 op, 753597581.50 ns, 89.8358 ns/op
WorkloadResult  13: 8388608 op, 751793633.50 ns, 89.6208 ns/op
WorkloadResult  14: 8388608 op, 754594991.50 ns, 89.9547 ns/op
WorkloadResult  15: 8388608 op, 753493908.50 ns, 89.8235 ns/op
// GC:  112 0 0 1879132264 8388608
// Threading:  0 0 8388608

// AfterAll
// Benchmark Process 4320 has exited with code 0.

Mean = 89.872 ns, StdErr = 0.052 ns (0.06%), N = 15, StdDev = 0.202 ns
Min = 89.580 ns, Q1 = 89.710 ns, Median = 89.836 ns, Q3 = 89.989 ns, Max = 90.245 ns
IQR = 0.279 ns, LowerFence = 89.291 ns, UpperFence = 90.407 ns
ConfidenceInterval = [89.657 ns; 90.088 ns] (CI 99.9%), Margin = 0.215 ns (0.24% of Mean)
Skewness = 0.35, Kurtosis = 1.95, MValue = 2

// ** Remained 38 (70.4 %) benchmark(s) to run. Estimated finish 2026-09-06 7:04 (0h 6m from now) **
// **************************
// Benchmark: ConflictResolutionBenchmarks.RejectFatalConflictImmediately: .NET 10.0(Runtime=.NET 10.0, Toolchain=net10.0)
// *** Execute ***
// Launch: 1 / 1
// Execute: dotnet "EricksonLopez.Concurrency.Benchmarks-.NET 10.0-1.dll" --anonymousPipes 121 122 --benchmarkName EricksonLopez.Concurrency.Benchmarks.ConflictResolutionBenchmarks.RejectFatalConflictImmediately --job ".NET 10.0" --benchmarkId 6 in /home/runner/work/dotnet-concurrency/dotnet-concurrency/benchmarks/EricksonLopez.Concurrency.Benchmarks/bin/Release/net10.0/EricksonLopez.Concurrency.Benchmarks-.NET 10.0-1/bin/Release/net10.0
// Failed to set up high priority (Permission denied). In order to run benchmarks with high priority, make sure you have the right permissions.
// BeforeAnythingElse

// Benchmark Process Environment Information:
// BenchmarkDotNet v0.15.8
// Runtime=.NET 10.0.11 (10.0.11, 10.0.1126.37416), X64 RyuJIT x86-64-v4
// GC=Concurrent Workstation
// HardwareIntrinsics=AVX512 BITALG+VBMI2+VNNI+VPOPCNTDQ,AVX512 IFMA+VBMI,AVX512 F+BW+CD+DQ+VL,AVX2+BMI1+BMI2+F16C+FMA+LZCNT+MOVBE,AVX,SSE3+SSSE3+SSE4.1+SSE4.2+POPCNT,X86Base+SSE+SSE2,AES+PCLMUL VectorSize=256
// Job: .NET 10.0

OverheadJitting  1: 1 op, 179234.00 ns, 179.2340 us/op
WorkloadJitting  1: 1 op, 4886700.00 ns, 4.8867 ms/op

OverheadJitting  2: 16 op, 181157.00 ns, 11.3223 us/op
WorkloadJitting  2: 16 op, 310898.00 ns, 19.4311 us/op

WorkloadPilot    1: 16 op, 36253.00 ns, 2.2658 us/op
WorkloadPilot    2: 32 op, 36965.00 ns, 1.1552 us/op
WorkloadPilot    3: 64 op, 66488.00 ns, 1.0389 us/op
WorkloadPilot    4: 128 op, 79637.00 ns, 622.1641 ns/op
WorkloadPilot    5: 256 op, 125555.00 ns, 490.4492 ns/op
WorkloadPilot    6: 512 op, 266413.00 ns, 520.3379 ns/op
WorkloadPilot    7: 1024 op, 483012.00 ns, 471.6914 ns/op
WorkloadPilot    8: 2048 op, 868370.00 ns, 424.0088 ns/op
WorkloadPilot    9: 4096 op, 1797078.00 ns, 438.7397 ns/op
WorkloadPilot   10: 8192 op, 3655376.00 ns, 446.2129 ns/op
WorkloadPilot   11: 16384 op, 7123546.00 ns, 434.7867 ns/op
WorkloadPilot   12: 32768 op, 14243477.00 ns, 434.6764 ns/op
WorkloadPilot   13: 65536 op, 28129868.00 ns, 429.2277 ns/op
WorkloadPilot   14: 131072 op, 49630287.00 ns, 378.6490 ns/op
WorkloadPilot   15: 262144 op, 42944757.00 ns, 163.8212 ns/op
WorkloadPilot   16: 524288 op, 48152640.00 ns, 91.8439 ns/op
WorkloadPilot   17: 1048576 op, 90598361.00 ns, 86.4013 ns/op
WorkloadPilot   18: 2097152 op, 194405315.00 ns, 92.6997 ns/op
WorkloadPilot   19: 4194304 op, 361196562.00 ns, 86.1160 ns/op
WorkloadPilot   20: 8388608 op, 714446667.00 ns, 85.1687 ns/op

OverheadWarmup   1: 8388608 op, 16457734.00 ns, 1.9619 ns/op
OverheadWarmup   2: 8388608 op, 16508168.00 ns, 1.9679 ns/op
OverheadWarmup   3: 8388608 op, 16454269.00 ns, 1.9615 ns/op
OverheadWarmup   4: 8388608 op, 16444585.00 ns, 1.9603 ns/op
OverheadWarmup   5: 8388608 op, 16461210.00 ns, 1.9623 ns/op
OverheadWarmup   6: 8388608 op, 16440578.00 ns, 1.9599 ns/op

OverheadActual   1: 8388608 op, 16453939.00 ns, 1.9615 ns/op
OverheadActual   2: 8388608 op, 16489010.00 ns, 1.9656 ns/op
OverheadActual   3: 8388608 op, 16462812.00 ns, 1.9625 ns/op
OverheadActual   4: 8388608 op, 16472416.00 ns, 1.9637 ns/op
OverheadActual   5: 8388608 op, 16486287.00 ns, 1.9653 ns/op
OverheadActual   6: 8388608 op, 16439698.00 ns, 1.9598 ns/op
OverheadActual   7: 8388608 op, 16486746.00 ns, 1.9654 ns/op
OverheadActual   8: 8388608 op, 16457884.00 ns, 1.9619 ns/op
OverheadActual   9: 8388608 op, 16438737.00 ns, 1.9597 ns/op
OverheadActual  10: 8388608 op, 16473057.00 ns, 1.9637 ns/op
OverheadActual  11: 8388608 op, 16508909.00 ns, 1.9680 ns/op
OverheadActual  12: 8388608 op, 20229958.00 ns, 2.4116 ns/op
OverheadActual  13: 8388608 op, 11946540.00 ns, 1.4241 ns/op
OverheadActual  14: 8388608 op, 11867354.00 ns, 1.4147 ns/op
OverheadActual  15: 8388608 op, 11864970.00 ns, 1.4144 ns/op
OverheadActual  16: 8388608 op, 11861825.00 ns, 1.4140 ns/op
OverheadActual  17: 8388608 op, 11860173.00 ns, 1.4138 ns/op
OverheadActual  18: 8388608 op, 11879151.00 ns, 1.4161 ns/op
OverheadActual  19: 8388608 op, 11864900.00 ns, 1.4144 ns/op
OverheadActual  20: 8388608 op, 11859202.00 ns, 1.4137 ns/op

WorkloadWarmup   1: 8388608 op, 723150293.00 ns, 86.2062 ns/op
WorkloadWarmup   2: 8388608 op, 719227868.00 ns, 85.7386 ns/op
WorkloadWarmup   3: 8388608 op, 711091206.00 ns, 84.7687 ns/op
WorkloadWarmup   4: 8388608 op, 717919020.00 ns, 85.5826 ns/op
WorkloadWarmup   5: 8388608 op, 711113954.00 ns, 84.7714 ns/op
WorkloadWarmup   6: 8388608 op, 713191771.00 ns, 85.0191 ns/op
WorkloadWarmup   7: 8388608 op, 720045928.00 ns, 85.8362 ns/op
WorkloadWarmup   8: 8388608 op, 713763975.00 ns, 85.0873 ns/op

// BeforeActualRun
WorkloadActual   1: 8388608 op, 714741358.00 ns, 85.2038 ns/op
WorkloadActual   2: 8388608 op, 713703757.00 ns, 85.0801 ns/op
WorkloadActual   3: 8388608 op, 716810743.00 ns, 85.4505 ns/op
WorkloadActual   4: 8388608 op, 714100417.00 ns, 85.1274 ns/op
WorkloadActual   5: 8388608 op, 714857218.00 ns, 85.2176 ns/op
WorkloadActual   6: 8388608 op, 715983780.00 ns, 85.3519 ns/op
WorkloadActual   7: 8388608 op, 714424349.00 ns, 85.1660 ns/op
WorkloadActual   8: 8388608 op, 713514554.00 ns, 85.0576 ns/op
WorkloadActual   9: 8388608 op, 718961718.00 ns, 85.7069 ns/op
WorkloadActual  10: 8388608 op, 714508128.00 ns, 85.1760 ns/op
WorkloadActual  11: 8388608 op, 733411934.00 ns, 87.4295 ns/op
WorkloadActual  12: 8388608 op, 715598165.00 ns, 85.3059 ns/op
WorkloadActual  13: 8388608 op, 715492980.00 ns, 85.2934 ns/op
WorkloadActual  14: 8388608 op, 713425370.00 ns, 85.0469 ns/op
WorkloadActual  15: 8388608 op, 746171567.00 ns, 88.9506 ns/op

// AfterActualRun
WorkloadResult   1: 8388608 op, 698294539.50 ns, 83.2432 ns/op
WorkloadResult   2: 8388608 op, 697256938.50 ns, 83.1195 ns/op
WorkloadResult   3: 8388608 op, 700363924.50 ns, 83.4899 ns/op
WorkloadResult   4: 8388608 op, 697653598.50 ns, 83.1668 ns/op
WorkloadResult   5: 8388608 op, 698410399.50 ns, 83.2570 ns/op
WorkloadResult   6: 8388608 op, 699536961.50 ns, 83.3913 ns/op
WorkloadResult   7: 8388608 op, 697977530.50 ns, 83.2054 ns/op
WorkloadResult   8: 8388608 op, 697067735.50 ns, 83.0969 ns/op
WorkloadResult   9: 8388608 op, 702514899.50 ns, 83.7463 ns/op
WorkloadResult  10: 8388608 op, 698061309.50 ns, 83.2154 ns/op
WorkloadResult  11: 8388608 op, 699151346.50 ns, 83.3453 ns/op
WorkloadResult  12: 8388608 op, 699046161.50 ns, 83.3328 ns/op
WorkloadResult  13: 8388608 op, 696978551.50 ns, 83.0863 ns/op
// GC:  108 0 0 1812074488 8388608
// Threading:  0 0 8388608

// AfterAll
// Benchmark Process 4332 has exited with code 0.

Mean = 83.284 ns, StdErr = 0.051 ns (0.06%), N = 13, StdDev = 0.183 ns
Min = 83.086 ns, Q1 = 83.167 ns, Median = 83.243 ns, Q3 = 83.345 ns, Max = 83.746 ns
IQR = 0.179 ns, LowerFence = 82.899 ns, UpperFence = 83.613 ns
ConfidenceInterval = [83.065 ns; 83.503 ns] (CI 99.9%), Margin = 0.219 ns (0.26% of Mean)
Skewness = 1.1, Kurtosis = 3.51, MValue = 2

// ** Remained 37 (68.5 %) benchmark(s) to run. Estimated finish 2026-09-06 7:05 (0h 6m from now) **
// Build Error: Standard output: 
  
 Standard error: 
 /usr/share/dotnet/sdk/10.0.400/Microsoft.Common.CurrentVersion.targets(1891,5): error : Project '/home/runner/work/dotnet-concurrency/dotnet-concurrency/benchmarks/EricksonLopez.Concurrency.Benchmarks/EricksonLopez.Concurrency.Benchmarks.csproj' targets 'net10.0'. It cannot be referenced by a project that targets '.NETCoreApp,Version=v8.0'. [/home/runner/work/dotnet-concurrency/dotnet-concurrency/benchmarks/EricksonLopez.Concurrency.Benchmarks/bin/Release/net10.0/EricksonLopez.Concurrency.Benchmarks-.NET 8.0-2/BenchmarkDotNet.Autogenerated.csproj::TargetFramework=net8.0]
Build FAILED.
/usr/share/dotnet/sdk/10.0.400/Microsoft.Common.CurrentVersion.targets(1891,5): error : Project '/home/runner/work/dotnet-concurrency/dotnet-concurrency/benchmarks/EricksonLopez.Concurrency.Benchmarks/EricksonLopez.Concurrency.Benchmarks.csproj' targets 'net10.0'. It cannot be referenced by a project that targets '.NETCoreApp,Version=v8.0'. [/home/runner/work/dotnet-concurrency/dotnet-concurrency/benchmarks/EricksonLopez.Concurrency.Benchmarks/bin/Release/net10.0/EricksonLopez.Concurrency.Benchmarks-.NET 8.0-2/BenchmarkDotNet.Autogenerated.csproj::TargetFramework=net8.0]
    0 Warning(s)
    1 Error(s)
Time Elapsed 00:00:01.10

// BenchmarkDotNet has failed to build the auto-generated boilerplate code.
// It can be found in /home/runner/work/dotnet-concurrency/dotnet-concurrency/benchmarks/EricksonLopez.Concurrency.Benchmarks/bin/Release/net10.0/EricksonLopez.Concurrency.Benchmarks-.NET 8.0-2
// Please follow the troubleshooting guide: https://benchmarkdotnet.org/articles/guides/troubleshooting.html

// ** Remained 36 (66.7 %) benchmark(s) to run. Estimated finish 2026-09-06 7:04 (0h 6m from now) **
// Build Error: Standard output: 
  
 Standard error: 
 /usr/share/dotnet/sdk/10.0.400/Microsoft.Common.CurrentVersion.targets(1891,5): error : Project '/home/runner/work/dotnet-concurrency/dotnet-concurrency/benchmarks/EricksonLopez.Concurrency.Benchmarks/EricksonLopez.Concurrency.Benchmarks.csproj' targets 'net10.0'. It cannot be referenced by a project that targets '.NETCoreApp,Version=v8.0'. [/home/runner/work/dotnet-concurrency/dotnet-concurrency/benchmarks/EricksonLopez.Concurrency.Benchmarks/bin/Release/net10.0/EricksonLopez.Concurrency.Benchmarks-.NET 8.0-2/BenchmarkDotNet.Autogenerated.csproj::TargetFramework=net8.0]
Build FAILED.
/usr/share/dotnet/sdk/10.0.400/Microsoft.Common.CurrentVersion.targets(1891,5): error : Project '/home/runner/work/dotnet-concurrency/dotnet-concurrency/benchmarks/EricksonLopez.Concurrency.Benchmarks/EricksonLopez.Concurrency.Benchmarks.csproj' targets 'net10.0'. It cannot be referenced by a project that targets '.NETCoreApp,Version=v8.0'. [/home/runner/work/dotnet-concurrency/dotnet-concurrency/benchmarks/EricksonLopez.Concurrency.Benchmarks/bin/Release/net10.0/EricksonLopez.Concurrency.Benchmarks-.NET 8.0-2/BenchmarkDotNet.Autogenerated.csproj::TargetFramework=net8.0]
    0 Warning(s)
    1 Error(s)
Time Elapsed 00:00:01.10

// BenchmarkDotNet has failed to build the auto-generated boilerplate code.
// It can be found in /home/runner/work/dotnet-concurrency/dotnet-concurrency/benchmarks/EricksonLopez.Concurrency.Benchmarks/bin/Release/net10.0/EricksonLopez.Concurrency.Benchmarks-.NET 8.0-2
// Please follow the troubleshooting guide: https://benchmarkdotnet.org/articles/guides/troubleshooting.html

// ** Remained 35 (64.8 %) benchmark(s) to run. Estimated finish 2026-09-06 7:04 (0h 5m from now) **
// Build Error: Standard output: 
  
 Standard error: 
 /usr/share/dotnet/sdk/10.0.400/Microsoft.Common.CurrentVersion.targets(1891,5): error : Project '/home/runner/work/dotnet-concurrency/dotnet-concurrency/benchmarks/EricksonLopez.Concurrency.Benchmarks/EricksonLopez.Concurrency.Benchmarks.csproj' targets 'net10.0'. It cannot be referenced by a project that targets '.NETCoreApp,Version=v9.0'. [/home/runner/work/dotnet-concurrency/dotnet-concurrency/benchmarks/EricksonLopez.Concurrency.Benchmarks/bin/Release/net10.0/EricksonLopez.Concurrency.Benchmarks-.NET 9.0-3/BenchmarkDotNet.Autogenerated.csproj::TargetFramework=net9.0]
Build FAILED.
/usr/share/dotnet/sdk/10.0.400/Microsoft.Common.CurrentVersion.targets(1891,5): error : Project '/home/runner/work/dotnet-concurrency/dotnet-concurrency/benchmarks/EricksonLopez.Concurrency.Benchmarks/EricksonLopez.Concurrency.Benchmarks.csproj' targets 'net10.0'. It cannot be referenced by a project that targets '.NETCoreApp,Version=v9.0'. [/home/runner/work/dotnet-concurrency/dotnet-concurrency/benchmarks/EricksonLopez.Concurrency.Benchmarks/bin/Release/net10.0/EricksonLopez.Concurrency.Benchmarks-.NET 9.0-3/BenchmarkDotNet.Autogenerated.csproj::TargetFramework=net9.0]
    0 Warning(s)
    1 Error(s)
Time Elapsed 00:00:01.04

// BenchmarkDotNet has failed to build the auto-generated boilerplate code.
// It can be found in /home/runner/work/dotnet-concurrency/dotnet-concurrency/benchmarks/EricksonLopez.Concurrency.Benchmarks/bin/Release/net10.0/EricksonLopez.Concurrency.Benchmarks-.NET 9.0-3
// Please follow the troubleshooting guide: https://benchmarkdotnet.org/articles/guides/troubleshooting.html

// ** Remained 34 (63.0 %) benchmark(s) to run. Estimated finish 2026-09-06 7:03 (0h 5m from now) **
// Build Error: Standard output: 
  
 Standard error: 
 /usr/share/dotnet/sdk/10.0.400/Microsoft.Common.CurrentVersion.targets(1891,5): error : Project '/home/runner/work/dotnet-concurrency/dotnet-concurrency/benchmarks/EricksonLopez.Concurrency.Benchmarks/EricksonLopez.Concurrency.Benchmarks.csproj' targets 'net10.0'. It cannot be referenced by a project that targets '.NETCoreApp,Version=v9.0'. [/home/runner/work/dotnet-concurrency/dotnet-concurrency/benchmarks/EricksonLopez.Concurrency.Benchmarks/bin/Release/net10.0/EricksonLopez.Concurrency.Benchmarks-.NET 9.0-3/BenchmarkDotNet.Autogenerated.csproj::TargetFramework=net9.0]
Build FAILED.
/usr/share/dotnet/sdk/10.0.400/Microsoft.Common.CurrentVersion.targets(1891,5): error : Project '/home/runner/work/dotnet-concurrency/dotnet-concurrency/benchmarks/EricksonLopez.Concurrency.Benchmarks/EricksonLopez.Concurrency.Benchmarks.csproj' targets 'net10.0'. It cannot be referenced by a project that targets '.NETCoreApp,Version=v9.0'. [/home/runner/work/dotnet-concurrency/dotnet-concurrency/benchmarks/EricksonLopez.Concurrency.Benchmarks/bin/Release/net10.0/EricksonLopez.Concurrency.Benchmarks-.NET 9.0-3/BenchmarkDotNet.Autogenerated.csproj::TargetFramework=net9.0]
    0 Warning(s)
    1 Error(s)
Time Elapsed 00:00:01.04

// BenchmarkDotNet has failed to build the auto-generated boilerplate code.
// It can be found in /home/runner/work/dotnet-concurrency/dotnet-concurrency/benchmarks/EricksonLopez.Concurrency.Benchmarks/bin/Release/net10.0/EricksonLopez.Concurrency.Benchmarks-.NET 9.0-3
// Please follow the troubleshooting guide: https://benchmarkdotnet.org/articles/guides/troubleshooting.html

// ** Remained 33 (61.1 %) benchmark(s) to run. Estimated finish 2026-09-06 7:03 (0h 5m from now) **
// ***** BenchmarkRunner: Finish  *****

// * Export *
  benchmarks/results/results/EricksonLopez.Concurrency.Benchmarks.ConflictResolutionBenchmarks-report.csv
  benchmarks/results/results/EricksonLopez.Concurrency.Benchmarks.ConflictResolutionBenchmarks-report-github.md
  benchmarks/results/results/EricksonLopez.Concurrency.Benchmarks.ConflictResolutionBenchmarks-report.html
  benchmarks/results/results/EricksonLopez.Concurrency.Benchmarks.ConflictResolutionBenchmarks-report-full-compressed.json
  benchmarks/results/results/EricksonLopez.Concurrency.Benchmarks.ConflictResolutionBenchmarks-report-default.md

// * Detailed results *
ConflictResolutionBenchmarks.ResolveTransientConflictWithMerge: .NET 10.0(Runtime=.NET 10.0, Toolchain=net10.0)
Runtime = .NET 10.0.11 (10.0.11, 10.0.1126.37416), X64 RyuJIT x86-64-v4; GC = Concurrent Workstation
Mean = 89.872 ns, StdErr = 0.052 ns (0.06%), N = 15, StdDev = 0.202 ns
Min = 89.580 ns, Q1 = 89.710 ns, Median = 89.836 ns, Q3 = 89.989 ns, Max = 90.245 ns
IQR = 0.279 ns, LowerFence = 89.291 ns, UpperFence = 90.407 ns
ConfidenceInterval = [89.657 ns; 90.088 ns] (CI 99.9%), Margin = 0.215 ns (0.24% of Mean)
Skewness = 0.35, Kurtosis = 1.95, MValue = 2
-------------------- Histogram --------------------
[89.472 ns ; 90.353 ns) | @@@@@@@@@@@@@@@
---------------------------------------------------

ConflictResolutionBenchmarks.RejectFatalConflictImmediately: .NET 10.0(Runtime=.NET 10.0, Toolchain=net10.0)
Runtime = .NET 10.0.11 (10.0.11, 10.0.1126.37416), X64 RyuJIT x86-64-v4; GC = Concurrent Workstation
Mean = 83.284 ns, StdErr = 0.051 ns (0.06%), N = 13, StdDev = 0.183 ns
Min = 83.086 ns, Q1 = 83.167 ns, Median = 83.243 ns, Q3 = 83.345 ns, Max = 83.746 ns
IQR = 0.179 ns, LowerFence = 82.899 ns, UpperFence = 83.613 ns
ConfidenceInterval = [83.065 ns; 83.503 ns] (CI 99.9%), Margin = 0.219 ns (0.26% of Mean)
Skewness = 1.1, Kurtosis = 3.51, MValue = 2
-------------------- Histogram --------------------
[82.984 ns ; 83.849 ns) | @@@@@@@@@@@@@
---------------------------------------------------

ConflictResolutionBenchmarks.ResolveTransientConflictWithMerge: .NET 8.0(Runtime=.NET 8.0, Toolchain=net8.0)
Runtime = ; GC = 
There are not any results runs

ConflictResolutionBenchmarks.RejectFatalConflictImmediately: .NET 8.0(Runtime=.NET 8.0, Toolchain=net8.0)
Runtime = ; GC = 
There are not any results runs

ConflictResolutionBenchmarks.ResolveTransientConflictWithMerge: .NET 9.0(Runtime=.NET 9.0, Toolchain=net9.0)
Runtime = ; GC = 
There are not any results runs

ConflictResolutionBenchmarks.RejectFatalConflictImmediately: .NET 9.0(Runtime=.NET 9.0, Toolchain=net9.0)
Runtime = ; GC = 
There are not any results runs

// * Summary *

BenchmarkDotNet v0.15.8, Linux Ubuntu 24.04.4 LTS (Noble Numbat)
AMD EPYC 9V74 2.60GHz, 1 CPU, 4 logical and 2 physical cores
.NET SDK 10.0.400
  [Host]    : .NET 10.0.11 (10.0.11, 10.0.1126.37416), X64 RyuJIT x86-64-v4
  .NET 10.0 : .NET 10.0.11 (10.0.11, 10.0.1126.37416), X64 RyuJIT x86-64-v4


| Method                            | Job       | Runtime   | Mean     | Error    | StdDev   | Ratio | RatioSD | Gen0   | Allocated | Alloc Ratio |
|---------------------------------- |---------- |---------- |---------:|---------:|---------:|------:|--------:|-------:|----------:|------------:|
| ResolveTransientConflictWithMerge | .NET 10.0 | .NET 10.0 | 89.87 ns | 0.215 ns | 0.202 ns |     ? |       ? | 0.0134 |     224 B |           ? |
| RejectFatalConflictImmediately    | .NET 10.0 | .NET 10.0 | 83.28 ns | 0.219 ns | 0.183 ns |     ? |       ? | 0.0129 |     216 B |           ? |
| ResolveTransientConflictWithMerge | .NET 8.0  | .NET 8.0  |       NA |       NA |       NA |     ? |       ? |     NA |        NA |           ? |
| RejectFatalConflictImmediately    | .NET 8.0  | .NET 8.0  |       NA |       NA |       NA |     ? |       ? |     NA |        NA |           ? |
| ResolveTransientConflictWithMerge | .NET 9.0  | .NET 9.0  |       NA |       NA |       NA |     ? |       ? |     NA |        NA |           ? |
| RejectFatalConflictImmediately    | .NET 9.0  | .NET 9.0  |       NA |       NA |       NA |     ? |       ? |     NA |        NA |           ? |

Benchmarks with issues:
  ConflictResolutionBenchmarks.ResolveTransientConflictWithMerge: .NET 8.0(Runtime=.NET 8.0, Toolchain=net8.0)
  ConflictResolutionBenchmarks.RejectFatalConflictImmediately: .NET 8.0(Runtime=.NET 8.0, Toolchain=net8.0)
  ConflictResolutionBenchmarks.ResolveTransientConflictWithMerge: .NET 9.0(Runtime=.NET 9.0, Toolchain=net9.0)
  ConflictResolutionBenchmarks.RejectFatalConflictImmediately: .NET 9.0(Runtime=.NET 9.0, Toolchain=net9.0)

// * Warnings *
BaselineCustomAnalyzer
  Summary -> A question mark '?' symbol indicates that it was not possible to compute the (Ratio, RatioSD, Alloc Ratio) column(s) because the baseline or benchmark could not be found, or the baseline value is too close to zero.

// * Hints *
Outliers
  ConflictResolutionBenchmarks.RejectFatalConflictImmediately: .NET 10.0 -> 2 outliers were removed (87.43 ns, 88.95 ns)

// * Legends *
  Mean        : Arithmetic mean of all measurements
  Error       : Half of 99.9% confidence interval
  StdDev      : Standard deviation of all measurements
  Ratio       : Mean of the ratio distribution ([Current]/[Baseline])
  RatioSD     : Standard deviation of the ratio distribution ([Current]/[Baseline])
  Gen0        : GC Generation 0 collects per 1000 operations
  Allocated   : Allocated memory per single operation (managed only, inclusive, 1KB = 1024B)
  Alloc Ratio : Allocated memory ratio distribution ([Current]/[Baseline])
  1 ns        : 1 Nanosecond (0.000000001 sec)

// * Diagnostic Output - MemoryDiagnoser *


// ***** BenchmarkRunner: End *****
Run time: 00:00:38 (38.56 sec), executed benchmarks: 2

// Found 9 benchmarks:
//   OptimisticContentionBenchmarks.SingleWorkerUncontendedCas: .NET 10.0(Runtime=.NET 10.0, Toolchain=net10.0)
//   OptimisticContentionBenchmarks.ParallelContentionFourWorkers: .NET 10.0(Runtime=.NET 10.0, Toolchain=net10.0)
//   OptimisticContentionBenchmarks.VersionPreconditionMismatchEvaluation: .NET 10.0(Runtime=.NET 10.0, Toolchain=net10.0)
//   OptimisticContentionBenchmarks.SingleWorkerUncontendedCas: .NET 8.0(Runtime=.NET 8.0, Toolchain=net8.0)
//   OptimisticContentionBenchmarks.ParallelContentionFourWorkers: .NET 8.0(Runtime=.NET 8.0, Toolchain=net8.0)
//   OptimisticContentionBenchmarks.VersionPreconditionMismatchEvaluation: .NET 8.0(Runtime=.NET 8.0, Toolchain=net8.0)
//   OptimisticContentionBenchmarks.SingleWorkerUncontendedCas: .NET 9.0(Runtime=.NET 9.0, Toolchain=net9.0)
//   OptimisticContentionBenchmarks.ParallelContentionFourWorkers: .NET 9.0(Runtime=.NET 9.0, Toolchain=net9.0)
//   OptimisticContentionBenchmarks.VersionPreconditionMismatchEvaluation: .NET 9.0(Runtime=.NET 9.0, Toolchain=net9.0)

// **************************
// Benchmark: OptimisticContentionBenchmarks.SingleWorkerUncontendedCas: .NET 10.0(Runtime=.NET 10.0, Toolchain=net10.0)
// *** Execute ***
// Launch: 1 / 1
// Execute: dotnet "EricksonLopez.Concurrency.Benchmarks-.NET 10.0-1.dll" --anonymousPipes 121 122 --benchmarkName EricksonLopez.Concurrency.Benchmarks.OptimisticContentionBenchmarks.SingleWorkerUncontendedCas --job ".NET 10.0" --benchmarkId 7 in /home/runner/work/dotnet-concurrency/dotnet-concurrency/benchmarks/EricksonLopez.Concurrency.Benchmarks/bin/Release/net10.0/EricksonLopez.Concurrency.Benchmarks-.NET 10.0-1/bin/Release/net10.0
// Failed to set up high priority (Permission denied). In order to run benchmarks with high priority, make sure you have the right permissions.
// BeforeAnythingElse

// Benchmark Process Environment Information:
// BenchmarkDotNet v0.15.8
// Runtime=.NET 10.0.11 (10.0.11, 10.0.1126.37416), X64 RyuJIT x86-64-v4
// GC=Concurrent Workstation
// HardwareIntrinsics=AVX512 BITALG+VBMI2+VNNI+VPOPCNTDQ,AVX512 IFMA+VBMI,AVX512 F+BW+CD+DQ+VL,AVX2+BMI1+BMI2+F16C+FMA+LZCNT+MOVBE,AVX,SSE3+SSSE3+SSE4.1+SSE4.2+POPCNT,X86Base+SSE+SSE2,AES+PCLMUL VectorSize=256
// Job: .NET 10.0

OverheadJitting  1: 1 op, 180476.00 ns, 180.4760 us/op
WorkloadJitting  1: 1 op, 7523108.00 ns, 7.5231 ms/op

OverheadJitting  2: 16 op, 183070.00 ns, 11.4419 us/op
WorkloadJitting  2: 16 op, 253974.00 ns, 15.8734 us/op

WorkloadPilot    1: 16 op, 17166.00 ns, 1.0729 us/op
WorkloadPilot    2: 32 op, 23575.00 ns, 736.7188 ns/op
WorkloadPilot    3: 64 op, 36404.00 ns, 568.8125 ns/op
WorkloadPilot    4: 128 op, 77144.00 ns, 602.6875 ns/op
WorkloadPilot    5: 256 op, 146736.00 ns, 573.1875 ns/op
WorkloadPilot    6: 512 op, 262647.00 ns, 512.9824 ns/op
WorkloadPilot    7: 1024 op, 510874.00 ns, 498.9004 ns/op
WorkloadPilot    8: 2048 op, 1042768.00 ns, 509.1641 ns/op
WorkloadPilot    9: 4096 op, 2065417.00 ns, 504.2522 ns/op
WorkloadPilot   10: 8192 op, 4100549.00 ns, 500.5553 ns/op
WorkloadPilot   11: 16384 op, 8313674.00 ns, 507.4264 ns/op
WorkloadPilot   12: 32768 op, 16450067.00 ns, 502.0162 ns/op
WorkloadPilot   13: 65536 op, 32918431.00 ns, 502.2954 ns/op
WorkloadPilot   14: 131072 op, 67733991.00 ns, 516.7693 ns/op
WorkloadPilot   15: 262144 op, 53116718.00 ns, 202.6242 ns/op
WorkloadPilot   16: 524288 op, 97806214.00 ns, 186.5505 ns/op
WorkloadPilot   17: 1048576 op, 186192322.00 ns, 177.5668 ns/op
WorkloadPilot   18: 2097152 op, 372510139.00 ns, 177.6267 ns/op
WorkloadPilot   19: 4194304 op, 746687077.00 ns, 178.0241 ns/op

OverheadWarmup   1: 4194304 op, 9398646.00 ns, 2.2408 ns/op
OverheadWarmup   2: 4194304 op, 9405596.00 ns, 2.2425 ns/op
OverheadWarmup   3: 4194304 op, 9374330.00 ns, 2.2350 ns/op
OverheadWarmup   4: 4194304 op, 9419747.00 ns, 2.2458 ns/op
OverheadWarmup   5: 4194304 op, 9404715.00 ns, 2.2423 ns/op

OverheadActual   1: 4194304 op, 9436392.00 ns, 2.2498 ns/op
OverheadActual   2: 4194304 op, 9424434.00 ns, 2.2470 ns/op
OverheadActual   3: 4194304 op, 9405195.00 ns, 2.2424 ns/op
OverheadActual   4: 4194304 op, 9407649.00 ns, 2.2430 ns/op
OverheadActual   5: 4194304 op, 9391174.00 ns, 2.2390 ns/op
OverheadActual   6: 4194304 op, 9367961.00 ns, 2.2335 ns/op
OverheadActual   7: 4194304 op, 9366548.00 ns, 2.2332 ns/op
OverheadActual   8: 4194304 op, 9373188.00 ns, 2.2347 ns/op
OverheadActual   9: 4194304 op, 9374380.00 ns, 2.2350 ns/op
OverheadActual  10: 4194304 op, 9416011.00 ns, 2.2450 ns/op
OverheadActual  11: 4194304 op, 9369643.00 ns, 2.2339 ns/op
OverheadActual  12: 4194304 op, 9367169.00 ns, 2.2333 ns/op
OverheadActual  13: 4194304 op, 9371305.00 ns, 2.2343 ns/op
OverheadActual  14: 4194304 op, 9553795.00 ns, 2.2778 ns/op
OverheadActual  15: 4194304 op, 10119349.00 ns, 2.4126 ns/op

WorkloadWarmup   1: 4194304 op, 764388896.00 ns, 182.2445 ns/op
WorkloadWarmup   2: 4194304 op, 753038408.00 ns, 179.5383 ns/op
WorkloadWarmup   3: 4194304 op, 744358103.00 ns, 177.4688 ns/op
WorkloadWarmup   4: 4194304 op, 744795369.00 ns, 177.5731 ns/op
WorkloadWarmup   5: 4194304 op, 759660154.00 ns, 181.1171 ns/op
WorkloadWarmup   6: 4194304 op, 745783538.00 ns, 177.8087 ns/op
WorkloadWarmup   7: 4194304 op, 745596855.00 ns, 177.7641 ns/op
WorkloadWarmup   8: 4194304 op, 745016508.00 ns, 177.6258 ns/op
WorkloadWarmup   9: 4194304 op, 748524182.00 ns, 178.4621 ns/op
WorkloadWarmup  10: 4194304 op, 744820419.00 ns, 177.5790 ns/op

// BeforeActualRun
WorkloadActual   1: 4194304 op, 747997876.00 ns, 178.3366 ns/op
WorkloadActual   2: 4194304 op, 745096952.00 ns, 177.6450 ns/op
WorkloadActual   3: 4194304 op, 745172234.00 ns, 177.6629 ns/op
WorkloadActual   4: 4194304 op, 745182529.00 ns, 177.6654 ns/op
WorkloadActual   5: 4194304 op, 753476001.00 ns, 179.6427 ns/op
WorkloadActual   6: 4194304 op, 745736010.00 ns, 177.7973 ns/op
WorkloadActual   7: 4194304 op, 745179579.00 ns, 177.6647 ns/op
WorkloadActual   8: 4194304 op, 746660584.00 ns, 178.0178 ns/op
WorkloadActual   9: 4194304 op, 749061991.00 ns, 178.5903 ns/op
WorkloadActual  10: 4194304 op, 745822828.00 ns, 177.8180 ns/op
WorkloadActual  11: 4194304 op, 744840359.00 ns, 177.5838 ns/op
WorkloadActual  12: 4194304 op, 744901819.00 ns, 177.5984 ns/op
WorkloadActual  13: 4194304 op, 744598281.00 ns, 177.5261 ns/op
WorkloadActual  14: 4194304 op, 744577254.00 ns, 177.5211 ns/op
WorkloadActual  15: 4194304 op, 744913015.00 ns, 177.6011 ns/op

// AfterActualRun
WorkloadResult   1: 4194304 op, 738606702.00 ns, 176.0976 ns/op
WorkloadResult   2: 4194304 op, 735705778.00 ns, 175.4059 ns/op
WorkloadResult   3: 4194304 op, 735781060.00 ns, 175.4239 ns/op
WorkloadResult   4: 4194304 op, 735791355.00 ns, 175.4263 ns/op
WorkloadResult   5: 4194304 op, 736344836.00 ns, 175.5583 ns/op
WorkloadResult   6: 4194304 op, 735788405.00 ns, 175.4256 ns/op
WorkloadResult   7: 4194304 op, 737269410.00 ns, 175.7787 ns/op
WorkloadResult   8: 4194304 op, 736431654.00 ns, 175.5790 ns/op
WorkloadResult   9: 4194304 op, 735449185.00 ns, 175.3447 ns/op
WorkloadResult  10: 4194304 op, 735510645.00 ns, 175.3594 ns/op
WorkloadResult  11: 4194304 op, 735207107.00 ns, 175.2870 ns/op
WorkloadResult  12: 4194304 op, 735186080.00 ns, 175.2820 ns/op
WorkloadResult  13: 4194304 op, 735521841.00 ns, 175.3621 ns/op
// GC:  12 0 0 201329504 4194304
// Threading:  0 0 4194304

// AfterAll
// Benchmark Process 4354 has exited with code 0.

Mean = 175.487 ns, StdErr = 0.063 ns (0.04%), N = 13, StdDev = 0.228 ns
Min = 175.282 ns, Q1 = 175.359 ns, Median = 175.424 ns, Q3 = 175.558 ns, Max = 176.098 ns
IQR = 0.199 ns, LowerFence = 175.061 ns, UpperFence = 175.857 ns
ConfidenceInterval = [175.214 ns; 175.760 ns] (CI 99.9%), Margin = 0.273 ns (0.16% of Mean)
Skewness = 1.49, Kurtosis = 4.29, MValue = 2

// ** Remained 32 (59.3 %) benchmark(s) to run. Estimated finish 2026-09-06 7:03 (0h 5m from now) **
// **************************
// Benchmark: OptimisticContentionBenchmarks.ParallelContentionFourWorkers: .NET 10.0(Runtime=.NET 10.0, Toolchain=net10.0)
// *** Execute ***
// Launch: 1 / 1
// Execute: dotnet "EricksonLopez.Concurrency.Benchmarks-.NET 10.0-1.dll" --anonymousPipes 121 122 --benchmarkName EricksonLopez.Concurrency.Benchmarks.OptimisticContentionBenchmarks.ParallelContentionFourWorkers --job ".NET 10.0" --benchmarkId 8 in /home/runner/work/dotnet-concurrency/dotnet-concurrency/benchmarks/EricksonLopez.Concurrency.Benchmarks/bin/Release/net10.0/EricksonLopez.Concurrency.Benchmarks-.NET 10.0-1/bin/Release/net10.0
// Failed to set up high priority (Permission denied). In order to run benchmarks with high priority, make sure you have the right permissions.
// BeforeAnythingElse

// Benchmark Process Environment Information:
// BenchmarkDotNet v0.15.8
// Runtime=.NET 10.0.11 (10.0.11, 10.0.1126.37416), X64 RyuJIT x86-64-v4
// GC=Concurrent Workstation
// HardwareIntrinsics=AVX512 BITALG+VBMI2+VNNI+VPOPCNTDQ,AVX512 IFMA+VBMI,AVX512 F+BW+CD+DQ+VL,AVX2+BMI1+BMI2+F16C+FMA+LZCNT+MOVBE,AVX,SSE3+SSSE3+SSE4.1+SSE4.2+POPCNT,X86Base+SSE+SSE2,AES+PCLMUL VectorSize=256
// Job: .NET 10.0

OverheadJitting  1: 1 op, 174657.00 ns, 174.6570 us/op
WorkloadJitting  1: 1 op, 11741968.00 ns, 11.7420 ms/op

OverheadJitting  2: 16 op, 307403.00 ns, 19.2127 us/op
WorkloadJitting  2: 16 op, 656709.00 ns, 41.0443 us/op

WorkloadPilot    1: 16 op, 145584.00 ns, 9.0990 us/op
WorkloadPilot    2: 32 op, 217571.00 ns, 6.7991 us/op
WorkloadPilot    3: 64 op, 393490.00 ns, 6.1483 us/op
WorkloadPilot    4: 128 op, 553696.00 ns, 4.3258 us/op
WorkloadPilot    5: 256 op, 1156687.00 ns, 4.5183 us/op
WorkloadPilot    6: 512 op, 1975174.00 ns, 3.8578 us/op
WorkloadPilot    7: 1024 op, 3952281.00 ns, 3.8596 us/op
WorkloadPilot    8: 2048 op, 8182261.00 ns, 3.9952 us/op
WorkloadPilot    9: 4096 op, 16036718.00 ns, 3.9152 us/op
WorkloadPilot   10: 8192 op, 32100498.00 ns, 3.9185 us/op
WorkloadPilot   11: 16384 op, 76404469.00 ns, 4.6634 us/op
WorkloadPilot   12: 32768 op, 199188781.00 ns, 6.0788 us/op
WorkloadPilot   13: 65536 op, 173071061.00 ns, 2.6409 us/op
WorkloadPilot   14: 131072 op, 360524650.00 ns, 2.7506 us/op
WorkloadPilot   15: 262144 op, 553980153.00 ns, 2.1133 us/op

OverheadWarmup   1: 262144 op, 612323.00 ns, 2.3358 ns/op
OverheadWarmup   2: 262144 op, 595268.00 ns, 2.2708 ns/op
OverheadWarmup   3: 262144 op, 598182.00 ns, 2.2819 ns/op
OverheadWarmup   4: 262144 op, 595108.00 ns, 2.2702 ns/op
OverheadWarmup   5: 262144 op, 595018.00 ns, 2.2698 ns/op
OverheadWarmup   6: 262144 op, 605253.00 ns, 2.3089 ns/op
OverheadWarmup   7: 262144 op, 605754.00 ns, 2.3108 ns/op
OverheadWarmup   8: 262144 op, 606705.00 ns, 2.3144 ns/op
OverheadWarmup   9: 262144 op, 605313.00 ns, 2.3091 ns/op

OverheadActual   1: 262144 op, 607786.00 ns, 2.3185 ns/op
OverheadActual   2: 262144 op, 607075.00 ns, 2.3158 ns/op
OverheadActual   3: 262144 op, 595319.00 ns, 2.2710 ns/op
OverheadActual   4: 262144 op, 607346.00 ns, 2.3168 ns/op
OverheadActual   5: 262144 op, 595429.00 ns, 2.2714 ns/op
OverheadActual   6: 262144 op, 606455.00 ns, 2.3134 ns/op
OverheadActual   7: 262144 op, 670219.00 ns, 2.5567 ns/op
OverheadActual   8: 262144 op, 606765.00 ns, 2.3146 ns/op
OverheadActual   9: 262144 op, 606906.00 ns, 2.3152 ns/op
OverheadActual  10: 262144 op, 607126.00 ns, 2.3160 ns/op
OverheadActual  11: 262144 op, 607807.00 ns, 2.3186 ns/op
OverheadActual  12: 262144 op, 608577.00 ns, 2.3215 ns/op
OverheadActual  13: 262144 op, 606956.00 ns, 2.3154 ns/op
OverheadActual  14: 262144 op, 595829.00 ns, 2.2729 ns/op
OverheadActual  15: 262144 op, 595208.00 ns, 2.2705 ns/op

WorkloadWarmup   1: 262144 op, 667033890.00 ns, 2.5445 us/op
WorkloadWarmup   2: 262144 op, 540885965.00 ns, 2.0633 us/op
WorkloadWarmup   3: 262144 op, 539926369.00 ns, 2.0597 us/op
WorkloadWarmup   4: 262144 op, 535710129.00 ns, 2.0436 us/op
WorkloadWarmup   5: 262144 op, 612028019.00 ns, 2.3347 us/op
WorkloadWarmup   6: 262144 op, 554886484.00 ns, 2.1167 us/op
WorkloadWarmup   7: 262144 op, 552737663.00 ns, 2.1085 us/op
WorkloadWarmup   8: 262144 op, 612537565.00 ns, 2.3366 us/op
WorkloadWarmup   9: 262144 op, 534354770.00 ns, 2.0384 us/op

// BeforeActualRun
WorkloadActual   1: 262144 op, 673201063.00 ns, 2.5681 us/op
WorkloadActual   2: 262144 op, 576165090.00 ns, 2.1979 us/op
WorkloadActual   3: 262144 op, 668915830.00 ns, 2.5517 us/op
WorkloadActual   4: 262144 op, 558703085.00 ns, 2.1313 us/op
WorkloadActual   5: 262144 op, 539737432.00 ns, 2.0589 us/op
WorkloadActual   6: 262144 op, 660571883.00 ns, 2.5199 us/op
WorkloadActual   7: 262144 op, 557647232.00 ns, 2.1273 us/op
WorkloadActual   8: 262144 op, 555639825.00 ns, 2.1196 us/op
WorkloadActual   9: 262144 op, 564307434.00 ns, 2.1527 us/op
WorkloadActual  10: 262144 op, 605181314.00 ns, 2.3086 us/op
WorkloadActual  11: 262144 op, 674504122.00 ns, 2.5730 us/op
WorkloadActual  12: 262144 op, 606973745.00 ns, 2.3154 us/op
WorkloadActual  13: 262144 op, 564652381.00 ns, 2.1540 us/op
WorkloadActual  14: 262144 op, 561678002.00 ns, 2.1426 us/op
WorkloadActual  15: 262144 op, 601553640.00 ns, 2.2947 us/op
WorkloadActual  16: 262144 op, 659793863.00 ns, 2.5169 us/op
WorkloadActual  17: 262144 op, 575684914.00 ns, 2.1961 us/op
WorkloadActual  18: 262144 op, 545698279.00 ns, 2.0817 us/op
WorkloadActual  19: 262144 op, 555041698.00 ns, 2.1173 us/op
WorkloadActual  20: 262144 op, 590887059.00 ns, 2.2541 us/op
WorkloadActual  21: 262144 op, 569783555.00 ns, 2.1736 us/op
WorkloadActual  22: 262144 op, 538744756.00 ns, 2.0551 us/op
WorkloadActual  23: 262144 op, 613876805.00 ns, 2.3418 us/op
WorkloadActual  24: 262144 op, 558305826.00 ns, 2.1298 us/op
WorkloadActual  25: 262144 op, 644684183.00 ns, 2.4593 us/op
WorkloadActual  26: 262144 op, 557012038.00 ns, 2.1248 us/op
WorkloadActual  27: 262144 op, 626259995.00 ns, 2.3890 us/op
WorkloadActual  28: 262144 op, 565867090.00 ns, 2.1586 us/op
WorkloadActual  29: 262144 op, 550750799.00 ns, 2.1009 us/op
WorkloadActual  30: 262144 op, 576298979.00 ns, 2.1984 us/op
WorkloadActual  31: 262144 op, 563815793.00 ns, 2.1508 us/op
WorkloadActual  32: 262144 op, 598040252.00 ns, 2.2813 us/op
WorkloadActual  33: 262144 op, 565637687.00 ns, 2.1577 us/op
WorkloadActual  34: 262144 op, 628349574.00 ns, 2.3970 us/op
WorkloadActual  35: 262144 op, 565948756.00 ns, 2.1589 us/op
WorkloadActual  36: 262144 op, 542420466.00 ns, 2.0692 us/op
WorkloadActual  37: 262144 op, 627018786.00 ns, 2.3919 us/op
WorkloadActual  38: 262144 op, 567810810.00 ns, 2.1660 us/op
WorkloadActual  39: 262144 op, 575147265.00 ns, 2.1940 us/op
WorkloadActual  40: 262144 op, 557815046.00 ns, 2.1279 us/op
WorkloadActual  41: 262144 op, 606359743.00 ns, 2.3131 us/op
WorkloadActual  42: 262144 op, 548622747.00 ns, 2.0928 us/op
WorkloadActual  43: 262144 op, 569361410.00 ns, 2.1719 us/op
WorkloadActual  44: 262144 op, 645326574.00 ns, 2.4617 us/op
WorkloadActual  45: 262144 op, 595671246.00 ns, 2.2723 us/op
WorkloadActual  46: 262144 op, 557103385.00 ns, 2.1252 us/op
WorkloadActual  47: 262144 op, 554659433.00 ns, 2.1159 us/op
WorkloadActual  48: 262144 op, 579408355.00 ns, 2.2103 us/op
WorkloadActual  49: 262144 op, 553821651.00 ns, 2.1127 us/op
WorkloadActual  50: 262144 op, 552029375.00 ns, 2.1058 us/op
WorkloadActual  51: 262144 op, 553567396.00 ns, 2.1117 us/op
WorkloadActual  52: 262144 op, 553266366.00 ns, 2.1105 us/op
WorkloadActual  53: 262144 op, 624589938.00 ns, 2.3826 us/op
WorkloadActual  54: 262144 op, 546129535.00 ns, 2.0833 us/op
WorkloadActual  55: 262144 op, 538378837.00 ns, 2.0538 us/op
WorkloadActual  56: 262144 op, 555847950.00 ns, 2.1204 us/op
WorkloadActual  57: 262144 op, 563322797.00 ns, 2.1489 us/op
WorkloadActual  58: 262144 op, 610173133.00 ns, 2.3276 us/op
WorkloadActual  59: 262144 op, 553008576.00 ns, 2.1096 us/op
WorkloadActual  60: 262144 op, 535088652.00 ns, 2.0412 us/op
WorkloadActual  61: 262144 op, 557118891.00 ns, 2.1252 us/op
WorkloadActual  62: 262144 op, 570799280.00 ns, 2.1774 us/op
WorkloadActual  63: 262144 op, 558886370.00 ns, 2.1320 us/op
WorkloadActual  64: 262144 op, 603911954.00 ns, 2.3037 us/op
WorkloadActual  65: 262144 op, 610282054.00 ns, 2.3280 us/op
WorkloadActual  66: 262144 op, 549822073.00 ns, 2.0974 us/op
WorkloadActual  67: 262144 op, 618189473.00 ns, 2.3582 us/op
WorkloadActual  68: 262144 op, 565365931.00 ns, 2.1567 us/op
WorkloadActual  69: 262144 op, 526752660.00 ns, 2.0094 us/op
WorkloadActual  70: 262144 op, 518676972.00 ns, 1.9786 us/op
WorkloadActual  71: 262144 op, 584184302.00 ns, 2.2285 us/op
WorkloadActual  72: 262144 op, 588386523.00 ns, 2.2445 us/op
WorkloadActual  73: 262144 op, 566722924.00 ns, 2.1619 us/op
WorkloadActual  74: 262144 op, 563739251.00 ns, 2.1505 us/op
WorkloadActual  75: 262144 op, 614584568.00 ns, 2.3445 us/op
WorkloadActual  76: 262144 op, 596282435.00 ns, 2.2746 us/op
WorkloadActual  77: 262144 op, 562335530.00 ns, 2.1451 us/op
WorkloadActual  78: 262144 op, 590509566.00 ns, 2.2526 us/op
WorkloadActual  79: 262144 op, 548043713.00 ns, 2.0906 us/op
WorkloadActual  80: 262144 op, 545090227.00 ns, 2.0794 us/op
WorkloadActual  81: 262144 op, 554304465.00 ns, 2.1145 us/op
WorkloadActual  82: 262144 op, 613509911.00 ns, 2.3404 us/op
WorkloadActual  83: 262144 op, 553470595.00 ns, 2.1113 us/op
WorkloadActual  84: 262144 op, 547388068.00 ns, 2.0881 us/op
WorkloadActual  85: 262144 op, 549263316.00 ns, 2.0953 us/op
WorkloadActual  86: 262144 op, 552677814.00 ns, 2.1083 us/op
WorkloadActual  87: 262144 op, 596132044.00 ns, 2.2741 us/op
WorkloadActual  88: 262144 op, 558492636.00 ns, 2.1305 us/op
WorkloadActual  89: 262144 op, 539368829.00 ns, 2.0575 us/op

// AfterActualRun
WorkloadResult   1: 262144 op, 575558134.00 ns, 2.1956 us/op
WorkloadResult   2: 262144 op, 558096129.00 ns, 2.1290 us/op
WorkloadResult   3: 262144 op, 539130476.00 ns, 2.0566 us/op
WorkloadResult   4: 262144 op, 659964927.00 ns, 2.5176 us/op
WorkloadResult   5: 262144 op, 557040276.00 ns, 2.1249 us/op
WorkloadResult   6: 262144 op, 555032869.00 ns, 2.1173 us/op
WorkloadResult   7: 262144 op, 563700478.00 ns, 2.1503 us/op
WorkloadResult   8: 262144 op, 604574358.00 ns, 2.3063 us/op
WorkloadResult   9: 262144 op, 606366789.00 ns, 2.3131 us/op
WorkloadResult  10: 262144 op, 564045425.00 ns, 2.1517 us/op
WorkloadResult  11: 262144 op, 561071046.00 ns, 2.1403 us/op
WorkloadResult  12: 262144 op, 600946684.00 ns, 2.2924 us/op
WorkloadResult  13: 262144 op, 659186907.00 ns, 2.5146 us/op
WorkloadResult  14: 262144 op, 575077958.00 ns, 2.1937 us/op
WorkloadResult  15: 262144 op, 545091323.00 ns, 2.0794 us/op
WorkloadResult  16: 262144 op, 554434742.00 ns, 2.1150 us/op
WorkloadResult  17: 262144 op, 590280103.00 ns, 2.2517 us/op
WorkloadResult  18: 262144 op, 569176599.00 ns, 2.1712 us/op
WorkloadResult  19: 262144 op, 538137800.00 ns, 2.0528 us/op
WorkloadResult  20: 262144 op, 613269849.00 ns, 2.3394 us/op
WorkloadResult  21: 262144 op, 557698870.00 ns, 2.1275 us/op
WorkloadResult  22: 262144 op, 644077227.00 ns, 2.4570 us/op
WorkloadResult  23: 262144 op, 556405082.00 ns, 2.1225 us/op
WorkloadResult  24: 262144 op, 625653039.00 ns, 2.3867 us/op
WorkloadResult  25: 262144 op, 565260134.00 ns, 2.1563 us/op
WorkloadResult  26: 262144 op, 550143843.00 ns, 2.0986 us/op
WorkloadResult  27: 262144 op, 575692023.00 ns, 2.1961 us/op
WorkloadResult  28: 262144 op, 563208837.00 ns, 2.1485 us/op
WorkloadResult  29: 262144 op, 597433296.00 ns, 2.2790 us/op
WorkloadResult  30: 262144 op, 565030731.00 ns, 2.1554 us/op
WorkloadResult  31: 262144 op, 627742618.00 ns, 2.3946 us/op
WorkloadResult  32: 262144 op, 565341800.00 ns, 2.1566 us/op
WorkloadResult  33: 262144 op, 541813510.00 ns, 2.0669 us/op
WorkloadResult  34: 262144 op, 626411830.00 ns, 2.3896 us/op
WorkloadResult  35: 262144 op, 567203854.00 ns, 2.1637 us/op
WorkloadResult  36: 262144 op, 574540309.00 ns, 2.1917 us/op
WorkloadResult  37: 262144 op, 557208090.00 ns, 2.1256 us/op
WorkloadResult  38: 262144 op, 605752787.00 ns, 2.3108 us/op
WorkloadResult  39: 262144 op, 548015791.00 ns, 2.0905 us/op
WorkloadResult  40: 262144 op, 568754454.00 ns, 2.1696 us/op
WorkloadResult  41: 262144 op, 644719618.00 ns, 2.4594 us/op
WorkloadResult  42: 262144 op, 595064290.00 ns, 2.2700 us/op
WorkloadResult  43: 262144 op, 556496429.00 ns, 2.1229 us/op
WorkloadResult  44: 262144 op, 554052477.00 ns, 2.1135 us/op
WorkloadResult  45: 262144 op, 578801399.00 ns, 2.2080 us/op
WorkloadResult  46: 262144 op, 553214695.00 ns, 2.1103 us/op
WorkloadResult  47: 262144 op, 551422419.00 ns, 2.1035 us/op
WorkloadResult  48: 262144 op, 552960440.00 ns, 2.1094 us/op
WorkloadResult  49: 262144 op, 552659410.00 ns, 2.1082 us/op
WorkloadResult  50: 262144 op, 623982982.00 ns, 2.3803 us/op
WorkloadResult  51: 262144 op, 545522579.00 ns, 2.0810 us/op
WorkloadResult  52: 262144 op, 537771881.00 ns, 2.0514 us/op
WorkloadResult  53: 262144 op, 555240994.00 ns, 2.1181 us/op
WorkloadResult  54: 262144 op, 562715841.00 ns, 2.1466 us/op
WorkloadResult  55: 262144 op, 609566177.00 ns, 2.3253 us/op
WorkloadResult  56: 262144 op, 552401620.00 ns, 2.1072 us/op
WorkloadResult  57: 262144 op, 534481696.00 ns, 2.0389 us/op
WorkloadResult  58: 262144 op, 556511935.00 ns, 2.1229 us/op
WorkloadResult  59: 262144 op, 570192324.00 ns, 2.1751 us/op
WorkloadResult  60: 262144 op, 558279414.00 ns, 2.1297 us/op
WorkloadResult  61: 262144 op, 603304998.00 ns, 2.3014 us/op
WorkloadResult  62: 262144 op, 609675098.00 ns, 2.3257 us/op
WorkloadResult  63: 262144 op, 549215117.00 ns, 2.0951 us/op
WorkloadResult  64: 262144 op, 617582517.00 ns, 2.3559 us/op
WorkloadResult  65: 262144 op, 564758975.00 ns, 2.1544 us/op
WorkloadResult  66: 262144 op, 526145704.00 ns, 2.0071 us/op
WorkloadResult  67: 262144 op, 518070016.00 ns, 1.9763 us/op
WorkloadResult  68: 262144 op, 583577346.00 ns, 2.2262 us/op
WorkloadResult  69: 262144 op, 587779567.00 ns, 2.2422 us/op
WorkloadResult  70: 262144 op, 566115968.00 ns, 2.1596 us/op
WorkloadResult  71: 262144 op, 563132295.00 ns, 2.1482 us/op
WorkloadResult  72: 262144 op, 613977612.00 ns, 2.3421 us/op
WorkloadResult  73: 262144 op, 595675479.00 ns, 2.2723 us/op
WorkloadResult  74: 262144 op, 561728574.00 ns, 2.1428 us/op
WorkloadResult  75: 262144 op, 589902610.00 ns, 2.2503 us/op
WorkloadResult  76: 262144 op, 547436757.00 ns, 2.0883 us/op
WorkloadResult  77: 262144 op, 544483271.00 ns, 2.0770 us/op
WorkloadResult  78: 262144 op, 553697509.00 ns, 2.1122 us/op
WorkloadResult  79: 262144 op, 612902955.00 ns, 2.3380 us/op
WorkloadResult  80: 262144 op, 552863639.00 ns, 2.1090 us/op
WorkloadResult  81: 262144 op, 546781112.00 ns, 2.0858 us/op
WorkloadResult  82: 262144 op, 548656360.00 ns, 2.0930 us/op
WorkloadResult  83: 262144 op, 552070858.00 ns, 2.1060 us/op
WorkloadResult  84: 262144 op, 595525088.00 ns, 2.2717 us/op
WorkloadResult  85: 262144 op, 557885680.00 ns, 2.1282 us/op
WorkloadResult  86: 262144 op, 538761873.00 ns, 2.0552 us/op
// GC:  15 0 0 255775464 262144
// Threading:  1049327 0 262144

// AfterAll
// Benchmark Process 4396 has exited with code 0.

Mean = 2.188 μs, StdErr = 0.013 μs (0.58%), N = 86, StdDev = 0.117 μs
Min = 1.976 μs, Q1 = 2.109 μs, Median = 2.149 μs, Q3 = 2.271 μs, Max = 2.518 μs
IQR = 0.162 μs, LowerFence = 1.866 μs, UpperFence = 2.515 μs
ConfidenceInterval = [2.145 μs; 2.231 μs] (CI 99.9%), Margin = 0.043 μs (1.97% of Mean)
Skewness = 0.91, Kurtosis = 3.15, MValue = 2.33

// ** Remained 31 (57.4 %) benchmark(s) to run. Estimated finish 2026-09-06 7:05 (0h 6m from now) **
// **************************
// Benchmark: OptimisticContentionBenchmarks.VersionPreconditionMismatchEvaluation: .NET 10.0(Runtime=.NET 10.0, Toolchain=net10.0)
// *** Execute ***
// Launch: 1 / 1
// Execute: dotnet "EricksonLopez.Concurrency.Benchmarks-.NET 10.0-1.dll" --anonymousPipes 121 122 --benchmarkName EricksonLopez.Concurrency.Benchmarks.OptimisticContentionBenchmarks.VersionPreconditionMismatchEvaluation --job ".NET 10.0" --benchmarkId 9 in /home/runner/work/dotnet-concurrency/dotnet-concurrency/benchmarks/EricksonLopez.Concurrency.Benchmarks/bin/Release/net10.0/EricksonLopez.Concurrency.Benchmarks-.NET 10.0-1/bin/Release/net10.0
// Failed to set up high priority (Permission denied). In order to run benchmarks with high priority, make sure you have the right permissions.
// BeforeAnythingElse

// Benchmark Process Environment Information:
// BenchmarkDotNet v0.15.8
// Runtime=.NET 10.0.11 (10.0.11, 10.0.1126.37416), X64 RyuJIT x86-64-v4
// GC=Concurrent Workstation
// HardwareIntrinsics=AVX512 BITALG+VBMI2+VNNI+VPOPCNTDQ,AVX512 IFMA+VBMI,AVX512 F+BW+CD+DQ+VL,AVX2+BMI1+BMI2+F16C+FMA+LZCNT+MOVBE,AVX,SSE3+SSSE3+SSE4.1+SSE4.2+POPCNT,X86Base+SSE+SSE2,AES+PCLMUL VectorSize=256
// Job: .NET 10.0

OverheadJitting  1: 1 op, 189700.00 ns, 189.7000 us/op
WorkloadJitting  1: 1 op, 4961102.00 ns, 4.9611 ms/op

OverheadJitting  2: 16 op, 288786.00 ns, 18.0491 us/op
WorkloadJitting  2: 16 op, 331028.00 ns, 20.6893 us/op

WorkloadPilot    1: 16 op, 31346.00 ns, 1.9591 us/op
WorkloadPilot    2: 32 op, 37586.00 ns, 1.1746 us/op
WorkloadPilot    3: 64 op, 78545.00 ns, 1.2273 us/op
WorkloadPilot    4: 128 op, 129221.00 ns, 1.0095 us/op
WorkloadPilot    5: 256 op, 195609.00 ns, 764.0977 ns/op
WorkloadPilot    6: 512 op, 370657.00 ns, 723.9395 ns/op
WorkloadPilot    7: 1024 op, 702306.00 ns, 685.8457 ns/op
WorkloadPilot    8: 2048 op, 1322973.00 ns, 645.9829 ns/op
WorkloadPilot    9: 4096 op, 2727495.00 ns, 665.8923 ns/op
WorkloadPilot   10: 8192 op, 5320812.00 ns, 649.5132 ns/op
WorkloadPilot   11: 16384 op, 9301607.00 ns, 567.7250 ns/op
WorkloadPilot   12: 32768 op, 20055258.00 ns, 612.0379 ns/op
WorkloadPilot   13: 65536 op, 28324501.00 ns, 432.1976 ns/op
WorkloadPilot   14: 131072 op, 77723395.00 ns, 592.9824 ns/op
WorkloadPilot   15: 262144 op, 49407766.00 ns, 188.4757 ns/op
WorkloadPilot   16: 524288 op, 97195662.00 ns, 185.3860 ns/op
WorkloadPilot   17: 1048576 op, 195383508.00 ns, 186.3322 ns/op
WorkloadPilot   18: 2097152 op, 388562863.00 ns, 185.2812 ns/op
WorkloadPilot   19: 4194304 op, 777192649.00 ns, 185.2972 ns/op

OverheadWarmup   1: 4194304 op, 9517557.00 ns, 2.2692 ns/op
OverheadWarmup   2: 4194304 op, 9462405.00 ns, 2.2560 ns/op
OverheadWarmup   3: 4194304 op, 9457018.00 ns, 2.2547 ns/op
OverheadWarmup   4: 4194304 op, 9441755.00 ns, 2.2511 ns/op
OverheadWarmup   5: 4194304 op, 9456006.00 ns, 2.2545 ns/op
OverheadWarmup   6: 4194304 op, 9459051.00 ns, 2.2552 ns/op
OverheadWarmup   7: 4194304 op, 9449767.00 ns, 2.2530 ns/op
OverheadWarmup   8: 4194304 op, 9453923.00 ns, 2.2540 ns/op
OverheadWarmup   9: 4194304 op, 9460844.00 ns, 2.2556 ns/op
OverheadWarmup  10: 4194304 op, 9488214.00 ns, 2.2622 ns/op

OverheadActual   1: 4194304 op, 9458470.00 ns, 2.2551 ns/op
OverheadActual   2: 4194304 op, 9454975.00 ns, 2.2542 ns/op
OverheadActual   3: 4194304 op, 9450037.00 ns, 2.2531 ns/op
OverheadActual   4: 4194304 op, 9451730.00 ns, 2.2535 ns/op
OverheadActual   5: 4194304 op, 9628802.00 ns, 2.2957 ns/op
OverheadActual   6: 4194304 op, 9437238.00 ns, 2.2500 ns/op
OverheadActual   7: 4194304 op, 9440353.00 ns, 2.2508 ns/op
OverheadActual   8: 4194304 op, 9450128.00 ns, 2.2531 ns/op
OverheadActual   9: 4194304 op, 9577325.00 ns, 2.2834 ns/op
OverheadActual  10: 4194304 op, 9433613.00 ns, 2.2491 ns/op
OverheadActual  11: 4194304 op, 9544757.00 ns, 2.2756 ns/op
OverheadActual  12: 4194304 op, 9433383.00 ns, 2.2491 ns/op
OverheadActual  13: 4194304 op, 9439091.00 ns, 2.2505 ns/op
OverheadActual  14: 4194304 op, 9436388.00 ns, 2.2498 ns/op
OverheadActual  15: 4194304 op, 9456727.00 ns, 2.2547 ns/op

WorkloadWarmup   1: 4194304 op, 788525199.00 ns, 187.9991 ns/op
WorkloadWarmup   2: 4194304 op, 783796729.00 ns, 186.8717 ns/op
WorkloadWarmup   3: 4194304 op, 777481399.00 ns, 185.3660 ns/op
WorkloadWarmup   4: 4194304 op, 777701123.00 ns, 185.4184 ns/op
WorkloadWarmup   5: 4194304 op, 778115134.00 ns, 185.5171 ns/op
WorkloadWarmup   6: 4194304 op, 776598947.00 ns, 185.1556 ns/op
WorkloadWarmup   7: 4194304 op, 776795587.00 ns, 185.2025 ns/op
WorkloadWarmup   8: 4194304 op, 776389888.00 ns, 185.1058 ns/op

// BeforeActualRun
WorkloadActual   1: 4194304 op, 779690169.00 ns, 185.8926 ns/op
WorkloadActual   2: 4194304 op, 779109114.00 ns, 185.7541 ns/op
WorkloadActual   3: 4194304 op, 779174395.00 ns, 185.7697 ns/op
WorkloadActual   4: 4194304 op, 780717212.00 ns, 186.1375 ns/op
WorkloadActual   5: 4194304 op, 779293762.00 ns, 185.7981 ns/op
WorkloadActual   6: 4194304 op, 779062481.00 ns, 185.7430 ns/op
WorkloadActual   7: 4194304 op, 781256728.00 ns, 186.2661 ns/op
WorkloadActual   8: 4194304 op, 788668137.00 ns, 188.0331 ns/op
WorkloadActual   9: 4194304 op, 789771395.00 ns, 188.2962 ns/op
WorkloadActual  10: 4194304 op, 788333642.00 ns, 187.9534 ns/op
WorkloadActual  11: 4194304 op, 791447879.00 ns, 188.6959 ns/op
WorkloadActual  12: 4194304 op, 786826092.00 ns, 187.5940 ns/op
WorkloadActual  13: 4194304 op, 784724727.00 ns, 187.0930 ns/op
WorkloadActual  14: 4194304 op, 785757721.00 ns, 187.3392 ns/op
WorkloadActual  15: 4194304 op, 787932759.00 ns, 187.8578 ns/op

// AfterActualRun
WorkloadResult   1: 4194304 op, 770240041.00 ns, 183.6395 ns/op
WorkloadResult   2: 4194304 op, 769658986.00 ns, 183.5010 ns/op
WorkloadResult   3: 4194304 op, 769724267.00 ns, 183.5166 ns/op
WorkloadResult   4: 4194304 op, 771267084.00 ns, 183.8844 ns/op
WorkloadResult   5: 4194304 op, 769843634.00 ns, 183.5450 ns/op
WorkloadResult   6: 4194304 op, 769612353.00 ns, 183.4899 ns/op
WorkloadResult   7: 4194304 op, 771806600.00 ns, 184.0130 ns/op
WorkloadResult   8: 4194304 op, 779218009.00 ns, 185.7801 ns/op
WorkloadResult   9: 4194304 op, 780321267.00 ns, 186.0431 ns/op
WorkloadResult  10: 4194304 op, 778883514.00 ns, 185.7003 ns/op
WorkloadResult  11: 4194304 op, 781997751.00 ns, 186.4428 ns/op
WorkloadResult  12: 4194304 op, 777375964.00 ns, 185.3409 ns/op
WorkloadResult  13: 4194304 op, 775274599.00 ns, 184.8399 ns/op
WorkloadResult  14: 4194304 op, 776307593.00 ns, 185.0862 ns/op
WorkloadResult  15: 4194304 op, 778482631.00 ns, 185.6047 ns/op
// GC:  142 0 0 2382364672 4194304
// Threading:  0 0 4194304

// AfterAll
// Benchmark Process 4437 has exited with code 0.

Mean = 184.695 ns, StdErr = 0.279 ns (0.15%), N = 15, StdDev = 1.079 ns
Min = 183.490 ns, Q1 = 183.592 ns, Median = 184.840 ns, Q3 = 185.653 ns, Max = 186.443 ns
IQR = 2.060 ns, LowerFence = 180.502 ns, UpperFence = 188.743 ns
ConfidenceInterval = [183.541 ns; 185.849 ns] (CI 99.9%), Margin = 1.154 ns (0.62% of Mean)
Skewness = 0.13, Kurtosis = 1.26, MValue = 2

// ** Remained 30 (55.6 %) benchmark(s) to run. Estimated finish 2026-09-06 7:06 (0h 6m from now) **
// Build Error: Standard output: 
  
 Standard error: 
 /usr/share/dotnet/sdk/10.0.400/Microsoft.Common.CurrentVersion.targets(1891,5): error : Project '/home/runner/work/dotnet-concurrency/dotnet-concurrency/benchmarks/EricksonLopez.Concurrency.Benchmarks/EricksonLopez.Concurrency.Benchmarks.csproj' targets 'net10.0'. It cannot be referenced by a project that targets '.NETCoreApp,Version=v8.0'. [/home/runner/work/dotnet-concurrency/dotnet-concurrency/benchmarks/EricksonLopez.Concurrency.Benchmarks/bin/Release/net10.0/EricksonLopez.Concurrency.Benchmarks-.NET 8.0-2/BenchmarkDotNet.Autogenerated.csproj::TargetFramework=net8.0]
Build FAILED.
/usr/share/dotnet/sdk/10.0.400/Microsoft.Common.CurrentVersion.targets(1891,5): error : Project '/home/runner/work/dotnet-concurrency/dotnet-concurrency/benchmarks/EricksonLopez.Concurrency.Benchmarks/EricksonLopez.Concurrency.Benchmarks.csproj' targets 'net10.0'. It cannot be referenced by a project that targets '.NETCoreApp,Version=v8.0'. [/home/runner/work/dotnet-concurrency/dotnet-concurrency/benchmarks/EricksonLopez.Concurrency.Benchmarks/bin/Release/net10.0/EricksonLopez.Concurrency.Benchmarks-.NET 8.0-2/BenchmarkDotNet.Autogenerated.csproj::TargetFramework=net8.0]
    0 Warning(s)
    1 Error(s)
Time Elapsed 00:00:01.10

// BenchmarkDotNet has failed to build the auto-generated boilerplate code.
// It can be found in /home/runner/work/dotnet-concurrency/dotnet-concurrency/benchmarks/EricksonLopez.Concurrency.Benchmarks/bin/Release/net10.0/EricksonLopez.Concurrency.Benchmarks-.NET 8.0-2
// Please follow the troubleshooting guide: https://benchmarkdotnet.org/articles/guides/troubleshooting.html

// ** Remained 29 (53.7 %) benchmark(s) to run. Estimated finish 2026-09-06 7:05 (0h 5m from now) **
// Build Error: Standard output: 
  
 Standard error: 
 /usr/share/dotnet/sdk/10.0.400/Microsoft.Common.CurrentVersion.targets(1891,5): error : Project '/home/runner/work/dotnet-concurrency/dotnet-concurrency/benchmarks/EricksonLopez.Concurrency.Benchmarks/EricksonLopez.Concurrency.Benchmarks.csproj' targets 'net10.0'. It cannot be referenced by a project that targets '.NETCoreApp,Version=v8.0'. [/home/runner/work/dotnet-concurrency/dotnet-concurrency/benchmarks/EricksonLopez.Concurrency.Benchmarks/bin/Release/net10.0/EricksonLopez.Concurrency.Benchmarks-.NET 8.0-2/BenchmarkDotNet.Autogenerated.csproj::TargetFramework=net8.0]
Build FAILED.
/usr/share/dotnet/sdk/10.0.400/Microsoft.Common.CurrentVersion.targets(1891,5): error : Project '/home/runner/work/dotnet-concurrency/dotnet-concurrency/benchmarks/EricksonLopez.Concurrency.Benchmarks/EricksonLopez.Concurrency.Benchmarks.csproj' targets 'net10.0'. It cannot be referenced by a project that targets '.NETCoreApp,Version=v8.0'. [/home/runner/work/dotnet-concurrency/dotnet-concurrency/benchmarks/EricksonLopez.Concurrency.Benchmarks/bin/Release/net10.0/EricksonLopez.Concurrency.Benchmarks-.NET 8.0-2/BenchmarkDotNet.Autogenerated.csproj::TargetFramework=net8.0]
    0 Warning(s)
    1 Error(s)
Time Elapsed 00:00:01.10

// BenchmarkDotNet has failed to build the auto-generated boilerplate code.
// It can be found in /home/runner/work/dotnet-concurrency/dotnet-concurrency/benchmarks/EricksonLopez.Concurrency.Benchmarks/bin/Release/net10.0/EricksonLopez.Concurrency.Benchmarks-.NET 8.0-2
// Please follow the troubleshooting guide: https://benchmarkdotnet.org/articles/guides/troubleshooting.html

// ** Remained 28 (51.9 %) benchmark(s) to run. Estimated finish 2026-09-06 7:05 (0h 5m from now) **
// Build Error: Standard output: 
  
 Standard error: 
 /usr/share/dotnet/sdk/10.0.400/Microsoft.Common.CurrentVersion.targets(1891,5): error : Project '/home/runner/work/dotnet-concurrency/dotnet-concurrency/benchmarks/EricksonLopez.Concurrency.Benchmarks/EricksonLopez.Concurrency.Benchmarks.csproj' targets 'net10.0'. It cannot be referenced by a project that targets '.NETCoreApp,Version=v8.0'. [/home/runner/work/dotnet-concurrency/dotnet-concurrency/benchmarks/EricksonLopez.Concurrency.Benchmarks/bin/Release/net10.0/EricksonLopez.Concurrency.Benchmarks-.NET 8.0-2/BenchmarkDotNet.Autogenerated.csproj::TargetFramework=net8.0]
Build FAILED.
/usr/share/dotnet/sdk/10.0.400/Microsoft.Common.CurrentVersion.targets(1891,5): error : Project '/home/runner/work/dotnet-concurrency/dotnet-concurrency/benchmarks/EricksonLopez.Concurrency.Benchmarks/EricksonLopez.Concurrency.Benchmarks.csproj' targets 'net10.0'. It cannot be referenced by a project that targets '.NETCoreApp,Version=v8.0'. [/home/runner/work/dotnet-concurrency/dotnet-concurrency/benchmarks/EricksonLopez.Concurrency.Benchmarks/bin/Release/net10.0/EricksonLopez.Concurrency.Benchmarks-.NET 8.0-2/BenchmarkDotNet.Autogenerated.csproj::TargetFramework=net8.0]
    0 Warning(s)
    1 Error(s)
Time Elapsed 00:00:01.10

// BenchmarkDotNet has failed to build the auto-generated boilerplate code.
// It can be found in /home/runner/work/dotnet-concurrency/dotnet-concurrency/benchmarks/EricksonLopez.Concurrency.Benchmarks/bin/Release/net10.0/EricksonLopez.Concurrency.Benchmarks-.NET 8.0-2
// Please follow the troubleshooting guide: https://benchmarkdotnet.org/articles/guides/troubleshooting.html

// ** Remained 27 (50.0 %) benchmark(s) to run. Estimated finish 2026-09-06 7:04 (0h 4m from now) **
// Build Error: Standard output: 
  
 Standard error: 
 /usr/share/dotnet/sdk/10.0.400/Microsoft.Common.CurrentVersion.targets(1891,5): error : Project '/home/runner/work/dotnet-concurrency/dotnet-concurrency/benchmarks/EricksonLopez.Concurrency.Benchmarks/EricksonLopez.Concurrency.Benchmarks.csproj' targets 'net10.0'. It cannot be referenced by a project that targets '.NETCoreApp,Version=v9.0'. [/home/runner/work/dotnet-concurrency/dotnet-concurrency/benchmarks/EricksonLopez.Concurrency.Benchmarks/bin/Release/net10.0/EricksonLopez.Concurrency.Benchmarks-.NET 9.0-3/BenchmarkDotNet.Autogenerated.csproj::TargetFramework=net9.0]
Build FAILED.
/usr/share/dotnet/sdk/10.0.400/Microsoft.Common.CurrentVersion.targets(1891,5): error : Project '/home/runner/work/dotnet-concurrency/dotnet-concurrency/benchmarks/EricksonLopez.Concurrency.Benchmarks/EricksonLopez.Concurrency.Benchmarks.csproj' targets 'net10.0'. It cannot be referenced by a project that targets '.NETCoreApp,Version=v9.0'. [/home/runner/work/dotnet-concurrency/dotnet-concurrency/benchmarks/EricksonLopez.Concurrency.Benchmarks/bin/Release/net10.0/EricksonLopez.Concurrency.Benchmarks-.NET 9.0-3/BenchmarkDotNet.Autogenerated.csproj::TargetFramework=net9.0]
    0 Warning(s)
    1 Error(s)
Time Elapsed 00:00:01.04

// BenchmarkDotNet has failed to build the auto-generated boilerplate code.
// It can be found in /home/runner/work/dotnet-concurrency/dotnet-concurrency/benchmarks/EricksonLopez.Concurrency.Benchmarks/bin/Release/net10.0/EricksonLopez.Concurrency.Benchmarks-.NET 9.0-3
// Please follow the troubleshooting guide: https://benchmarkdotnet.org/articles/guides/troubleshooting.html

// ** Remained 26 (48.1 %) benchmark(s) to run. Estimated finish 2026-09-06 7:04 (0h 4m from now) **
// Build Error: Standard output: 
  
 Standard error: 
 /usr/share/dotnet/sdk/10.0.400/Microsoft.Common.CurrentVersion.targets(1891,5): error : Project '/home/runner/work/dotnet-concurrency/dotnet-concurrency/benchmarks/EricksonLopez.Concurrency.Benchmarks/EricksonLopez.Concurrency.Benchmarks.csproj' targets 'net10.0'. It cannot be referenced by a project that targets '.NETCoreApp,Version=v9.0'. [/home/runner/work/dotnet-concurrency/dotnet-concurrency/benchmarks/EricksonLopez.Concurrency.Benchmarks/bin/Release/net10.0/EricksonLopez.Concurrency.Benchmarks-.NET 9.0-3/BenchmarkDotNet.Autogenerated.csproj::TargetFramework=net9.0]
Build FAILED.
/usr/share/dotnet/sdk/10.0.400/Microsoft.Common.CurrentVersion.targets(1891,5): error : Project '/home/runner/work/dotnet-concurrency/dotnet-concurrency/benchmarks/EricksonLopez.Concurrency.Benchmarks/EricksonLopez.Concurrency.Benchmarks.csproj' targets 'net10.0'. It cannot be referenced by a project that targets '.NETCoreApp,Version=v9.0'. [/home/runner/work/dotnet-concurrency/dotnet-concurrency/benchmarks/EricksonLopez.Concurrency.Benchmarks/bin/Release/net10.0/EricksonLopez.Concurrency.Benchmarks-.NET 9.0-3/BenchmarkDotNet.Autogenerated.csproj::TargetFramework=net9.0]
    0 Warning(s)
    1 Error(s)
Time Elapsed 00:00:01.04

// BenchmarkDotNet has failed to build the auto-generated boilerplate code.
// It can be found in /home/runner/work/dotnet-concurrency/dotnet-concurrency/benchmarks/EricksonLopez.Concurrency.Benchmarks/bin/Release/net10.0/EricksonLopez.Concurrency.Benchmarks-.NET 9.0-3
// Please follow the troubleshooting guide: https://benchmarkdotnet.org/articles/guides/troubleshooting.html

// ** Remained 25 (46.3 %) benchmark(s) to run. Estimated finish 2026-09-06 7:04 (0h 4m from now) **
// Build Error: Standard output: 
  
 Standard error: 
 /usr/share/dotnet/sdk/10.0.400/Microsoft.Common.CurrentVersion.targets(1891,5): error : Project '/home/runner/work/dotnet-concurrency/dotnet-concurrency/benchmarks/EricksonLopez.Concurrency.Benchmarks/EricksonLopez.Concurrency.Benchmarks.csproj' targets 'net10.0'. It cannot be referenced by a project that targets '.NETCoreApp,Version=v9.0'. [/home/runner/work/dotnet-concurrency/dotnet-concurrency/benchmarks/EricksonLopez.Concurrency.Benchmarks/bin/Release/net10.0/EricksonLopez.Concurrency.Benchmarks-.NET 9.0-3/BenchmarkDotNet.Autogenerated.csproj::TargetFramework=net9.0]
Build FAILED.
/usr/share/dotnet/sdk/10.0.400/Microsoft.Common.CurrentVersion.targets(1891,5): error : Project '/home/runner/work/dotnet-concurrency/dotnet-concurrency/benchmarks/EricksonLopez.Concurrency.Benchmarks/EricksonLopez.Concurrency.Benchmarks.csproj' targets 'net10.0'. It cannot be referenced by a project that targets '.NETCoreApp,Version=v9.0'. [/home/runner/work/dotnet-concurrency/dotnet-concurrency/benchmarks/EricksonLopez.Concurrency.Benchmarks/bin/Release/net10.0/EricksonLopez.Concurrency.Benchmarks-.NET 9.0-3/BenchmarkDotNet.Autogenerated.csproj::TargetFramework=net9.0]
    0 Warning(s)
    1 Error(s)
Time Elapsed 00:00:01.04

// BenchmarkDotNet has failed to build the auto-generated boilerplate code.
// It can be found in /home/runner/work/dotnet-concurrency/dotnet-concurrency/benchmarks/EricksonLopez.Concurrency.Benchmarks/bin/Release/net10.0/EricksonLopez.Concurrency.Benchmarks-.NET 9.0-3
// Please follow the troubleshooting guide: https://benchmarkdotnet.org/articles/guides/troubleshooting.html

// ** Remained 24 (44.4 %) benchmark(s) to run. Estimated finish 2026-09-06 7:03 (0h 3m from now) **
// ***** BenchmarkRunner: Finish  *****

// * Export *
  benchmarks/results/results/EricksonLopez.Concurrency.Benchmarks.OptimisticContentionBenchmarks-report.csv
  benchmarks/results/results/EricksonLopez.Concurrency.Benchmarks.OptimisticContentionBenchmarks-report-github.md
  benchmarks/results/results/EricksonLopez.Concurrency.Benchmarks.OptimisticContentionBenchmarks-report.html
  benchmarks/results/results/EricksonLopez.Concurrency.Benchmarks.OptimisticContentionBenchmarks-report-full-compressed.json
  benchmarks/results/results/EricksonLopez.Concurrency.Benchmarks.OptimisticContentionBenchmarks-report-default.md

// * Detailed results *
OptimisticContentionBenchmarks.SingleWorkerUncontendedCas: .NET 10.0(Runtime=.NET 10.0, Toolchain=net10.0)
Runtime = .NET 10.0.11 (10.0.11, 10.0.1126.37416), X64 RyuJIT x86-64-v4; GC = Concurrent Workstation
Mean = 175.487 ns, StdErr = 0.063 ns (0.04%), N = 13, StdDev = 0.228 ns
Min = 175.282 ns, Q1 = 175.359 ns, Median = 175.424 ns, Q3 = 175.558 ns, Max = 176.098 ns
IQR = 0.199 ns, LowerFence = 175.061 ns, UpperFence = 175.857 ns
ConfidenceInterval = [175.214 ns; 175.760 ns] (CI 99.9%), Margin = 0.273 ns (0.16% of Mean)
Skewness = 1.49, Kurtosis = 4.29, MValue = 2
-------------------- Histogram --------------------
[175.155 ns ; 176.225 ns) | @@@@@@@@@@@@@
---------------------------------------------------

OptimisticContentionBenchmarks.ParallelContentionFourWorkers: .NET 10.0(Runtime=.NET 10.0, Toolchain=net10.0)
Runtime = .NET 10.0.11 (10.0.11, 10.0.1126.37416), X64 RyuJIT x86-64-v4; GC = Concurrent Workstation
Mean = 2.188 μs, StdErr = 0.013 μs (0.58%), N = 86, StdDev = 0.117 μs
Min = 1.976 μs, Q1 = 2.109 μs, Median = 2.149 μs, Q3 = 2.271 μs, Max = 2.518 μs
IQR = 0.162 μs, LowerFence = 1.866 μs, UpperFence = 2.515 μs
ConfidenceInterval = [2.145 μs; 2.231 μs] (CI 99.9%), Margin = 0.043 μs (1.97% of Mean)
Skewness = 0.91, Kurtosis = 3.15, MValue = 2.33
-------------------- Histogram --------------------
[1.957 μs ; 2.027 μs) | @@
[2.027 μs ; 2.088 μs) | @@@@@@@@@@
[2.088 μs ; 2.157 μs) | @@@@@@@@@@@@@@@@@@@@@@@@@@@@@@@@@@@@@
[2.157 μs ; 2.228 μs) | @@@@@@@@@@@
[2.228 μs ; 2.340 μs) | @@@@@@@@@@@@@@@@
[2.340 μs ; 2.403 μs) | @@@@@@
[2.403 μs ; 2.452 μs) | 
[2.452 μs ; 2.522 μs) | @@@@
---------------------------------------------------

OptimisticContentionBenchmarks.VersionPreconditionMismatchEvaluation: .NET 10.0(Runtime=.NET 10.0, Toolchain=net10.0)
Runtime = .NET 10.0.11 (10.0.11, 10.0.1126.37416), X64 RyuJIT x86-64-v4; GC = Concurrent Workstation
Mean = 184.695 ns, StdErr = 0.279 ns (0.15%), N = 15, StdDev = 1.079 ns
Min = 183.490 ns, Q1 = 183.592 ns, Median = 184.840 ns, Q3 = 185.653 ns, Max = 186.443 ns
IQR = 2.060 ns, LowerFence = 180.502 ns, UpperFence = 188.743 ns
ConfidenceInterval = [183.541 ns; 185.849 ns] (CI 99.9%), Margin = 1.154 ns (0.62% of Mean)
Skewness = 0.13, Kurtosis = 1.26, MValue = 2
-------------------- Histogram --------------------
[182.916 ns ; 187.017 ns) | @@@@@@@@@@@@@@@
---------------------------------------------------

OptimisticContentionBenchmarks.SingleWorkerUncontendedCas: .NET 8.0(Runtime=.NET 8.0, Toolchain=net8.0)
Runtime = ; GC = 
There are not any results runs

OptimisticContentionBenchmarks.ParallelContentionFourWorkers: .NET 8.0(Runtime=.NET 8.0, Toolchain=net8.0)
Runtime = ; GC = 
There are not any results runs

OptimisticContentionBenchmarks.VersionPreconditionMismatchEvaluation: .NET 8.0(Runtime=.NET 8.0, Toolchain=net8.0)
Runtime = ; GC = 
There are not any results runs

OptimisticContentionBenchmarks.SingleWorkerUncontendedCas: .NET 9.0(Runtime=.NET 9.0, Toolchain=net9.0)
Runtime = ; GC = 
There are not any results runs

OptimisticContentionBenchmarks.ParallelContentionFourWorkers: .NET 9.0(Runtime=.NET 9.0, Toolchain=net9.0)
Runtime = ; GC = 
There are not any results runs

OptimisticContentionBenchmarks.VersionPreconditionMismatchEvaluation: .NET 9.0(Runtime=.NET 9.0, Toolchain=net9.0)
Runtime = ; GC = 
There are not any results runs

// * Summary *

BenchmarkDotNet v0.15.8, Linux Ubuntu 24.04.4 LTS (Noble Numbat)
AMD EPYC 9V74 2.60GHz, 1 CPU, 4 logical and 2 physical cores
.NET SDK 10.0.400
  [Host]    : .NET 10.0.11 (10.0.11, 10.0.1126.37416), X64 RyuJIT x86-64-v4
  .NET 10.0 : .NET 10.0.11 (10.0.11, 10.0.1126.37416), X64 RyuJIT x86-64-v4


| Method                                | Job       | Runtime   | Mean       | Error    | StdDev    | Median     | Ratio | RatioSD | Gen0   | Allocated | Alloc Ratio |
|-------------------------------------- |---------- |---------- |-----------:|---------:|----------:|-----------:|------:|--------:|-------:|----------:|------------:|
| SingleWorkerUncontendedCas            | .NET 10.0 | .NET 10.0 |   175.5 ns |  0.27 ns |   0.23 ns |   175.4 ns |     ? |       ? | 0.0029 |      48 B |           ? |
| ParallelContentionFourWorkers         | .NET 10.0 | .NET 10.0 | 2,187.7 ns | 43.10 ns | 117.27 ns | 2,149.4 ns |     ? |       ? | 0.0572 |     976 B |           ? |
| VersionPreconditionMismatchEvaluation | .NET 10.0 | .NET 10.0 |   184.7 ns |  1.15 ns |   1.08 ns |   184.8 ns |     ? |       ? | 0.0339 |     568 B |           ? |
| SingleWorkerUncontendedCas            | .NET 8.0  | .NET 8.0  |         NA |       NA |        NA |         NA |     ? |       ? |     NA |        NA |           ? |
| ParallelContentionFourWorkers         | .NET 8.0  | .NET 8.0  |         NA |       NA |        NA |         NA |     ? |       ? |     NA |        NA |           ? |
| VersionPreconditionMismatchEvaluation | .NET 8.0  | .NET 8.0  |         NA |       NA |        NA |         NA |     ? |       ? |     NA |        NA |           ? |
| SingleWorkerUncontendedCas            | .NET 9.0  | .NET 9.0  |         NA |       NA |        NA |         NA |     ? |       ? |     NA |        NA |           ? |
| ParallelContentionFourWorkers         | .NET 9.0  | .NET 9.0  |         NA |       NA |        NA |         NA |     ? |       ? |     NA |        NA |           ? |
| VersionPreconditionMismatchEvaluation | .NET 9.0  | .NET 9.0  |         NA |       NA |        NA |         NA |     ? |       ? |     NA |        NA |           ? |

Benchmarks with issues:
  OptimisticContentionBenchmarks.SingleWorkerUncontendedCas: .NET 8.0(Runtime=.NET 8.0, Toolchain=net8.0)
  OptimisticContentionBenchmarks.ParallelContentionFourWorkers: .NET 8.0(Runtime=.NET 8.0, Toolchain=net8.0)
  OptimisticContentionBenchmarks.VersionPreconditionMismatchEvaluation: .NET 8.0(Runtime=.NET 8.0, Toolchain=net8.0)
  OptimisticContentionBenchmarks.SingleWorkerUncontendedCas: .NET 9.0(Runtime=.NET 9.0, Toolchain=net9.0)
  OptimisticContentionBenchmarks.ParallelContentionFourWorkers: .NET 9.0(Runtime=.NET 9.0, Toolchain=net9.0)
  OptimisticContentionBenchmarks.VersionPreconditionMismatchEvaluation: .NET 9.0(Runtime=.NET 9.0, Toolchain=net9.0)

// * Warnings *
BaselineCustomAnalyzer
  Summary -> A question mark '?' symbol indicates that it was not possible to compute the (Ratio, RatioSD, Alloc Ratio) column(s) because the baseline or benchmark could not be found, or the baseline value is too close to zero.

// * Hints *
Outliers
  OptimisticContentionBenchmarks.SingleWorkerUncontendedCas: .NET 10.0    -> 2 outliers were removed (178.59 ns, 179.64 ns)
  OptimisticContentionBenchmarks.ParallelContentionFourWorkers: .NET 10.0 -> 3 outliers were removed (2.55 μs..2.57 μs)

// * Legends *
  Mean        : Arithmetic mean of all measurements
  Error       : Half of 99.9% confidence interval
  StdDev      : Standard deviation of all measurements
  Median      : Value separating the higher half of all measurements (50th percentile)
  Ratio       : Mean of the ratio distribution ([Current]/[Baseline])
  RatioSD     : Standard deviation of the ratio distribution ([Current]/[Baseline])
  Gen0        : GC Generation 0 collects per 1000 operations
  Allocated   : Allocated memory per single operation (managed only, inclusive, 1KB = 1024B)
  Alloc Ratio : Allocated memory ratio distribution ([Current]/[Baseline])
  1 ns        : 1 Nanosecond (0.000000001 sec)

// * Diagnostic Output - MemoryDiagnoser *


// ***** BenchmarkRunner: End *****
Run time: 00:01:41 (101.11 sec), executed benchmarks: 3

// Found 24 benchmarks:
//   TokenAllocationBenchmarks.CreateStructVersion: .NET 10.0(Runtime=.NET 10.0, Toolchain=net10.0)
//   TokenAllocationBenchmarks.CreateStructToken: .NET 10.0(Runtime=.NET 10.0, Toolchain=net10.0)
//   TokenAllocationBenchmarks.CreateExpectedVersionSpecific: .NET 10.0(Runtime=.NET 10.0, Toolchain=net10.0)
//   TokenAllocationBenchmarks.TryParseSpanVersion: .NET 10.0(Runtime=.NET 10.0, Toolchain=net10.0)
//   TokenAllocationBenchmarks.TryParseStringVersion: .NET 10.0(Runtime=.NET 10.0, Toolchain=net10.0)
//   TokenAllocationBenchmarks.FormatVersionToString: .NET 10.0(Runtime=.NET 10.0, Toolchain=net10.0)
//   TokenAllocationBenchmarks.CompareTokensValueEquality: .NET 10.0(Runtime=.NET 10.0, Toolchain=net10.0)
//   TokenAllocationBenchmarks.CheckExpectedMatchesActual: .NET 10.0(Runtime=.NET 10.0, Toolchain=net10.0)
//   TokenAllocationBenchmarks.CreateStructVersion: .NET 8.0(Runtime=.NET 8.0, Toolchain=net8.0)
//   TokenAllocationBenchmarks.CreateStructToken: .NET 8.0(Runtime=.NET 8.0, Toolchain=net8.0)
//   TokenAllocationBenchmarks.CreateExpectedVersionSpecific: .NET 8.0(Runtime=.NET 8.0, Toolchain=net8.0)
//   TokenAllocationBenchmarks.TryParseSpanVersion: .NET 8.0(Runtime=.NET 8.0, Toolchain=net8.0)
//   TokenAllocationBenchmarks.TryParseStringVersion: .NET 8.0(Runtime=.NET 8.0, Toolchain=net8.0)
//   TokenAllocationBenchmarks.FormatVersionToString: .NET 8.0(Runtime=.NET 8.0, Toolchain=net8.0)
//   TokenAllocationBenchmarks.CompareTokensValueEquality: .NET 8.0(Runtime=.NET 8.0, Toolchain=net8.0)
//   TokenAllocationBenchmarks.CheckExpectedMatchesActual: .NET 8.0(Runtime=.NET 8.0, Toolchain=net8.0)
//   TokenAllocationBenchmarks.CreateStructVersion: .NET 9.0(Runtime=.NET 9.0, Toolchain=net9.0)
//   TokenAllocationBenchmarks.CreateStructToken: .NET 9.0(Runtime=.NET 9.0, Toolchain=net9.0)
//   TokenAllocationBenchmarks.CreateExpectedVersionSpecific: .NET 9.0(Runtime=.NET 9.0, Toolchain=net9.0)
//   TokenAllocationBenchmarks.TryParseSpanVersion: .NET 9.0(Runtime=.NET 9.0, Toolchain=net9.0)
//   TokenAllocationBenchmarks.TryParseStringVersion: .NET 9.0(Runtime=.NET 9.0, Toolchain=net9.0)
//   TokenAllocationBenchmarks.FormatVersionToString: .NET 9.0(Runtime=.NET 9.0, Toolchain=net9.0)
//   TokenAllocationBenchmarks.CompareTokensValueEquality: .NET 9.0(Runtime=.NET 9.0, Toolchain=net9.0)
//   TokenAllocationBenchmarks.CheckExpectedMatchesActual: .NET 9.0(Runtime=.NET 9.0, Toolchain=net9.0)

// **************************
// Benchmark: TokenAllocationBenchmarks.CreateStructVersion: .NET 10.0(Runtime=.NET 10.0, Toolchain=net10.0)
// *** Execute ***
// Launch: 1 / 1
// Execute: dotnet "EricksonLopez.Concurrency.Benchmarks-.NET 10.0-1.dll" --anonymousPipes 119 120 --benchmarkName EricksonLopez.Concurrency.Benchmarks.TokenAllocationBenchmarks.CreateStructVersion --job ".NET 10.0" --benchmarkId 10 in /home/runner/work/dotnet-concurrency/dotnet-concurrency/benchmarks/EricksonLopez.Concurrency.Benchmarks/bin/Release/net10.0/EricksonLopez.Concurrency.Benchmarks-.NET 10.0-1/bin/Release/net10.0
// Failed to set up high priority (Permission denied). In order to run benchmarks with high priority, make sure you have the right permissions.
// BeforeAnythingElse

// Benchmark Process Environment Information:
// BenchmarkDotNet v0.15.8
// Runtime=.NET 10.0.11 (10.0.11, 10.0.1126.37416), X64 RyuJIT x86-64-v4
// GC=Concurrent Workstation
// HardwareIntrinsics=AVX512 BITALG+VBMI2+VNNI+VPOPCNTDQ,AVX512 IFMA+VBMI,AVX512 F+BW+CD+DQ+VL,AVX2+BMI1+BMI2+F16C+FMA+LZCNT+MOVBE,AVX,SSE3+SSSE3+SSE4.1+SSE4.2+POPCNT,X86Base+SSE+SSE2,AES+PCLMUL VectorSize=256
// Job: .NET 10.0

OverheadJitting  1: 1 op, 180296.00 ns, 180.2960 us/op
WorkloadJitting  1: 1 op, 280674.00 ns, 280.6740 us/op

OverheadJitting  2: 16 op, 215187.00 ns, 13.4492 us/op
WorkloadJitting  2: 16 op, 185975.00 ns, 11.6234 us/op

WorkloadPilot    1: 16 op, 460.00 ns, 28.7500 ns/op
WorkloadPilot    2: 32 op, 491.00 ns, 15.3438 ns/op
WorkloadPilot    3: 64 op, 571.00 ns, 8.9219 ns/op
WorkloadPilot    4: 128 op, 761.00 ns, 5.9453 ns/op
WorkloadPilot    5: 256 op, 1152.00 ns, 4.5000 ns/op
WorkloadPilot    6: 512 op, 1893.00 ns, 3.6973 ns/op
WorkloadPilot    7: 1024 op, 3445.00 ns, 3.3643 ns/op
WorkloadPilot    8: 2048 op, 6500.00 ns, 3.1738 ns/op
WorkloadPilot    9: 4096 op, 12739.00 ns, 3.1101 ns/op
WorkloadPilot   10: 8192 op, 29023.00 ns, 3.5428 ns/op
WorkloadPilot   11: 16384 op, 49183.00 ns, 3.0019 ns/op
WorkloadPilot   12: 32768 op, 97994.00 ns, 2.9905 ns/op
WorkloadPilot   13: 65536 op, 200225.00 ns, 3.0552 ns/op
WorkloadPilot   14: 131072 op, 390657.00 ns, 2.9805 ns/op
WorkloadPilot   15: 262144 op, 780902.00 ns, 2.9789 ns/op
WorkloadPilot   16: 524288 op, 1573762.00 ns, 3.0017 ns/op
WorkloadPilot   17: 1048576 op, 3184198.00 ns, 3.0367 ns/op
WorkloadPilot   18: 2097152 op, 6304833.00 ns, 3.0064 ns/op
WorkloadPilot   19: 4194304 op, 12593941.00 ns, 3.0026 ns/op
WorkloadPilot   20: 8388608 op, 25173021.00 ns, 3.0009 ns/op
WorkloadPilot   21: 16777216 op, 50463216.00 ns, 3.0078 ns/op
WorkloadPilot   22: 33554432 op, 85582502.00 ns, 2.5506 ns/op
WorkloadPilot   23: 67108864 op, 95605881.00 ns, 1.4246 ns/op
WorkloadPilot   24: 134217728 op, 190129485.00 ns, 1.4166 ns/op
WorkloadPilot   25: 268435456 op, 379624043.00 ns, 1.4142 ns/op
WorkloadPilot   26: 536870912 op, 760002541.00 ns, 1.4156 ns/op

OverheadWarmup   1: 536870912 op, 1321687996.00 ns, 2.4618 ns/op
OverheadWarmup   2: 536870912 op, 759351500.00 ns, 1.4144 ns/op
OverheadWarmup   3: 536870912 op, 762474255.00 ns, 1.4202 ns/op
OverheadWarmup   4: 536870912 op, 761497102.00 ns, 1.4184 ns/op
OverheadWarmup   5: 536870912 op, 759505924.00 ns, 1.4147 ns/op
OverheadWarmup   6: 536870912 op, 759532052.00 ns, 1.4147 ns/op
OverheadWarmup   7: 536870912 op, 759404604.00 ns, 1.4145 ns/op

OverheadActual   1: 536870912 op, 760984035.00 ns, 1.4174 ns/op
OverheadActual   2: 536870912 op, 798694582.00 ns, 1.4877 ns/op
OverheadActual   3: 536870912 op, 759375321.00 ns, 1.4144 ns/op
OverheadActual   4: 536870912 op, 760087151.00 ns, 1.4158 ns/op
OverheadActual   5: 536870912 op, 759522718.00 ns, 1.4147 ns/op
OverheadActual   6: 536870912 op, 759531301.00 ns, 1.4147 ns/op
OverheadActual   7: 536870912 op, 759303225.00 ns, 1.4143 ns/op
OverheadActual   8: 536870912 op, 760182878.00 ns, 1.4160 ns/op
OverheadActual   9: 536870912 op, 765450552.00 ns, 1.4258 ns/op
OverheadActual  10: 536870912 op, 759592977.00 ns, 1.4149 ns/op
OverheadActual  11: 536870912 op, 759357510.00 ns, 1.4144 ns/op
OverheadActual  12: 536870912 op, 759481473.00 ns, 1.4146 ns/op
OverheadActual  13: 536870912 op, 759553750.00 ns, 1.4148 ns/op
OverheadActual  14: 536870912 op, 768956104.00 ns, 1.4323 ns/op
OverheadActual  15: 536870912 op, 759599989.00 ns, 1.4149 ns/op

WorkloadWarmup   1: 536870912 op, 759445069.00 ns, 1.4146 ns/op
WorkloadWarmup   2: 536870912 op, 759968900.00 ns, 1.4156 ns/op
WorkloadWarmup   3: 536870912 op, 761995487.00 ns, 1.4193 ns/op
WorkloadWarmup   4: 536870912 op, 768268055.00 ns, 1.4310 ns/op
WorkloadWarmup   5: 536870912 op, 759408059.00 ns, 1.4145 ns/op
WorkloadWarmup   6: 536870912 op, 760328888.00 ns, 1.4162 ns/op
WorkloadWarmup   7: 536870912 op, 759526043.00 ns, 1.4147 ns/op

// BeforeActualRun
WorkloadActual   1: 536870912 op, 760177795.00 ns, 1.4159 ns/op
WorkloadActual   2: 536870912 op, 761443713.00 ns, 1.4183 ns/op
WorkloadActual   3: 536870912 op, 760647318.00 ns, 1.4168 ns/op
WorkloadActual   4: 536870912 op, 773978403.00 ns, 1.4416 ns/op
WorkloadActual   5: 536870912 op, 759717426.00 ns, 1.4151 ns/op
WorkloadActual   6: 536870912 op, 759703774.00 ns, 1.4151 ns/op
WorkloadActual   7: 536870912 op, 759515649.00 ns, 1.4147 ns/op
WorkloadActual   8: 536870912 op, 759980875.00 ns, 1.4156 ns/op
WorkloadActual   9: 536870912 op, 762937189.00 ns, 1.4211 ns/op
WorkloadActual  10: 536870912 op, 759233272.00 ns, 1.4142 ns/op
WorkloadActual  11: 536870912 op, 760597316.00 ns, 1.4167 ns/op
WorkloadActual  12: 536870912 op, 759618060.00 ns, 1.4149 ns/op
WorkloadActual  13: 536870912 op, 759848850.00 ns, 1.4153 ns/op
WorkloadActual  14: 536870912 op, 762941676.00 ns, 1.4211 ns/op
WorkloadActual  15: 536870912 op, 759694483.00 ns, 1.4150 ns/op

// AfterActualRun
WorkloadResult   1: 536870912 op, 584818.00 ns, 0.0011 ns/op
WorkloadResult   2: 536870912 op, 1850736.00 ns, 0.0034 ns/op
WorkloadResult   3: 536870912 op, 1054341.00 ns, 0.0020 ns/op
WorkloadResult   4: 536870912 op, 124449.00 ns, 0.0002 ns/op
WorkloadResult   5: 536870912 op, 110797.00 ns, 0.0002 ns/op
WorkloadResult   6: 536870912 op, 0.00 ns, 0.0000 ns/op
WorkloadResult   7: 536870912 op, 387898.00 ns, 0.0007 ns/op
WorkloadResult   8: 536870912 op, 3344212.00 ns, 0.0062 ns/op
WorkloadResult   9: 536870912 op, 0.00 ns, 0.0000 ns/op
WorkloadResult  10: 536870912 op, 1004339.00 ns, 0.0019 ns/op
WorkloadResult  11: 536870912 op, 25083.00 ns, 0.0000 ns/op
WorkloadResult  12: 536870912 op, 255873.00 ns, 0.0005 ns/op
WorkloadResult  13: 536870912 op, 3348699.00 ns, 0.0062 ns/op
WorkloadResult  14: 536870912 op, 101506.00 ns, 0.0002 ns/op
// GC:  0 0 0 0 536870912
// Threading:  0 0 536870912

// AfterAll
// Benchmark Process 4455 has exited with code 0.

Mean = 0.002 ns, StdErr = 0.001 ns (36.03%), N = 14, StdDev = 0.002 ns
Min = 0.000 ns, Q1 = 0.000 ns, Median = 0.001 ns, Q3 = 0.002 ns, Max = 0.006 ns
IQR = 0.002 ns, LowerFence = -0.002 ns, UpperFence = 0.005 ns
ConfidenceInterval = [-0.001 ns; 0.004 ns] (CI 99.9%), Margin = 0.002 ns (152.08% of Mean)
Skewness = 1.22, Kurtosis = 2.97, MValue = 2

// ** Remained 23 (42.6 %) benchmark(s) to run. Estimated finish 2026-09-06 7:04 (0h 4m from now) **
// **************************
// Benchmark: TokenAllocationBenchmarks.CreateStructToken: .NET 10.0(Runtime=.NET 10.0, Toolchain=net10.0)
// *** Execute ***
// Launch: 1 / 1
// Execute: dotnet "EricksonLopez.Concurrency.Benchmarks-.NET 10.0-1.dll" --anonymousPipes 119 120 --benchmarkName EricksonLopez.Concurrency.Benchmarks.TokenAllocationBenchmarks.CreateStructToken --job ".NET 10.0" --benchmarkId 11 in /home/runner/work/dotnet-concurrency/dotnet-concurrency/benchmarks/EricksonLopez.Concurrency.Benchmarks/bin/Release/net10.0/EricksonLopez.Concurrency.Benchmarks-.NET 10.0-1/bin/Release/net10.0
// Failed to set up high priority (Permission denied). In order to run benchmarks with high priority, make sure you have the right permissions.
// BeforeAnythingElse

// Benchmark Process Environment Information:
// BenchmarkDotNet v0.15.8
// Runtime=.NET 10.0.11 (10.0.11, 10.0.1126.37416), X64 RyuJIT x86-64-v4
// GC=Concurrent Workstation
// HardwareIntrinsics=AVX512 BITALG+VBMI2+VNNI+VPOPCNTDQ,AVX512 IFMA+VBMI,AVX512 F+BW+CD+DQ+VL,AVX2+BMI1+BMI2+F16C+FMA+LZCNT+MOVBE,AVX,SSE3+SSSE3+SSE4.1+SSE4.2+POPCNT,X86Base+SSE+SSE2,AES+PCLMUL VectorSize=256
// Job: .NET 10.0

OverheadJitting  1: 1 op, 168138.00 ns, 168.1380 us/op
WorkloadJitting  1: 1 op, 192094.00 ns, 192.0940 us/op

OverheadJitting  2: 16 op, 180266.00 ns, 11.2666 us/op
WorkloadJitting  2: 16 op, 255667.00 ns, 15.9792 us/op

WorkloadPilot    1: 16 op, 711.00 ns, 44.4375 ns/op
WorkloadPilot    2: 32 op, 862.00 ns, 26.9375 ns/op
WorkloadPilot    3: 64 op, 1212.00 ns, 18.9375 ns/op
WorkloadPilot    4: 128 op, 2033.00 ns, 15.8828 ns/op
WorkloadPilot    5: 256 op, 3656.00 ns, 14.2813 ns/op
WorkloadPilot    6: 512 op, 6971.00 ns, 13.6152 ns/op
WorkloadPilot    7: 1024 op, 13611.00 ns, 13.2920 ns/op
WorkloadPilot    8: 2048 op, 28051.00 ns, 13.6968 ns/op
WorkloadPilot    9: 4096 op, 52668.00 ns, 12.8584 ns/op
WorkloadPilot   10: 8192 op, 104715.00 ns, 12.7826 ns/op
WorkloadPilot   11: 16384 op, 208648.00 ns, 12.7349 ns/op
WorkloadPilot   12: 32768 op, 460149.00 ns, 14.0426 ns/op
WorkloadPilot   13: 65536 op, 847761.00 ns, 12.9358 ns/op
WorkloadPilot   14: 131072 op, 1689243.00 ns, 12.8879 ns/op
WorkloadPilot   15: 262144 op, 3381492.00 ns, 12.8994 ns/op
WorkloadPilot   16: 524288 op, 6747891.00 ns, 12.8706 ns/op
WorkloadPilot   17: 1048576 op, 13474421.00 ns, 12.8502 ns/op
WorkloadPilot   18: 2097152 op, 26895633.00 ns, 12.8248 ns/op
WorkloadPilot   19: 4194304 op, 50320091.00 ns, 11.9972 ns/op
WorkloadPilot   20: 8388608 op, 20703122.00 ns, 2.4680 ns/op
WorkloadPilot   21: 16777216 op, 41220459.00 ns, 2.4569 ns/op
WorkloadPilot   22: 33554432 op, 82584960.00 ns, 2.4612 ns/op
WorkloadPilot   23: 67108864 op, 165148158.00 ns, 2.4609 ns/op
WorkloadPilot   24: 134217728 op, 329647238.00 ns, 2.4561 ns/op
WorkloadPilot   25: 268435456 op, 659402647.00 ns, 2.4565 ns/op

OverheadWarmup   1: 268435456 op, 654014783.00 ns, 2.4364 ns/op
OverheadWarmup   2: 268435456 op, 384454794.00 ns, 1.4322 ns/op
OverheadWarmup   3: 268435456 op, 388583870.00 ns, 1.4476 ns/op
OverheadWarmup   4: 268435456 op, 384601200.00 ns, 1.4328 ns/op
OverheadWarmup   5: 268435456 op, 384530847.00 ns, 1.4325 ns/op
OverheadWarmup   6: 268435456 op, 384776029.00 ns, 1.4334 ns/op
OverheadWarmup   7: 268435456 op, 384465090.00 ns, 1.4322 ns/op

OverheadActual   1: 268435456 op, 384901474.00 ns, 1.4339 ns/op
OverheadActual   2: 268435456 op, 384806113.00 ns, 1.4335 ns/op
OverheadActual   3: 268435456 op, 396199963.00 ns, 1.4760 ns/op
OverheadActual   4: 268435456 op, 384428546.00 ns, 1.4321 ns/op
OverheadActual   5: 268435456 op, 384246657.00 ns, 1.4314 ns/op
OverheadActual   6: 268435456 op, 385976852.00 ns, 1.4379 ns/op
OverheadActual   7: 268435456 op, 384345223.00 ns, 1.4318 ns/op
OverheadActual   8: 268435456 op, 385304699.00 ns, 1.4354 ns/op
OverheadActual   9: 268435456 op, 384353255.00 ns, 1.4318 ns/op
OverheadActual  10: 268435456 op, 384380031.00 ns, 1.4319 ns/op
OverheadActual  11: 268435456 op, 384603972.00 ns, 1.4328 ns/op
OverheadActual  12: 268435456 op, 387690548.00 ns, 1.4443 ns/op
OverheadActual  13: 268435456 op, 384961249.00 ns, 1.4341 ns/op
OverheadActual  14: 268435456 op, 384309918.00 ns, 1.4317 ns/op
OverheadActual  15: 268435456 op, 384548570.00 ns, 1.4326 ns/op

WorkloadWarmup   1: 268435456 op, 659490858.00 ns, 2.4568 ns/op
WorkloadWarmup   2: 268435456 op, 667299022.00 ns, 2.4859 ns/op
WorkloadWarmup   3: 268435456 op, 659676272.00 ns, 2.4575 ns/op
WorkloadWarmup   4: 268435456 op, 659799163.00 ns, 2.4579 ns/op
WorkloadWarmup   5: 268435456 op, 659582724.00 ns, 2.4571 ns/op
WorkloadWarmup   6: 268435456 op, 660284710.00 ns, 2.4598 ns/op

// BeforeActualRun
WorkloadActual   1: 268435456 op, 660144282.00 ns, 2.4592 ns/op
WorkloadActual   2: 268435456 op, 659219307.00 ns, 2.4558 ns/op
WorkloadActual   3: 268435456 op, 659105159.00 ns, 2.4554 ns/op
WorkloadActual   4: 268435456 op, 659319720.00 ns, 2.4562 ns/op
WorkloadActual   5: 268435456 op, 661113363.00 ns, 2.4628 ns/op
WorkloadActual   6: 268435456 op, 660136630.00 ns, 2.4592 ns/op
WorkloadActual   7: 268435456 op, 674696877.00 ns, 2.5134 ns/op
WorkloadActual   8: 268435456 op, 659557074.00 ns, 2.4570 ns/op
WorkloadActual   9: 268435456 op, 659377529.00 ns, 2.4564 ns/op
WorkloadActual  10: 268435456 op, 659127921.00 ns, 2.4554 ns/op
WorkloadActual  11: 268435456 op, 662672331.00 ns, 2.4686 ns/op
WorkloadActual  12: 268435456 op, 659092308.00 ns, 2.4553 ns/op
WorkloadActual  13: 268435456 op, 659112798.00 ns, 2.4554 ns/op
WorkloadActual  14: 268435456 op, 659737721.00 ns, 2.4577 ns/op
WorkloadActual  15: 268435456 op, 659724929.00 ns, 2.4577 ns/op

// AfterActualRun
WorkloadResult   1: 268435456 op, 275540310.00 ns, 1.0265 ns/op
WorkloadResult   2: 268435456 op, 274615335.00 ns, 1.0230 ns/op
WorkloadResult   3: 268435456 op, 274501187.00 ns, 1.0226 ns/op
WorkloadResult   4: 268435456 op, 274715748.00 ns, 1.0234 ns/op
WorkloadResult   5: 268435456 op, 276509391.00 ns, 1.0301 ns/op
WorkloadResult   6: 268435456 op, 275532658.00 ns, 1.0264 ns/op
WorkloadResult   7: 268435456 op, 274953102.00 ns, 1.0243 ns/op
WorkloadResult   8: 268435456 op, 274773557.00 ns, 1.0236 ns/op
WorkloadResult   9: 268435456 op, 274523949.00 ns, 1.0227 ns/op
WorkloadResult  10: 268435456 op, 274488336.00 ns, 1.0225 ns/op
WorkloadResult  11: 268435456 op, 274508826.00 ns, 1.0226 ns/op
WorkloadResult  12: 268435456 op, 275133749.00 ns, 1.0250 ns/op
WorkloadResult  13: 268435456 op, 275120957.00 ns, 1.0249 ns/op
// GC:  0 0 0 0 268435456
// Threading:  0 0 268435456

// AfterAll
// Benchmark Process 4478 has exited with code 0.

Mean = 1.024 ns, StdErr = 0.001 ns (0.06%), N = 13, StdDev = 0.002 ns
Min = 1.023 ns, Q1 = 1.023 ns, Median = 1.024 ns, Q3 = 1.025 ns, Max = 1.030 ns
IQR = 0.002 ns, LowerFence = 1.019 ns, UpperFence = 1.028 ns
ConfidenceInterval = [1.022 ns; 1.027 ns] (CI 99.9%), Margin = 0.003 ns (0.26% of Mean)
Skewness = 1.23, Kurtosis = 3.68, MValue = 2

// ** Remained 22 (40.7 %) benchmark(s) to run. Estimated finish 2026-09-06 7:05 (0h 4m from now) **
// **************************
// Benchmark: TokenAllocationBenchmarks.CreateExpectedVersionSpecific: .NET 10.0(Runtime=.NET 10.0, Toolchain=net10.0)
// *** Execute ***
// Launch: 1 / 1
// Execute: dotnet "EricksonLopez.Concurrency.Benchmarks-.NET 10.0-1.dll" --anonymousPipes 119 120 --benchmarkName EricksonLopez.Concurrency.Benchmarks.TokenAllocationBenchmarks.CreateExpectedVersionSpecific --job ".NET 10.0" --benchmarkId 12 in /home/runner/work/dotnet-concurrency/dotnet-concurrency/benchmarks/EricksonLopez.Concurrency.Benchmarks/bin/Release/net10.0/EricksonLopez.Concurrency.Benchmarks-.NET 10.0-1/bin/Release/net10.0
// Failed to set up high priority (Permission denied). In order to run benchmarks with high priority, make sure you have the right permissions.
// BeforeAnythingElse

// Benchmark Process Environment Information:
// BenchmarkDotNet v0.15.8
// Runtime=.NET 10.0.11 (10.0.11, 10.0.1126.37416), X64 RyuJIT x86-64-v4
// GC=Concurrent Workstation
// HardwareIntrinsics=AVX512 BITALG+VBMI2+VNNI+VPOPCNTDQ,AVX512 IFMA+VBMI,AVX512 F+BW+CD+DQ+VL,AVX2+BMI1+BMI2+F16C+FMA+LZCNT+MOVBE,AVX,SSE3+SSSE3+SSE4.1+SSE4.2+POPCNT,X86Base+SSE+SSE2,AES+PCLMUL VectorSize=256
// Job: .NET 10.0

OverheadJitting  1: 1 op, 173025.00 ns, 173.0250 us/op
WorkloadJitting  1: 1 op, 197732.00 ns, 197.7320 us/op

OverheadJitting  2: 16 op, 176300.00 ns, 11.0188 us/op
WorkloadJitting  2: 16 op, 216570.00 ns, 13.5356 us/op

WorkloadPilot    1: 16 op, 591.00 ns, 36.9375 ns/op
WorkloadPilot    2: 32 op, 701.00 ns, 21.9063 ns/op
WorkloadPilot    3: 64 op, 891.00 ns, 13.9219 ns/op
WorkloadPilot    4: 128 op, 1612.00 ns, 12.5938 ns/op
WorkloadPilot    5: 256 op, 2694.00 ns, 10.5234 ns/op
WorkloadPilot    6: 512 op, 5087.00 ns, 9.9355 ns/op
WorkloadPilot    7: 1024 op, 9805.00 ns, 9.5752 ns/op
WorkloadPilot    8: 2048 op, 19209.00 ns, 9.3794 ns/op
WorkloadPilot    9: 4096 op, 40169.00 ns, 9.8069 ns/op
WorkloadPilot   10: 8192 op, 75962.00 ns, 9.2727 ns/op
WorkloadPilot   11: 16384 op, 195118.00 ns, 11.9091 ns/op
WorkloadPilot   12: 32768 op, 350538.00 ns, 10.6976 ns/op
WorkloadPilot   13: 65536 op, 644361.00 ns, 9.8322 ns/op
WorkloadPilot   14: 131072 op, 1301081.00 ns, 9.9265 ns/op
WorkloadPilot   15: 262144 op, 2553870.00 ns, 9.7422 ns/op
WorkloadPilot   16: 524288 op, 4988375.00 ns, 9.5146 ns/op
WorkloadPilot   17: 1048576 op, 10183154.00 ns, 9.7114 ns/op
WorkloadPilot   18: 2097152 op, 19806251.00 ns, 9.4444 ns/op
WorkloadPilot   19: 4194304 op, 38970105.00 ns, 9.2912 ns/op
WorkloadPilot   20: 8388608 op, 42306711.00 ns, 5.0434 ns/op
WorkloadPilot   21: 16777216 op, 24034894.00 ns, 1.4326 ns/op
WorkloadPilot   22: 33554432 op, 48258568.00 ns, 1.4382 ns/op
WorkloadPilot   23: 67108864 op, 96239306.00 ns, 1.4341 ns/op
WorkloadPilot   24: 134217728 op, 192957879.00 ns, 1.4376 ns/op
WorkloadPilot   25: 268435456 op, 384383346.00 ns, 1.4319 ns/op
WorkloadPilot   26: 536870912 op, 768627527.00 ns, 1.4317 ns/op

OverheadWarmup   1: 536870912 op, 1230000829.00 ns, 2.2911 ns/op
OverheadWarmup   2: 536870912 op, 768676178.00 ns, 1.4318 ns/op
OverheadWarmup   3: 536870912 op, 768533808.00 ns, 1.4315 ns/op
OverheadWarmup   4: 536870912 op, 768467690.00 ns, 1.4314 ns/op
OverheadWarmup   5: 536870912 op, 768483243.00 ns, 1.4314 ns/op
OverheadWarmup   6: 536870912 op, 768678591.00 ns, 1.4318 ns/op
OverheadWarmup   7: 536870912 op, 768665283.00 ns, 1.4318 ns/op
OverheadWarmup   8: 536870912 op, 768437369.00 ns, 1.4313 ns/op
OverheadWarmup   9: 536870912 op, 768967923.00 ns, 1.4323 ns/op
OverheadWarmup  10: 536870912 op, 768728489.00 ns, 1.4319 ns/op

OverheadActual   1: 536870912 op, 769527118.00 ns, 1.4334 ns/op
OverheadActual   2: 536870912 op, 768638155.00 ns, 1.4317 ns/op
OverheadActual   3: 536870912 op, 768750882.00 ns, 1.4319 ns/op
OverheadActual   4: 536870912 op, 769416675.00 ns, 1.4332 ns/op
OverheadActual   5: 536870912 op, 769504816.00 ns, 1.4333 ns/op
OverheadActual   6: 536870912 op, 768485660.00 ns, 1.4314 ns/op
OverheadActual   7: 536870912 op, 768670037.00 ns, 1.4318 ns/op
OverheadActual   8: 536870912 op, 768573051.00 ns, 1.4316 ns/op
OverheadActual   9: 536870912 op, 768576556.00 ns, 1.4316 ns/op
OverheadActual  10: 536870912 op, 768719527.00 ns, 1.4319 ns/op
OverheadActual  11: 536870912 op, 769070135.00 ns, 1.4325 ns/op
OverheadActual  12: 536870912 op, 776623734.00 ns, 1.4466 ns/op
OverheadActual  13: 536870912 op, 768612329.00 ns, 1.4317 ns/op
OverheadActual  14: 536870912 op, 768734509.00 ns, 1.4319 ns/op
OverheadActual  15: 536870912 op, 768345769.00 ns, 1.4312 ns/op

WorkloadWarmup   1: 536870912 op, 770780124.00 ns, 1.4357 ns/op
WorkloadWarmup   2: 536870912 op, 768537484.00 ns, 1.4315 ns/op
WorkloadWarmup   3: 536870912 op, 769262433.00 ns, 1.4329 ns/op
WorkloadWarmup   4: 536870912 op, 768910492.00 ns, 1.4322 ns/op
WorkloadWarmup   5: 536870912 op, 768760802.00 ns, 1.4319 ns/op
WorkloadWarmup   6: 536870912 op, 768610209.00 ns, 1.4316 ns/op
WorkloadWarmup   7: 536870912 op, 768699952.00 ns, 1.4318 ns/op
WorkloadWarmup   8: 536870912 op, 768554216.00 ns, 1.4315 ns/op

// BeforeActualRun
WorkloadActual   1: 536870912 op, 768248905.00 ns, 1.4310 ns/op
WorkloadActual   2: 536870912 op, 768694032.00 ns, 1.4318 ns/op
WorkloadActual   3: 536870912 op, 768617089.00 ns, 1.4317 ns/op
WorkloadActual   4: 536870912 op, 768664610.00 ns, 1.4317 ns/op
WorkloadActual   5: 536870912 op, 768602550.00 ns, 1.4316 ns/op
WorkloadActual   6: 536870912 op, 768949790.00 ns, 1.4323 ns/op
WorkloadActual   7: 536870912 op, 771101497.00 ns, 1.4363 ns/op
WorkloadActual   8: 536870912 op, 769192938.00 ns, 1.4327 ns/op
WorkloadActual   9: 536870912 op, 768332178.00 ns, 1.4311 ns/op
WorkloadActual  10: 536870912 op, 768543900.00 ns, 1.4315 ns/op
WorkloadActual  11: 536870912 op, 768460197.00 ns, 1.4314 ns/op
WorkloadActual  12: 536870912 op, 768456812.00 ns, 1.4314 ns/op
WorkloadActual  13: 536870912 op, 768382242.00 ns, 1.4312 ns/op
WorkloadActual  14: 536870912 op, 768373028.00 ns, 1.4312 ns/op
WorkloadActual  15: 536870912 op, 769379360.00 ns, 1.4331 ns/op

// AfterActualRun
WorkloadResult   1: 536870912 op, 0.00 ns, 0.0000 ns/op
WorkloadResult   2: 536870912 op, 0.00 ns, 0.0000 ns/op
WorkloadResult   3: 536870912 op, 0.00 ns, 0.0000 ns/op
WorkloadResult   4: 536870912 op, 0.00 ns, 0.0000 ns/op
WorkloadResult   5: 536870912 op, 0.00 ns, 0.0000 ns/op
WorkloadResult   6: 536870912 op, 230263.00 ns, 0.0004 ns/op
WorkloadResult   7: 536870912 op, 473411.00 ns, 0.0009 ns/op
WorkloadResult   8: 536870912 op, 0.00 ns, 0.0000 ns/op
WorkloadResult   9: 536870912 op, 0.00 ns, 0.0000 ns/op
WorkloadResult  10: 536870912 op, 0.00 ns, 0.0000 ns/op
WorkloadResult  11: 536870912 op, 0.00 ns, 0.0000 ns/op
WorkloadResult  12: 536870912 op, 0.00 ns, 0.0000 ns/op
WorkloadResult  13: 536870912 op, 0.00 ns, 0.0000 ns/op
WorkloadResult  14: 536870912 op, 659833.00 ns, 0.0012 ns/op
// GC:  0 0 0 0 536870912
// Threading:  0 0 536870912

// AfterAll
// Benchmark Process 4492 has exited with code 0.

Mean = 0.000 ns, StdErr = 0.000 ns (57.95%), N = 14, StdDev = 0.000 ns
Min = 0.000 ns, Q1 = 0.000 ns, Median = 0.000 ns, Q3 = 0.000 ns, Max = 0.001 ns
IQR = 0.000 ns, LowerFence = 0.000 ns, UpperFence = 0.000 ns
ConfidenceInterval = [-0.000 ns; 0.001 ns] (CI 99.9%), Margin = 0.000 ns (244.59% of Mean)
Skewness = 1.69, Kurtosis = 4.36, MValue = 2

// ** Remained 21 (38.9 %) benchmark(s) to run. Estimated finish 2026-09-06 7:05 (0h 4m from now) **
// **************************
// Benchmark: TokenAllocationBenchmarks.TryParseSpanVersion: .NET 10.0(Runtime=.NET 10.0, Toolchain=net10.0)
// *** Execute ***
// Launch: 1 / 1
// Execute: dotnet "EricksonLopez.Concurrency.Benchmarks-.NET 10.0-1.dll" --anonymousPipes 119 120 --benchmarkName EricksonLopez.Concurrency.Benchmarks.TokenAllocationBenchmarks.TryParseSpanVersion --job ".NET 10.0" --benchmarkId 13 in /home/runner/work/dotnet-concurrency/dotnet-concurrency/benchmarks/EricksonLopez.Concurrency.Benchmarks/bin/Release/net10.0/EricksonLopez.Concurrency.Benchmarks-.NET 10.0-1/bin/Release/net10.0
// Failed to set up high priority (Permission denied). In order to run benchmarks with high priority, make sure you have the right permissions.
// BeforeAnythingElse

// Benchmark Process Environment Information:
// BenchmarkDotNet v0.15.8
// Runtime=.NET 10.0.11 (10.0.11, 10.0.1126.37416), X64 RyuJIT x86-64-v4
// GC=Concurrent Workstation
// HardwareIntrinsics=AVX512 BITALG+VBMI2+VNNI+VPOPCNTDQ,AVX512 IFMA+VBMI,AVX512 F+BW+CD+DQ+VL,AVX2+BMI1+BMI2+F16C+FMA+LZCNT+MOVBE,AVX,SSE3+SSSE3+SSE4.1+SSE4.2+POPCNT,X86Base+SSE+SSE2,AES+PCLMUL VectorSize=256
// Job: .NET 10.0

OverheadJitting  1: 1 op, 166556.00 ns, 166.5560 us/op
WorkloadJitting  1: 1 op, 325260.00 ns, 325.2600 us/op

OverheadJitting  2: 16 op, 295847.00 ns, 18.4904 us/op
WorkloadJitting  2: 16 op, 290429.00 ns, 18.1518 us/op

WorkloadPilot    1: 16 op, 1833.00 ns, 114.5625 ns/op
WorkloadPilot    2: 32 op, 2083.00 ns, 65.0938 ns/op
WorkloadPilot    3: 64 op, 2724.00 ns, 42.5625 ns/op
WorkloadPilot    4: 128 op, 4316.00 ns, 33.7188 ns/op
WorkloadPilot    5: 256 op, 7561.00 ns, 29.5352 ns/op
WorkloadPilot    6: 512 op, 14141.00 ns, 27.6191 ns/op
WorkloadPilot    7: 1024 op, 27180.00 ns, 26.5430 ns/op
WorkloadPilot    8: 2048 op, 71125.00 ns, 34.7290 ns/op
WorkloadPilot    9: 4096 op, 105216.00 ns, 25.6875 ns/op
WorkloadPilot   10: 8192 op, 220225.00 ns, 26.8829 ns/op
WorkloadPilot   11: 16384 op, 435773.00 ns, 26.5975 ns/op
WorkloadPilot   12: 32768 op, 841412.00 ns, 25.6779 ns/op
WorkloadPilot   13: 65536 op, 1698377.00 ns, 25.9152 ns/op
WorkloadPilot   14: 131072 op, 3398957.00 ns, 25.9320 ns/op
WorkloadPilot   15: 262144 op, 6753308.00 ns, 25.7618 ns/op
WorkloadPilot   16: 524288 op, 13422953.00 ns, 25.6023 ns/op
WorkloadPilot   17: 1048576 op, 26871022.00 ns, 25.6262 ns/op
WorkloadPilot   18: 2097152 op, 58660403.00 ns, 27.9715 ns/op
WorkloadPilot   19: 4194304 op, 57284131.00 ns, 13.6576 ns/op
WorkloadPilot   20: 8388608 op, 114815737.00 ns, 13.6871 ns/op
WorkloadPilot   21: 16777216 op, 229138035.00 ns, 13.6577 ns/op
WorkloadPilot   22: 33554432 op, 458103986.00 ns, 13.6526 ns/op
WorkloadPilot   23: 67108864 op, 916288872.00 ns, 13.6538 ns/op

OverheadWarmup   1: 67108864 op, 135222537.00 ns, 2.0150 ns/op
OverheadWarmup   2: 67108864 op, 154452941.00 ns, 2.3015 ns/op
OverheadWarmup   3: 67108864 op, 98335582.00 ns, 1.4653 ns/op
OverheadWarmup   4: 67108864 op, 98380218.00 ns, 1.4660 ns/op
OverheadWarmup   5: 67108864 op, 98339869.00 ns, 1.4654 ns/op

OverheadActual   1: 67108864 op, 98549478.00 ns, 1.4685 ns/op
OverheadActual   2: 67108864 op, 98347901.00 ns, 1.4655 ns/op
OverheadActual   3: 67108864 op, 98413778.00 ns, 1.4665 ns/op
OverheadActual   4: 67108864 op, 98405716.00 ns, 1.4664 ns/op
OverheadActual   5: 67108864 op, 98351486.00 ns, 1.4656 ns/op
OverheadActual   6: 67108864 op, 98387349.00 ns, 1.4661 ns/op
OverheadActual   7: 67108864 op, 98425585.00 ns, 1.4667 ns/op
OverheadActual   8: 67108864 op, 98409431.00 ns, 1.4664 ns/op
OverheadActual   9: 67108864 op, 98420197.00 ns, 1.4666 ns/op
OverheadActual  10: 67108864 op, 98346858.00 ns, 1.4655 ns/op
OverheadActual  11: 67108864 op, 98482820.00 ns, 1.4675 ns/op
OverheadActual  12: 67108864 op, 98370343.00 ns, 1.4658 ns/op
OverheadActual  13: 67108864 op, 98364415.00 ns, 1.4657 ns/op
OverheadActual  14: 67108864 op, 98374690.00 ns, 1.4659 ns/op
OverheadActual  15: 67108864 op, 98374039.00 ns, 1.4659 ns/op

WorkloadWarmup   1: 67108864 op, 915468941.00 ns, 13.6416 ns/op
WorkloadWarmup   2: 67108864 op, 937632895.00 ns, 13.9718 ns/op
WorkloadWarmup   3: 67108864 op, 915546496.00 ns, 13.6427 ns/op
WorkloadWarmup   4: 67108864 op, 915775736.00 ns, 13.6461 ns/op
WorkloadWarmup   5: 67108864 op, 919124326.00 ns, 13.6960 ns/op
WorkloadWarmup   6: 67108864 op, 916611831.00 ns, 13.6586 ns/op

// BeforeActualRun
WorkloadActual   1: 67108864 op, 916207134.00 ns, 13.6526 ns/op
WorkloadActual   2: 67108864 op, 915762597.00 ns, 13.6459 ns/op
WorkloadActual   3: 67108864 op, 915991805.00 ns, 13.6493 ns/op
WorkloadActual   4: 67108864 op, 915753493.00 ns, 13.6458 ns/op
WorkloadActual   5: 67108864 op, 916639692.00 ns, 13.6590 ns/op
WorkloadActual   6: 67108864 op, 915947374.00 ns, 13.6487 ns/op
WorkloadActual   7: 67108864 op, 915862733.00 ns, 13.6474 ns/op
WorkloadActual   8: 67108864 op, 915828168.00 ns, 13.6469 ns/op
WorkloadActual   9: 67108864 op, 916121680.00 ns, 13.6513 ns/op
WorkloadActual  10: 67108864 op, 915695071.00 ns, 13.6449 ns/op
WorkloadActual  11: 67108864 op, 917240611.00 ns, 13.6680 ns/op
WorkloadActual  12: 67108864 op, 916396256.00 ns, 13.6554 ns/op
WorkloadActual  13: 67108864 op, 931582779.00 ns, 13.8817 ns/op
WorkloadActual  14: 67108864 op, 915581549.00 ns, 13.6432 ns/op
WorkloadActual  15: 67108864 op, 918978515.00 ns, 13.6938 ns/op

// AfterActualRun
WorkloadResult   1: 67108864 op, 817819785.00 ns, 12.1865 ns/op
WorkloadResult   2: 67108864 op, 817375248.00 ns, 12.1798 ns/op
WorkloadResult   3: 67108864 op, 817604456.00 ns, 12.1833 ns/op
WorkloadResult   4: 67108864 op, 817366144.00 ns, 12.1797 ns/op
WorkloadResult   5: 67108864 op, 818252343.00 ns, 12.1929 ns/op
WorkloadResult   6: 67108864 op, 817560025.00 ns, 12.1826 ns/op
WorkloadResult   7: 67108864 op, 817475384.00 ns, 12.1813 ns/op
WorkloadResult   8: 67108864 op, 817440819.00 ns, 12.1808 ns/op
WorkloadResult   9: 67108864 op, 817734331.00 ns, 12.1852 ns/op
WorkloadResult  10: 67108864 op, 817307722.00 ns, 12.1788 ns/op
WorkloadResult  11: 67108864 op, 818853262.00 ns, 12.2019 ns/op
WorkloadResult  12: 67108864 op, 818008907.00 ns, 12.1893 ns/op
WorkloadResult  13: 67108864 op, 817194200.00 ns, 12.1771 ns/op
// GC:  0 0 0 0 67108864
// Threading:  0 0 67108864

// AfterAll
// Benchmark Process 4510 has exited with code 0.

Mean = 12.185 ns, StdErr = 0.002 ns (0.02%), N = 13, StdDev = 0.007 ns
Min = 12.177 ns, Q1 = 12.180 ns, Median = 12.183 ns, Q3 = 12.186 ns, Max = 12.202 ns
IQR = 0.007 ns, LowerFence = 12.170 ns, UpperFence = 12.196 ns
ConfidenceInterval = [12.176 ns; 12.193 ns] (CI 99.9%), Margin = 0.008 ns (0.07% of Mean)
Skewness = 1.2, Kurtosis = 3.56, MValue = 2

// ** Remained 20 (37.0 %) benchmark(s) to run. Estimated finish 2026-09-06 7:06 (0h 4m from now) **
// **************************
// Benchmark: TokenAllocationBenchmarks.TryParseStringVersion: .NET 10.0(Runtime=.NET 10.0, Toolchain=net10.0)
// *** Execute ***
// Launch: 1 / 1
// Execute: dotnet "EricksonLopez.Concurrency.Benchmarks-.NET 10.0-1.dll" --anonymousPipes 119 120 --benchmarkName EricksonLopez.Concurrency.Benchmarks.TokenAllocationBenchmarks.TryParseStringVersion --job ".NET 10.0" --benchmarkId 14 in /home/runner/work/dotnet-concurrency/dotnet-concurrency/benchmarks/EricksonLopez.Concurrency.Benchmarks/bin/Release/net10.0/EricksonLopez.Concurrency.Benchmarks-.NET 10.0-1/bin/Release/net10.0
// Failed to set up high priority (Permission denied). In order to run benchmarks with high priority, make sure you have the right permissions.
// BeforeAnythingElse

// Benchmark Process Environment Information:
// BenchmarkDotNet v0.15.8
// Runtime=.NET 10.0.11 (10.0.11, 10.0.1126.37416), X64 RyuJIT x86-64-v4
// GC=Concurrent Workstation
// HardwareIntrinsics=AVX512 BITALG+VBMI2+VNNI+VPOPCNTDQ,AVX512 IFMA+VBMI,AVX512 F+BW+CD+DQ+VL,AVX2+BMI1+BMI2+F16C+FMA+LZCNT+MOVBE,AVX,SSE3+SSSE3+SSE4.1+SSE4.2+POPCNT,X86Base+SSE+SSE2,AES+PCLMUL VectorSize=256
// Job: .NET 10.0

OverheadJitting  1: 1 op, 189660.00 ns, 189.6600 us/op
WorkloadJitting  1: 1 op, 379801.00 ns, 379.8010 us/op

OverheadJitting  2: 16 op, 297108.00 ns, 18.5693 us/op
WorkloadJitting  2: 16 op, 281455.00 ns, 17.5909 us/op

WorkloadPilot    1: 16 op, 2874.00 ns, 179.6250 ns/op
WorkloadPilot    2: 32 op, 2884.00 ns, 90.1250 ns/op
WorkloadPilot    3: 64 op, 3906.00 ns, 61.0313 ns/op
WorkloadPilot    4: 128 op, 4497.00 ns, 35.1328 ns/op
WorkloadPilot    5: 256 op, 7571.00 ns, 29.5742 ns/op
WorkloadPilot    6: 512 op, 14491.00 ns, 28.3027 ns/op
WorkloadPilot    7: 1024 op, 28091.00 ns, 27.4326 ns/op
WorkloadPilot    8: 2048 op, 55181.00 ns, 26.9438 ns/op
WorkloadPilot    9: 4096 op, 109281.00 ns, 26.6799 ns/op
WorkloadPilot   10: 8192 op, 221106.00 ns, 26.9905 ns/op
WorkloadPilot   11: 16384 op, 438397.00 ns, 26.7576 ns/op
WorkloadPilot   12: 32768 op, 892929.00 ns, 27.2500 ns/op
WorkloadPilot   13: 65536 op, 1786128.00 ns, 27.2542 ns/op
WorkloadPilot   14: 131072 op, 3553817.00 ns, 27.1135 ns/op
WorkloadPilot   15: 262144 op, 7127604.00 ns, 27.1897 ns/op
WorkloadPilot   16: 524288 op, 14170362.00 ns, 27.0278 ns/op
WorkloadPilot   17: 1048576 op, 28164834.00 ns, 26.8601 ns/op
WorkloadPilot   18: 2097152 op, 58389840.00 ns, 27.8424 ns/op
WorkloadPilot   19: 4194304 op, 64118608.00 ns, 15.2871 ns/op
WorkloadPilot   20: 8388608 op, 128503960.00 ns, 15.3189 ns/op
WorkloadPilot   21: 16777216 op, 256363057.00 ns, 15.2804 ns/op
WorkloadPilot   22: 33554432 op, 513301675.00 ns, 15.2976 ns/op

OverheadWarmup   1: 33554432 op, 68155739.00 ns, 2.0312 ns/op
OverheadWarmup   2: 33554432 op, 67496054.00 ns, 2.0115 ns/op
OverheadWarmup   3: 33554432 op, 69756322.00 ns, 2.0789 ns/op
OverheadWarmup   4: 33554432 op, 50708739.00 ns, 1.5112 ns/op
OverheadWarmup   5: 33554432 op, 49201253.00 ns, 1.4663 ns/op
OverheadWarmup   6: 33554432 op, 49192180.00 ns, 1.4660 ns/op
OverheadWarmup   7: 33554432 op, 49191328.00 ns, 1.4660 ns/op
OverheadWarmup   8: 33554432 op, 49182025.00 ns, 1.4657 ns/op
OverheadWarmup   9: 33554432 op, 49227502.00 ns, 1.4671 ns/op
OverheadWarmup  10: 33554432 op, 49189736.00 ns, 1.4660 ns/op

OverheadActual   1: 33554432 op, 49214142.00 ns, 1.4667 ns/op
OverheadActual   2: 33554432 op, 49223746.00 ns, 1.4670 ns/op
OverheadActual   3: 33554432 op, 49226220.00 ns, 1.4671 ns/op
OverheadActual   4: 33554432 op, 49207523.00 ns, 1.4665 ns/op
OverheadActual   5: 33554432 op, 49207533.00 ns, 1.4665 ns/op
OverheadActual   6: 33554432 op, 49313018.00 ns, 1.4696 ns/op
OverheadActual   7: 33554432 op, 49159461.00 ns, 1.4651 ns/op
OverheadActual   8: 33554432 op, 49152542.00 ns, 1.4649 ns/op
OverheadActual   9: 33554432 op, 49307410.00 ns, 1.4695 ns/op
OverheadActual  10: 33554432 op, 49187273.00 ns, 1.4659 ns/op
OverheadActual  11: 33554432 op, 49170027.00 ns, 1.4654 ns/op
OverheadActual  12: 33554432 op, 49288973.00 ns, 1.4689 ns/op
OverheadActual  13: 33554432 op, 49197327.00 ns, 1.4662 ns/op
OverheadActual  14: 33554432 op, 49275457.00 ns, 1.4685 ns/op
OverheadActual  15: 33554432 op, 49184618.00 ns, 1.4658 ns/op

WorkloadWarmup   1: 33554432 op, 512691213.00 ns, 15.2794 ns/op
WorkloadWarmup   2: 33554432 op, 512581761.00 ns, 15.2761 ns/op
WorkloadWarmup   3: 33554432 op, 512916486.00 ns, 15.2861 ns/op
WorkloadWarmup   4: 33554432 op, 512712896.00 ns, 15.2800 ns/op
WorkloadWarmup   5: 33554432 op, 512832692.00 ns, 15.2836 ns/op
WorkloadWarmup   6: 33554432 op, 512806293.00 ns, 15.2828 ns/op

// BeforeActualRun
WorkloadActual   1: 33554432 op, 512570635.00 ns, 15.2758 ns/op
WorkloadActual   2: 33554432 op, 512884539.00 ns, 15.2852 ns/op
WorkloadActual   3: 33554432 op, 512730295.00 ns, 15.2806 ns/op
WorkloadActual   4: 33554432 op, 512945176.00 ns, 15.2870 ns/op
WorkloadActual   5: 33554432 op, 512734915.00 ns, 15.2807 ns/op
WorkloadActual   6: 33554432 op, 512902532.00 ns, 15.2857 ns/op
WorkloadActual   7: 33554432 op, 512626545.00 ns, 15.2775 ns/op
WorkloadActual   8: 33554432 op, 512614337.00 ns, 15.2771 ns/op
WorkloadActual   9: 33554432 op, 512813121.00 ns, 15.2830 ns/op
WorkloadActual  10: 33554432 op, 514641059.00 ns, 15.3375 ns/op
WorkloadActual  11: 33554432 op, 512647126.00 ns, 15.2781 ns/op
WorkloadActual  12: 33554432 op, 512629209.00 ns, 15.2775 ns/op
WorkloadActual  13: 33554432 op, 512682227.00 ns, 15.2791 ns/op
WorkloadActual  14: 33554432 op, 512892728.00 ns, 15.2854 ns/op
WorkloadActual  15: 33554432 op, 512600276.00 ns, 15.2767 ns/op

// AfterActualRun
WorkloadResult   1: 33554432 op, 463363102.00 ns, 13.8093 ns/op
WorkloadResult   2: 33554432 op, 463677006.00 ns, 13.8187 ns/op
WorkloadResult   3: 33554432 op, 463522762.00 ns, 13.8141 ns/op
WorkloadResult   4: 33554432 op, 463737643.00 ns, 13.8205 ns/op
WorkloadResult   5: 33554432 op, 463527382.00 ns, 13.8142 ns/op
WorkloadResult   6: 33554432 op, 463694999.00 ns, 13.8192 ns/op
WorkloadResult   7: 33554432 op, 463419012.00 ns, 13.8110 ns/op
WorkloadResult   8: 33554432 op, 463406804.00 ns, 13.8106 ns/op
WorkloadResult   9: 33554432 op, 463605588.00 ns, 13.8165 ns/op
WorkloadResult  10: 33554432 op, 463439593.00 ns, 13.8116 ns/op
WorkloadResult  11: 33554432 op, 463421676.00 ns, 13.8110 ns/op
WorkloadResult  12: 33554432 op, 463474694.00 ns, 13.8126 ns/op
WorkloadResult  13: 33554432 op, 463685195.00 ns, 13.8189 ns/op
WorkloadResult  14: 33554432 op, 463392743.00 ns, 13.8102 ns/op
// GC:  0 0 0 0 33554432
// Threading:  0 0 33554432

// AfterAll
// Benchmark Process 4530 has exited with code 0.

Mean = 13.814 ns, StdErr = 0.001 ns (0.01%), N = 14, StdDev = 0.004 ns
Min = 13.809 ns, Q1 = 13.811 ns, Median = 13.813 ns, Q3 = 13.818 ns, Max = 13.820 ns
IQR = 0.007 ns, LowerFence = 13.800 ns, UpperFence = 13.829 ns
ConfidenceInterval = [13.810 ns; 13.819 ns] (CI 99.9%), Margin = 0.004 ns (0.03% of Mean)
Skewness = 0.35, Kurtosis = 1.4, MValue = 2

// ** Remained 19 (35.2 %) benchmark(s) to run. Estimated finish 2026-09-06 7:06 (0h 3m from now) **
// **************************
// Benchmark: TokenAllocationBenchmarks.FormatVersionToString: .NET 10.0(Runtime=.NET 10.0, Toolchain=net10.0)
// *** Execute ***
// Launch: 1 / 1
// Execute: dotnet "EricksonLopez.Concurrency.Benchmarks-.NET 10.0-1.dll" --anonymousPipes 119 120 --benchmarkName EricksonLopez.Concurrency.Benchmarks.TokenAllocationBenchmarks.FormatVersionToString --job ".NET 10.0" --benchmarkId 15 in /home/runner/work/dotnet-concurrency/dotnet-concurrency/benchmarks/EricksonLopez.Concurrency.Benchmarks/bin/Release/net10.0/EricksonLopez.Concurrency.Benchmarks-.NET 10.0-1/bin/Release/net10.0
// Failed to set up high priority (Permission denied). In order to run benchmarks with high priority, make sure you have the right permissions.
// BeforeAnythingElse

// Benchmark Process Environment Information:
// BenchmarkDotNet v0.15.8
// Runtime=.NET 10.0.11 (10.0.11, 10.0.1126.37416), X64 RyuJIT x86-64-v4
// GC=Concurrent Workstation
// HardwareIntrinsics=AVX512 BITALG+VBMI2+VNNI+VPOPCNTDQ,AVX512 IFMA+VBMI,AVX512 F+BW+CD+DQ+VL,AVX2+BMI1+BMI2+F16C+FMA+LZCNT+MOVBE,AVX,SSE3+SSSE3+SSE4.1+SSE4.2+POPCNT,X86Base+SSE+SSE2,AES+PCLMUL VectorSize=256
// Job: .NET 10.0

OverheadJitting  1: 1 op, 181368.00 ns, 181.3680 us/op
WorkloadJitting  1: 1 op, 237210.00 ns, 237.2100 us/op

OverheadJitting  2: 16 op, 357829.00 ns, 22.3643 us/op
WorkloadJitting  2: 16 op, 397337.00 ns, 24.8336 us/op

WorkloadPilot    1: 16 op, 3075.00 ns, 192.1875 ns/op
WorkloadPilot    2: 32 op, 2884.00 ns, 90.1250 ns/op
WorkloadPilot    3: 64 op, 4066.00 ns, 63.5313 ns/op
WorkloadPilot    4: 128 op, 22443.00 ns, 175.3359 ns/op
WorkloadPilot    5: 256 op, 28291.00 ns, 110.5117 ns/op
WorkloadPilot    6: 512 op, 24446.00 ns, 47.7461 ns/op
WorkloadPilot    7: 1024 op, 54360.00 ns, 53.0859 ns/op
WorkloadPilot    8: 2048 op, 96813.00 ns, 47.2720 ns/op
WorkloadPilot    9: 4096 op, 189069.00 ns, 46.1594 ns/op
WorkloadPilot   10: 8192 op, 259132.00 ns, 31.6323 ns/op
WorkloadPilot   11: 16384 op, 634487.00 ns, 38.7260 ns/op
WorkloadPilot   12: 32768 op, 1246140.00 ns, 38.0292 ns/op
WorkloadPilot   13: 65536 op, 2514252.00 ns, 38.3644 ns/op
WorkloadPilot   14: 131072 op, 5187759.00 ns, 39.5795 ns/op
WorkloadPilot   15: 262144 op, 10279778.00 ns, 39.2142 ns/op
WorkloadPilot   16: 524288 op, 13928775.00 ns, 26.5670 ns/op
WorkloadPilot   17: 1048576 op, 21740079.00 ns, 20.7330 ns/op
WorkloadPilot   18: 2097152 op, 45379170.00 ns, 21.6385 ns/op
WorkloadPilot   19: 4194304 op, 55339406.00 ns, 13.1939 ns/op
WorkloadPilot   20: 8388608 op, 110341435.00 ns, 13.1537 ns/op
WorkloadPilot   21: 16777216 op, 221619614.00 ns, 13.2096 ns/op
WorkloadPilot   22: 33554432 op, 445266770.00 ns, 13.2700 ns/op
WorkloadPilot   23: 67108864 op, 889032532.00 ns, 13.2476 ns/op

OverheadWarmup   1: 67108864 op, 215181482.00 ns, 3.2065 ns/op
OverheadWarmup   2: 67108864 op, 174991687.00 ns, 2.6076 ns/op
OverheadWarmup   3: 67108864 op, 176647332.00 ns, 2.6323 ns/op
OverheadWarmup   4: 67108864 op, 175263914.00 ns, 2.6116 ns/op
OverheadWarmup   5: 67108864 op, 174870348.00 ns, 2.6058 ns/op
OverheadWarmup   6: 67108864 op, 193288130.00 ns, 2.8802 ns/op
OverheadWarmup   7: 67108864 op, 193271525.00 ns, 2.8800 ns/op

OverheadActual   1: 67108864 op, 193189514.00 ns, 2.8787 ns/op
OverheadActual   2: 67108864 op, 175138733.00 ns, 2.6098 ns/op
OverheadActual   3: 67108864 op, 193285456.00 ns, 2.8802 ns/op
OverheadActual   4: 67108864 op, 175094309.00 ns, 2.6091 ns/op
OverheadActual   5: 67108864 op, 175065786.00 ns, 2.6087 ns/op
OverheadActual   6: 67108864 op, 193265986.00 ns, 2.8799 ns/op
OverheadActual   7: 67108864 op, 175185523.00 ns, 2.6105 ns/op
OverheadActual   8: 67108864 op, 174973390.00 ns, 2.6073 ns/op
OverheadActual   9: 67108864 op, 175163971.00 ns, 2.6101 ns/op
OverheadActual  10: 67108864 op, 175123671.00 ns, 2.6095 ns/op
OverheadActual  11: 67108864 op, 193377722.00 ns, 2.8816 ns/op
OverheadActual  12: 67108864 op, 174955423.00 ns, 2.6070 ns/op
OverheadActual  13: 67108864 op, 175135729.00 ns, 2.6097 ns/op
OverheadActual  14: 67108864 op, 174943916.00 ns, 2.6069 ns/op
OverheadActual  15: 67108864 op, 174934452.00 ns, 2.6067 ns/op

WorkloadWarmup   1: 67108864 op, 888174896.00 ns, 13.2348 ns/op
WorkloadWarmup   2: 67108864 op, 889666057.00 ns, 13.2571 ns/op
WorkloadWarmup   3: 67108864 op, 882005107.00 ns, 13.1429 ns/op
WorkloadWarmup   4: 67108864 op, 878808390.00 ns, 13.0953 ns/op
WorkloadWarmup   5: 67108864 op, 878897882.00 ns, 13.0966 ns/op
WorkloadWarmup   6: 67108864 op, 882673012.00 ns, 13.1529 ns/op
WorkloadWarmup   7: 67108864 op, 881457115.00 ns, 13.1347 ns/op

// BeforeActualRun
WorkloadActual   1: 67108864 op, 888473137.00 ns, 13.2393 ns/op
WorkloadActual   2: 67108864 op, 888839933.00 ns, 13.2447 ns/op
WorkloadActual   3: 67108864 op, 897522347.00 ns, 13.3741 ns/op
WorkloadActual   4: 67108864 op, 890493155.00 ns, 13.2694 ns/op
WorkloadActual   5: 67108864 op, 887794621.00 ns, 13.2292 ns/op
WorkloadActual   6: 67108864 op, 881426060.00 ns, 13.1343 ns/op
WorkloadActual   7: 67108864 op, 880824329.00 ns, 13.1253 ns/op
WorkloadActual   8: 67108864 op, 881890042.00 ns, 13.1412 ns/op
WorkloadActual   9: 67108864 op, 880813823.00 ns, 13.1251 ns/op
WorkloadActual  10: 67108864 op, 913488764.00 ns, 13.6120 ns/op
WorkloadActual  11: 67108864 op, 894896039.00 ns, 13.3350 ns/op
WorkloadActual  12: 67108864 op, 948310513.00 ns, 14.1309 ns/op
WorkloadActual  13: 67108864 op, 902130653.00 ns, 13.4428 ns/op
WorkloadActual  14: 67108864 op, 907132882.00 ns, 13.5173 ns/op
WorkloadActual  15: 67108864 op, 897475436.00 ns, 13.3734 ns/op

// AfterActualRun
WorkloadResult   1: 67108864 op, 713337408.00 ns, 10.6296 ns/op
WorkloadResult   2: 67108864 op, 713704204.00 ns, 10.6350 ns/op
WorkloadResult   3: 67108864 op, 722386618.00 ns, 10.7644 ns/op
WorkloadResult   4: 67108864 op, 715357426.00 ns, 10.6597 ns/op
WorkloadResult   5: 67108864 op, 712658892.00 ns, 10.6194 ns/op
WorkloadResult   6: 67108864 op, 706290331.00 ns, 10.5245 ns/op
WorkloadResult   7: 67108864 op, 705688600.00 ns, 10.5156 ns/op
WorkloadResult   8: 67108864 op, 706754313.00 ns, 10.5315 ns/op
WorkloadResult   9: 67108864 op, 705678094.00 ns, 10.5154 ns/op
WorkloadResult  10: 67108864 op, 738353035.00 ns, 11.0023 ns/op
WorkloadResult  11: 67108864 op, 719760310.00 ns, 10.7253 ns/op
WorkloadResult  12: 67108864 op, 726994924.00 ns, 10.8331 ns/op
WorkloadResult  13: 67108864 op, 731997153.00 ns, 10.9076 ns/op
WorkloadResult  14: 67108864 op, 722339707.00 ns, 10.7637 ns/op
// GC:  192 0 0 3221225472 67108864
// Threading:  0 0 67108864

// AfterAll
// Benchmark Process 4539 has exited with code 0.

Mean = 10.688 ns, StdErr = 0.041 ns (0.38%), N = 14, StdDev = 0.153 ns
Min = 10.515 ns, Q1 = 10.553 ns, Median = 10.647 ns, Q3 = 10.764 ns, Max = 11.002 ns
IQR = 0.211 ns, LowerFence = 10.237 ns, UpperFence = 11.080 ns
ConfidenceInterval = [10.515 ns; 10.860 ns] (CI 99.9%), Margin = 0.172 ns (1.61% of Mean)
Skewness = 0.54, Kurtosis = 2.07, MValue = 2

// ** Remained 18 (33.3 %) benchmark(s) to run. Estimated finish 2026-09-06 7:06 (0h 3m from now) **
// **************************
// Benchmark: TokenAllocationBenchmarks.CompareTokensValueEquality: .NET 10.0(Runtime=.NET 10.0, Toolchain=net10.0)
// *** Execute ***
// Launch: 1 / 1
// Execute: dotnet "EricksonLopez.Concurrency.Benchmarks-.NET 10.0-1.dll" --anonymousPipes 119 120 --benchmarkName EricksonLopez.Concurrency.Benchmarks.TokenAllocationBenchmarks.CompareTokensValueEquality --job ".NET 10.0" --benchmarkId 16 in /home/runner/work/dotnet-concurrency/dotnet-concurrency/benchmarks/EricksonLopez.Concurrency.Benchmarks/bin/Release/net10.0/EricksonLopez.Concurrency.Benchmarks-.NET 10.0-1/bin/Release/net10.0
// Failed to set up high priority (Permission denied). In order to run benchmarks with high priority, make sure you have the right permissions.
// BeforeAnythingElse

// Benchmark Process Environment Information:
// BenchmarkDotNet v0.15.8
// Runtime=.NET 10.0.11 (10.0.11, 10.0.1126.37416), X64 RyuJIT x86-64-v4
// GC=Concurrent Workstation
// HardwareIntrinsics=AVX512 BITALG+VBMI2+VNNI+VPOPCNTDQ,AVX512 IFMA+VBMI,AVX512 F+BW+CD+DQ+VL,AVX2+BMI1+BMI2+F16C+FMA+LZCNT+MOVBE,AVX,SSE3+SSSE3+SSE4.1+SSE4.2+POPCNT,X86Base+SSE+SSE2,AES+PCLMUL VectorSize=256
// Job: .NET 10.0

OverheadJitting  1: 1 op, 174918.00 ns, 174.9180 us/op
WorkloadJitting  1: 1 op, 320132.00 ns, 320.1320 us/op

OverheadJitting  2: 16 op, 303549.00 ns, 18.9718 us/op
WorkloadJitting  2: 16 op, 272832.00 ns, 17.0520 us/op

WorkloadPilot    1: 16 op, 1963.00 ns, 122.6875 ns/op
WorkloadPilot    2: 32 op, 1973.00 ns, 61.6563 ns/op
WorkloadPilot    3: 64 op, 2394.00 ns, 37.4063 ns/op
WorkloadPilot    4: 128 op, 3906.00 ns, 30.5156 ns/op
WorkloadPilot    5: 256 op, 6961.00 ns, 27.1914 ns/op
WorkloadPilot    6: 512 op, 12699.00 ns, 24.8027 ns/op
WorkloadPilot    7: 1024 op, 24846.00 ns, 24.2637 ns/op
WorkloadPilot    8: 2048 op, 48752.00 ns, 23.8047 ns/op
WorkloadPilot    9: 4096 op, 112155.00 ns, 27.3816 ns/op
WorkloadPilot   10: 8192 op, 192314.00 ns, 23.4758 ns/op
WorkloadPilot   11: 16384 op, 374222.00 ns, 22.8407 ns/op
WorkloadPilot   12: 32768 op, 766411.00 ns, 23.3890 ns/op
WorkloadPilot   13: 65536 op, 1514546.00 ns, 23.1101 ns/op
WorkloadPilot   14: 131072 op, 3032918.00 ns, 23.1393 ns/op
WorkloadPilot   15: 262144 op, 6064183.00 ns, 23.1330 ns/op
WorkloadPilot   16: 524288 op, 12172371.00 ns, 23.2170 ns/op
WorkloadPilot   17: 1048576 op, 24102635.00 ns, 22.9861 ns/op
WorkloadPilot   18: 2097152 op, 58298501.00 ns, 27.7989 ns/op
WorkloadPilot   19: 4194304 op, 14003074.00 ns, 3.3386 ns/op
WorkloadPilot   20: 8388608 op, 38612997.00 ns, 4.6030 ns/op
WorkloadPilot   21: 16777216 op, 50481510.00 ns, 3.0089 ns/op
WorkloadPilot   22: 33554432 op, 100700382.00 ns, 3.0011 ns/op
WorkloadPilot   23: 67108864 op, 201754486.00 ns, 3.0064 ns/op
WorkloadPilot   24: 134217728 op, 403061691.00 ns, 3.0030 ns/op
WorkloadPilot   25: 268435456 op, 805986199.00 ns, 3.0025 ns/op

OverheadWarmup   1: 268435456 op, 632207086.00 ns, 2.3552 ns/op
OverheadWarmup   2: 268435456 op, 393425865.00 ns, 1.4656 ns/op
OverheadWarmup   3: 268435456 op, 394055255.00 ns, 1.4680 ns/op
OverheadWarmup   4: 268435456 op, 396793026.00 ns, 1.4782 ns/op
OverheadWarmup   5: 268435456 op, 393557429.00 ns, 1.4661 ns/op
OverheadWarmup   6: 268435456 op, 393940966.00 ns, 1.4675 ns/op
OverheadWarmup   7: 268435456 op, 393453846.00 ns, 1.4657 ns/op

OverheadActual   1: 268435456 op, 395951604.00 ns, 1.4750 ns/op
OverheadActual   2: 268435456 op, 393724746.00 ns, 1.4667 ns/op
OverheadActual   3: 268435456 op, 393558401.00 ns, 1.4661 ns/op
OverheadActual   4: 268435456 op, 393457532.00 ns, 1.4657 ns/op
OverheadActual   5: 268435456 op, 393638546.00 ns, 1.4664 ns/op
OverheadActual   6: 268435456 op, 393592849.00 ns, 1.4662 ns/op
OverheadActual   7: 268435456 op, 393809529.00 ns, 1.4671 ns/op
OverheadActual   8: 268435456 op, 393449618.00 ns, 1.4657 ns/op
OverheadActual   9: 268435456 op, 394650882.00 ns, 1.4702 ns/op
OverheadActual  10: 268435456 op, 406042842.00 ns, 1.5126 ns/op
OverheadActual  11: 268435456 op, 393432282.00 ns, 1.4656 ns/op
OverheadActual  12: 268435456 op, 393412803.00 ns, 1.4656 ns/op
OverheadActual  13: 268435456 op, 393326466.00 ns, 1.4653 ns/op
OverheadActual  14: 268435456 op, 393734609.00 ns, 1.4668 ns/op
OverheadActual  15: 268435456 op, 393327538.00 ns, 1.4653 ns/op

WorkloadWarmup   1: 268435456 op, 811303689.00 ns, 3.0223 ns/op
WorkloadWarmup   2: 268435456 op, 819261386.00 ns, 3.0520 ns/op
WorkloadWarmup   3: 268435456 op, 805831737.00 ns, 3.0020 ns/op
WorkloadWarmup   4: 268435456 op, 806288786.00 ns, 3.0037 ns/op
WorkloadWarmup   5: 268435456 op, 807188669.00 ns, 3.0070 ns/op
WorkloadWarmup   6: 268435456 op, 809216358.00 ns, 3.0146 ns/op
WorkloadWarmup   7: 268435456 op, 806541028.00 ns, 3.0046 ns/op

// BeforeActualRun
WorkloadActual   1: 268435456 op, 806472097.00 ns, 3.0043 ns/op
WorkloadActual   2: 268435456 op, 805473663.00 ns, 3.0006 ns/op
WorkloadActual   3: 268435456 op, 809056568.00 ns, 3.0140 ns/op
WorkloadActual   4: 268435456 op, 805390159.00 ns, 3.0003 ns/op
WorkloadActual   5: 268435456 op, 805392843.00 ns, 3.0003 ns/op
WorkloadActual   6: 268435456 op, 805969845.00 ns, 3.0025 ns/op
WorkloadActual   7: 268435456 op, 805604926.00 ns, 3.0011 ns/op
WorkloadActual   8: 268435456 op, 805372702.00 ns, 3.0002 ns/op
WorkloadActual   9: 268435456 op, 805066360.00 ns, 2.9991 ns/op
WorkloadActual  10: 268435456 op, 805893708.00 ns, 3.0022 ns/op
WorkloadActual  11: 268435456 op, 805752369.00 ns, 3.0017 ns/op
WorkloadActual  12: 268435456 op, 805562508.00 ns, 3.0010 ns/op
WorkloadActual  13: 268435456 op, 805574336.00 ns, 3.0010 ns/op
WorkloadActual  14: 268435456 op, 805978643.00 ns, 3.0025 ns/op
WorkloadActual  15: 268435456 op, 805646793.00 ns, 3.0013 ns/op

// AfterActualRun
WorkloadResult   1: 268435456 op, 412879248.00 ns, 1.5381 ns/op
WorkloadResult   2: 268435456 op, 411880814.00 ns, 1.5344 ns/op
WorkloadResult   3: 268435456 op, 411797310.00 ns, 1.5341 ns/op
WorkloadResult   4: 268435456 op, 411799994.00 ns, 1.5341 ns/op
WorkloadResult   5: 268435456 op, 412376996.00 ns, 1.5362 ns/op
WorkloadResult   6: 268435456 op, 412012077.00 ns, 1.5349 ns/op
WorkloadResult   7: 268435456 op, 411779853.00 ns, 1.5340 ns/op
WorkloadResult   8: 268435456 op, 411473511.00 ns, 1.5329 ns/op
WorkloadResult   9: 268435456 op, 412300859.00 ns, 1.5359 ns/op
WorkloadResult  10: 268435456 op, 412159520.00 ns, 1.5354 ns/op
WorkloadResult  11: 268435456 op, 411969659.00 ns, 1.5347 ns/op
WorkloadResult  12: 268435456 op, 411981487.00 ns, 1.5348 ns/op
WorkloadResult  13: 268435456 op, 412385794.00 ns, 1.5363 ns/op
WorkloadResult  14: 268435456 op, 412053944.00 ns, 1.5350 ns/op
// GC:  0 0 0 0 268435456
// Threading:  0 0 268435456

// AfterAll
// Benchmark Process 4555 has exited with code 0.

Mean = 1.535 ns, StdErr = 0.000 ns (0.02%), N = 14, StdDev = 0.001 ns
Min = 1.533 ns, Q1 = 1.534 ns, Median = 1.535 ns, Q3 = 1.536 ns, Max = 1.538 ns
IQR = 0.002 ns, LowerFence = 1.532 ns, UpperFence = 1.538 ns
ConfidenceInterval = [1.534 ns; 1.536 ns] (CI 99.9%), Margin = 0.001 ns (0.09% of Mean)
Skewness = 0.62, Kurtosis = 3.05, MValue = 2

// ** Remained 17 (31.5 %) benchmark(s) to run. Estimated finish 2026-09-06 7:06 (0h 3m from now) **
// **************************
// Benchmark: TokenAllocationBenchmarks.CheckExpectedMatchesActual: .NET 10.0(Runtime=.NET 10.0, Toolchain=net10.0)
// *** Execute ***
// Launch: 1 / 1
// Execute: dotnet "EricksonLopez.Concurrency.Benchmarks-.NET 10.0-1.dll" --anonymousPipes 119 120 --benchmarkName EricksonLopez.Concurrency.Benchmarks.TokenAllocationBenchmarks.CheckExpectedMatchesActual --job ".NET 10.0" --benchmarkId 17 in /home/runner/work/dotnet-concurrency/dotnet-concurrency/benchmarks/EricksonLopez.Concurrency.Benchmarks/bin/Release/net10.0/EricksonLopez.Concurrency.Benchmarks-.NET 10.0-1/bin/Release/net10.0
// Failed to set up high priority (Permission denied). In order to run benchmarks with high priority, make sure you have the right permissions.
// BeforeAnythingElse

// Benchmark Process Environment Information:
// BenchmarkDotNet v0.15.8
// Runtime=.NET 10.0.11 (10.0.11, 10.0.1126.37416), X64 RyuJIT x86-64-v4
// GC=Concurrent Workstation
// HardwareIntrinsics=AVX512 BITALG+VBMI2+VNNI+VPOPCNTDQ,AVX512 IFMA+VBMI,AVX512 F+BW+CD+DQ+VL,AVX2+BMI1+BMI2+F16C+FMA+LZCNT+MOVBE,AVX,SSE3+SSSE3+SSE4.1+SSE4.2+POPCNT,X86Base+SSE+SSE2,AES+PCLMUL VectorSize=256
// Job: .NET 10.0

OverheadJitting  1: 1 op, 171282.00 ns, 171.2820 us/op
WorkloadJitting  1: 1 op, 373882.00 ns, 373.8820 us/op

OverheadJitting  2: 16 op, 277479.00 ns, 17.3424 us/op
WorkloadJitting  2: 16 op, 286072.00 ns, 17.8795 us/op

WorkloadPilot    1: 16 op, 1161.00 ns, 72.5625 ns/op
WorkloadPilot    2: 32 op, 1172.00 ns, 36.6250 ns/op
WorkloadPilot    3: 64 op, 1652.00 ns, 25.8125 ns/op
WorkloadPilot    4: 128 op, 3175.00 ns, 24.8047 ns/op
WorkloadPilot    5: 256 op, 4727.00 ns, 18.4648 ns/op
WorkloadPilot    6: 512 op, 6129.00 ns, 11.9707 ns/op
WorkloadPilot    7: 1024 op, 11657.00 ns, 11.3838 ns/op
WorkloadPilot    8: 2048 op, 22924.00 ns, 11.1934 ns/op
WorkloadPilot    9: 4096 op, 45277.00 ns, 11.0540 ns/op
WorkloadPilot   10: 8192 op, 90093.00 ns, 10.9977 ns/op
WorkloadPilot   11: 16384 op, 179776.00 ns, 10.9727 ns/op
WorkloadPilot   12: 32768 op, 358640.00 ns, 10.9448 ns/op
WorkloadPilot   13: 65536 op, 735196.00 ns, 11.2182 ns/op
WorkloadPilot   14: 131072 op, 1453987.00 ns, 11.0930 ns/op
WorkloadPilot   15: 262144 op, 2906852.00 ns, 11.0888 ns/op
WorkloadPilot   16: 524288 op, 5825352.00 ns, 11.1110 ns/op
WorkloadPilot   17: 1048576 op, 11656882.00 ns, 11.1169 ns/op
WorkloadPilot   18: 2097152 op, 23084916.00 ns, 11.0077 ns/op
WorkloadPilot   19: 4194304 op, 46323478.00 ns, 11.0444 ns/op
WorkloadPilot   20: 8388608 op, 42533783.00 ns, 5.0704 ns/op
WorkloadPilot   21: 16777216 op, 29364688.00 ns, 1.7503 ns/op
WorkloadPilot   22: 33554432 op, 58414782.00 ns, 1.7409 ns/op
WorkloadPilot   23: 67108864 op, 116794712.00 ns, 1.7404 ns/op
WorkloadPilot   24: 134217728 op, 233887304.00 ns, 1.7426 ns/op
WorkloadPilot   25: 268435456 op, 466853757.00 ns, 1.7392 ns/op
WorkloadPilot   26: 536870912 op, 933688265.00 ns, 1.7391 ns/op

OverheadWarmup   1: 536870912 op, 1320336597.00 ns, 2.4593 ns/op
OverheadWarmup   2: 536870912 op, 786924348.00 ns, 1.4658 ns/op
OverheadWarmup   3: 536870912 op, 787339311.00 ns, 1.4665 ns/op
OverheadWarmup   4: 536870912 op, 787613636.00 ns, 1.4670 ns/op
OverheadWarmup   5: 536870912 op, 786603895.00 ns, 1.4652 ns/op
OverheadWarmup   6: 536870912 op, 787115641.00 ns, 1.4661 ns/op
OverheadWarmup   7: 536870912 op, 794924811.00 ns, 1.4807 ns/op
OverheadWarmup   8: 536870912 op, 787036463.00 ns, 1.4660 ns/op

OverheadActual   1: 536870912 op, 787643068.00 ns, 1.4671 ns/op
OverheadActual   2: 536870912 op, 787479183.00 ns, 1.4668 ns/op
OverheadActual   3: 536870912 op, 789230859.00 ns, 1.4701 ns/op
OverheadActual   4: 536870912 op, 786749145.00 ns, 1.4654 ns/op
OverheadActual   5: 536870912 op, 787311836.00 ns, 1.4665 ns/op
OverheadActual   6: 536870912 op, 786896062.00 ns, 1.4657 ns/op
OverheadActual   7: 536870912 op, 800972707.00 ns, 1.4919 ns/op
OverheadActual   8: 536870912 op, 787310795.00 ns, 1.4665 ns/op
OverheadActual   9: 536870912 op, 787258218.00 ns, 1.4664 ns/op
OverheadActual  10: 536870912 op, 786822544.00 ns, 1.4656 ns/op
OverheadActual  11: 536870912 op, 790600796.00 ns, 1.4726 ns/op
OverheadActual  12: 536870912 op, 786879532.00 ns, 1.4657 ns/op
OverheadActual  13: 536870912 op, 790945656.00 ns, 1.4733 ns/op
OverheadActual  14: 536870912 op, 787275357.00 ns, 1.4664 ns/op
OverheadActual  15: 536870912 op, 796960376.00 ns, 1.4845 ns/op

WorkloadWarmup   1: 536870912 op, 939258227.00 ns, 1.7495 ns/op
WorkloadWarmup   2: 536870912 op, 934770251.00 ns, 1.7411 ns/op
WorkloadWarmup   3: 536870912 op, 934283882.00 ns, 1.7402 ns/op
WorkloadWarmup   4: 536870912 op, 937629813.00 ns, 1.7465 ns/op
WorkloadWarmup   5: 536870912 op, 934846965.00 ns, 1.7413 ns/op
WorkloadWarmup   6: 536870912 op, 934964147.00 ns, 1.7415 ns/op
WorkloadWarmup   7: 536870912 op, 934393534.00 ns, 1.7404 ns/op

// BeforeActualRun
WorkloadActual   1: 536870912 op, 939459700.00 ns, 1.7499 ns/op
WorkloadActual   2: 536870912 op, 934879752.00 ns, 1.7413 ns/op
WorkloadActual   3: 536870912 op, 934748539.00 ns, 1.7411 ns/op
WorkloadActual   4: 536870912 op, 934183955.00 ns, 1.7401 ns/op
WorkloadActual   5: 536870912 op, 933630738.00 ns, 1.7390 ns/op
WorkloadActual   6: 536870912 op, 933977359.00 ns, 1.7397 ns/op
WorkloadActual   7: 536870912 op, 933524431.00 ns, 1.7388 ns/op
WorkloadActual   8: 536870912 op, 933402446.00 ns, 1.7386 ns/op
WorkloadActual   9: 536870912 op, 933838910.00 ns, 1.7394 ns/op
WorkloadActual  10: 536870912 op, 933647006.00 ns, 1.7391 ns/op
WorkloadActual  11: 536870912 op, 935134653.00 ns, 1.7418 ns/op
WorkloadActual  12: 536870912 op, 933701217.00 ns, 1.7392 ns/op
WorkloadActual  13: 536870912 op, 934513306.00 ns, 1.7407 ns/op
WorkloadActual  14: 536870912 op, 933976994.00 ns, 1.7397 ns/op
WorkloadActual  15: 536870912 op, 934384217.00 ns, 1.7404 ns/op

// AfterActualRun
WorkloadResult   1: 536870912 op, 147567916.00 ns, 0.2749 ns/op
WorkloadResult   2: 536870912 op, 147436703.00 ns, 0.2746 ns/op
WorkloadResult   3: 536870912 op, 146872119.00 ns, 0.2736 ns/op
WorkloadResult   4: 536870912 op, 146318902.00 ns, 0.2725 ns/op
WorkloadResult   5: 536870912 op, 146665523.00 ns, 0.2732 ns/op
WorkloadResult   6: 536870912 op, 146212595.00 ns, 0.2723 ns/op
WorkloadResult   7: 536870912 op, 146090610.00 ns, 0.2721 ns/op
WorkloadResult   8: 536870912 op, 146527074.00 ns, 0.2729 ns/op
WorkloadResult   9: 536870912 op, 146335170.00 ns, 0.2726 ns/op
WorkloadResult  10: 536870912 op, 147822817.00 ns, 0.2753 ns/op
WorkloadResult  11: 536870912 op, 146389381.00 ns, 0.2727 ns/op
WorkloadResult  12: 536870912 op, 147201470.00 ns, 0.2742 ns/op
WorkloadResult  13: 536870912 op, 146665158.00 ns, 0.2732 ns/op
WorkloadResult  14: 536870912 op, 147072381.00 ns, 0.2739 ns/op
// GC:  0 0 0 0 536870912
// Threading:  0 0 536870912

// AfterAll
// Benchmark Process 4576 has exited with code 0.

Mean = 0.273 ns, StdErr = 0.000 ns (0.10%), N = 14, StdDev = 0.001 ns
Min = 0.272 ns, Q1 = 0.273 ns, Median = 0.273 ns, Q3 = 0.274 ns, Max = 0.275 ns
IQR = 0.002 ns, LowerFence = 0.270 ns, UpperFence = 0.276 ns
ConfidenceInterval = [0.272 ns; 0.275 ns] (CI 99.9%), Margin = 0.001 ns (0.42% of Mean)
Skewness = 0.45, Kurtosis = 1.75, MValue = 2

// ** Remained 16 (29.6 %) benchmark(s) to run. Estimated finish 2026-09-06 7:07 (0h 3m from now) **
// Build Error: Standard output: 
  
 Standard error: 
 /usr/share/dotnet/sdk/10.0.400/Microsoft.Common.CurrentVersion.targets(1891,5): error : Project '/home/runner/work/dotnet-concurrency/dotnet-concurrency/benchmarks/EricksonLopez.Concurrency.Benchmarks/EricksonLopez.Concurrency.Benchmarks.csproj' targets 'net10.0'. It cannot be referenced by a project that targets '.NETCoreApp,Version=v8.0'. [/home/runner/work/dotnet-concurrency/dotnet-concurrency/benchmarks/EricksonLopez.Concurrency.Benchmarks/bin/Release/net10.0/EricksonLopez.Concurrency.Benchmarks-.NET 8.0-2/BenchmarkDotNet.Autogenerated.csproj::TargetFramework=net8.0]
Build FAILED.
/usr/share/dotnet/sdk/10.0.400/Microsoft.Common.CurrentVersion.targets(1891,5): error : Project '/home/runner/work/dotnet-concurrency/dotnet-concurrency/benchmarks/EricksonLopez.Concurrency.Benchmarks/EricksonLopez.Concurrency.Benchmarks.csproj' targets 'net10.0'. It cannot be referenced by a project that targets '.NETCoreApp,Version=v8.0'. [/home/runner/work/dotnet-concurrency/dotnet-concurrency/benchmarks/EricksonLopez.Concurrency.Benchmarks/bin/Release/net10.0/EricksonLopez.Concurrency.Benchmarks-.NET 8.0-2/BenchmarkDotNet.Autogenerated.csproj::TargetFramework=net8.0]
    0 Warning(s)
    1 Error(s)
Time Elapsed 00:00:01.10

// BenchmarkDotNet has failed to build the auto-generated boilerplate code.
// It can be found in /home/runner/work/dotnet-concurrency/dotnet-concurrency/benchmarks/EricksonLopez.Concurrency.Benchmarks/bin/Release/net10.0/EricksonLopez.Concurrency.Benchmarks-.NET 8.0-2
// Please follow the troubleshooting guide: https://benchmarkdotnet.org/articles/guides/troubleshooting.html

// ** Remained 15 (27.8 %) benchmark(s) to run. Estimated finish 2026-09-06 7:07 (0h 3m from now) **
// Build Error: Standard output: 
  
 Standard error: 
 /usr/share/dotnet/sdk/10.0.400/Microsoft.Common.CurrentVersion.targets(1891,5): error : Project '/home/runner/work/dotnet-concurrency/dotnet-concurrency/benchmarks/EricksonLopez.Concurrency.Benchmarks/EricksonLopez.Concurrency.Benchmarks.csproj' targets 'net10.0'. It cannot be referenced by a project that targets '.NETCoreApp,Version=v8.0'. [/home/runner/work/dotnet-concurrency/dotnet-concurrency/benchmarks/EricksonLopez.Concurrency.Benchmarks/bin/Release/net10.0/EricksonLopez.Concurrency.Benchmarks-.NET 8.0-2/BenchmarkDotNet.Autogenerated.csproj::TargetFramework=net8.0]
Build FAILED.
/usr/share/dotnet/sdk/10.0.400/Microsoft.Common.CurrentVersion.targets(1891,5): error : Project '/home/runner/work/dotnet-concurrency/dotnet-concurrency/benchmarks/EricksonLopez.Concurrency.Benchmarks/EricksonLopez.Concurrency.Benchmarks.csproj' targets 'net10.0'. It cannot be referenced by a project that targets '.NETCoreApp,Version=v8.0'. [/home/runner/work/dotnet-concurrency/dotnet-concurrency/benchmarks/EricksonLopez.Concurrency.Benchmarks/bin/Release/net10.0/EricksonLopez.Concurrency.Benchmarks-.NET 8.0-2/BenchmarkDotNet.Autogenerated.csproj::TargetFramework=net8.0]
    0 Warning(s)
    1 Error(s)
Time Elapsed 00:00:01.10

// BenchmarkDotNet has failed to build the auto-generated boilerplate code.
// It can be found in /home/runner/work/dotnet-concurrency/dotnet-concurrency/benchmarks/EricksonLopez.Concurrency.Benchmarks/bin/Release/net10.0/EricksonLopez.Concurrency.Benchmarks-.NET 8.0-2
// Please follow the troubleshooting guide: https://benchmarkdotnet.org/articles/guides/troubleshooting.html

// ** Remained 14 (25.9 %) benchmark(s) to run. Estimated finish 2026-09-06 7:07 (0h 3m from now) **
// Build Error: Standard output: 
  
 Standard error: 
 /usr/share/dotnet/sdk/10.0.400/Microsoft.Common.CurrentVersion.targets(1891,5): error : Project '/home/runner/work/dotnet-concurrency/dotnet-concurrency/benchmarks/EricksonLopez.Concurrency.Benchmarks/EricksonLopez.Concurrency.Benchmarks.csproj' targets 'net10.0'. It cannot be referenced by a project that targets '.NETCoreApp,Version=v8.0'. [/home/runner/work/dotnet-concurrency/dotnet-concurrency/benchmarks/EricksonLopez.Concurrency.Benchmarks/bin/Release/net10.0/EricksonLopez.Concurrency.Benchmarks-.NET 8.0-2/BenchmarkDotNet.Autogenerated.csproj::TargetFramework=net8.0]
Build FAILED.
/usr/share/dotnet/sdk/10.0.400/Microsoft.Common.CurrentVersion.targets(1891,5): error : Project '/home/runner/work/dotnet-concurrency/dotnet-concurrency/benchmarks/EricksonLopez.Concurrency.Benchmarks/EricksonLopez.Concurrency.Benchmarks.csproj' targets 'net10.0'. It cannot be referenced by a project that targets '.NETCoreApp,Version=v8.0'. [/home/runner/work/dotnet-concurrency/dotnet-concurrency/benchmarks/EricksonLopez.Concurrency.Benchmarks/bin/Release/net10.0/EricksonLopez.Concurrency.Benchmarks-.NET 8.0-2/BenchmarkDotNet.Autogenerated.csproj::TargetFramework=net8.0]
    0 Warning(s)
    1 Error(s)
Time Elapsed 00:00:01.10

// BenchmarkDotNet has failed to build the auto-generated boilerplate code.
// It can be found in /home/runner/work/dotnet-concurrency/dotnet-concurrency/benchmarks/EricksonLopez.Concurrency.Benchmarks/bin/Release/net10.0/EricksonLopez.Concurrency.Benchmarks-.NET 8.0-2
// Please follow the troubleshooting guide: https://benchmarkdotnet.org/articles/guides/troubleshooting.html

// ** Remained 13 (24.1 %) benchmark(s) to run. Estimated finish 2026-09-06 7:06 (0h 2m from now) **
// Build Error: Standard output: 
  
 Standard error: 
 /usr/share/dotnet/sdk/10.0.400/Microsoft.Common.CurrentVersion.targets(1891,5): error : Project '/home/runner/work/dotnet-concurrency/dotnet-concurrency/benchmarks/EricksonLopez.Concurrency.Benchmarks/EricksonLopez.Concurrency.Benchmarks.csproj' targets 'net10.0'. It cannot be referenced by a project that targets '.NETCoreApp,Version=v8.0'. [/home/runner/work/dotnet-concurrency/dotnet-concurrency/benchmarks/EricksonLopez.Concurrency.Benchmarks/bin/Release/net10.0/EricksonLopez.Concurrency.Benchmarks-.NET 8.0-2/BenchmarkDotNet.Autogenerated.csproj::TargetFramework=net8.0]
Build FAILED.
/usr/share/dotnet/sdk/10.0.400/Microsoft.Common.CurrentVersion.targets(1891,5): error : Project '/home/runner/work/dotnet-concurrency/dotnet-concurrency/benchmarks/EricksonLopez.Concurrency.Benchmarks/EricksonLopez.Concurrency.Benchmarks.csproj' targets 'net10.0'. It cannot be referenced by a project that targets '.NETCoreApp,Version=v8.0'. [/home/runner/work/dotnet-concurrency/dotnet-concurrency/benchmarks/EricksonLopez.Concurrency.Benchmarks/bin/Release/net10.0/EricksonLopez.Concurrency.Benchmarks-.NET 8.0-2/BenchmarkDotNet.Autogenerated.csproj::TargetFramework=net8.0]
    0 Warning(s)
    1 Error(s)
Time Elapsed 00:00:01.10

// BenchmarkDotNet has failed to build the auto-generated boilerplate code.
// It can be found in /home/runner/work/dotnet-concurrency/dotnet-concurrency/benchmarks/EricksonLopez.Concurrency.Benchmarks/bin/Release/net10.0/EricksonLopez.Concurrency.Benchmarks-.NET 8.0-2
// Please follow the troubleshooting guide: https://benchmarkdotnet.org/articles/guides/troubleshooting.html

// ** Remained 12 (22.2 %) benchmark(s) to run. Estimated finish 2026-09-06 7:06 (0h 2m from now) **
// Build Error: Standard output: 
  
 Standard error: 
 /usr/share/dotnet/sdk/10.0.400/Microsoft.Common.CurrentVersion.targets(1891,5): error : Project '/home/runner/work/dotnet-concurrency/dotnet-concurrency/benchmarks/EricksonLopez.Concurrency.Benchmarks/EricksonLopez.Concurrency.Benchmarks.csproj' targets 'net10.0'. It cannot be referenced by a project that targets '.NETCoreApp,Version=v8.0'. [/home/runner/work/dotnet-concurrency/dotnet-concurrency/benchmarks/EricksonLopez.Concurrency.Benchmarks/bin/Release/net10.0/EricksonLopez.Concurrency.Benchmarks-.NET 8.0-2/BenchmarkDotNet.Autogenerated.csproj::TargetFramework=net8.0]
Build FAILED.
/usr/share/dotnet/sdk/10.0.400/Microsoft.Common.CurrentVersion.targets(1891,5): error : Project '/home/runner/work/dotnet-concurrency/dotnet-concurrency/benchmarks/EricksonLopez.Concurrency.Benchmarks/EricksonLopez.Concurrency.Benchmarks.csproj' targets 'net10.0'. It cannot be referenced by a project that targets '.NETCoreApp,Version=v8.0'. [/home/runner/work/dotnet-concurrency/dotnet-concurrency/benchmarks/EricksonLopez.Concurrency.Benchmarks/bin/Release/net10.0/EricksonLopez.Concurrency.Benchmarks-.NET 8.0-2/BenchmarkDotNet.Autogenerated.csproj::TargetFramework=net8.0]
    0 Warning(s)
    1 Error(s)
Time Elapsed 00:00:01.10

// BenchmarkDotNet has failed to build the auto-generated boilerplate code.
// It can be found in /home/runner/work/dotnet-concurrency/dotnet-concurrency/benchmarks/EricksonLopez.Concurrency.Benchmarks/bin/Release/net10.0/EricksonLopez.Concurrency.Benchmarks-.NET 8.0-2
// Please follow the troubleshooting guide: https://benchmarkdotnet.org/articles/guides/troubleshooting.html

// ** Remained 11 (20.4 %) benchmark(s) to run. Estimated finish 2026-09-06 7:06 (0h 2m from now) **
// Build Error: Standard output: 
  
 Standard error: 
 /usr/share/dotnet/sdk/10.0.400/Microsoft.Common.CurrentVersion.targets(1891,5): error : Project '/home/runner/work/dotnet-concurrency/dotnet-concurrency/benchmarks/EricksonLopez.Concurrency.Benchmarks/EricksonLopez.Concurrency.Benchmarks.csproj' targets 'net10.0'. It cannot be referenced by a project that targets '.NETCoreApp,Version=v8.0'. [/home/runner/work/dotnet-concurrency/dotnet-concurrency/benchmarks/EricksonLopez.Concurrency.Benchmarks/bin/Release/net10.0/EricksonLopez.Concurrency.Benchmarks-.NET 8.0-2/BenchmarkDotNet.Autogenerated.csproj::TargetFramework=net8.0]
Build FAILED.
/usr/share/dotnet/sdk/10.0.400/Microsoft.Common.CurrentVersion.targets(1891,5): error : Project '/home/runner/work/dotnet-concurrency/dotnet-concurrency/benchmarks/EricksonLopez.Concurrency.Benchmarks/EricksonLopez.Concurrency.Benchmarks.csproj' targets 'net10.0'. It cannot be referenced by a project that targets '.NETCoreApp,Version=v8.0'. [/home/runner/work/dotnet-concurrency/dotnet-concurrency/benchmarks/EricksonLopez.Concurrency.Benchmarks/bin/Release/net10.0/EricksonLopez.Concurrency.Benchmarks-.NET 8.0-2/BenchmarkDotNet.Autogenerated.csproj::TargetFramework=net8.0]
    0 Warning(s)
    1 Error(s)
Time Elapsed 00:00:01.10

// BenchmarkDotNet has failed to build the auto-generated boilerplate code.
// It can be found in /home/runner/work/dotnet-concurrency/dotnet-concurrency/benchmarks/EricksonLopez.Concurrency.Benchmarks/bin/Release/net10.0/EricksonLopez.Concurrency.Benchmarks-.NET 8.0-2
// Please follow the troubleshooting guide: https://benchmarkdotnet.org/articles/guides/troubleshooting.html

// ** Remained 10 (18.5 %) benchmark(s) to run. Estimated finish 2026-09-06 7:05 (0h 2m from now) **
// Build Error: Standard output: 
  
 Standard error: 
 /usr/share/dotnet/sdk/10.0.400/Microsoft.Common.CurrentVersion.targets(1891,5): error : Project '/home/runner/work/dotnet-concurrency/dotnet-concurrency/benchmarks/EricksonLopez.Concurrency.Benchmarks/EricksonLopez.Concurrency.Benchmarks.csproj' targets 'net10.0'. It cannot be referenced by a project that targets '.NETCoreApp,Version=v8.0'. [/home/runner/work/dotnet-concurrency/dotnet-concurrency/benchmarks/EricksonLopez.Concurrency.Benchmarks/bin/Release/net10.0/EricksonLopez.Concurrency.Benchmarks-.NET 8.0-2/BenchmarkDotNet.Autogenerated.csproj::TargetFramework=net8.0]
Build FAILED.
/usr/share/dotnet/sdk/10.0.400/Microsoft.Common.CurrentVersion.targets(1891,5): error : Project '/home/runner/work/dotnet-concurrency/dotnet-concurrency/benchmarks/EricksonLopez.Concurrency.Benchmarks/EricksonLopez.Concurrency.Benchmarks.csproj' targets 'net10.0'. It cannot be referenced by a project that targets '.NETCoreApp,Version=v8.0'. [/home/runner/work/dotnet-concurrency/dotnet-concurrency/benchmarks/EricksonLopez.Concurrency.Benchmarks/bin/Release/net10.0/EricksonLopez.Concurrency.Benchmarks-.NET 8.0-2/BenchmarkDotNet.Autogenerated.csproj::TargetFramework=net8.0]
    0 Warning(s)
    1 Error(s)
Time Elapsed 00:00:01.10

// BenchmarkDotNet has failed to build the auto-generated boilerplate code.
// It can be found in /home/runner/work/dotnet-concurrency/dotnet-concurrency/benchmarks/EricksonLopez.Concurrency.Benchmarks/bin/Release/net10.0/EricksonLopez.Concurrency.Benchmarks-.NET 8.0-2
// Please follow the troubleshooting guide: https://benchmarkdotnet.org/articles/guides/troubleshooting.html

// ** Remained 9 (16.7 %) benchmark(s) to run. Estimated finish 2026-09-06 7:05 (0h 1m from now) **
// Build Error: Standard output: 
  
 Standard error: 
 /usr/share/dotnet/sdk/10.0.400/Microsoft.Common.CurrentVersion.targets(1891,5): error : Project '/home/runner/work/dotnet-concurrency/dotnet-concurrency/benchmarks/EricksonLopez.Concurrency.Benchmarks/EricksonLopez.Concurrency.Benchmarks.csproj' targets 'net10.0'. It cannot be referenced by a project that targets '.NETCoreApp,Version=v8.0'. [/home/runner/work/dotnet-concurrency/dotnet-concurrency/benchmarks/EricksonLopez.Concurrency.Benchmarks/bin/Release/net10.0/EricksonLopez.Concurrency.Benchmarks-.NET 8.0-2/BenchmarkDotNet.Autogenerated.csproj::TargetFramework=net8.0]
Build FAILED.
/usr/share/dotnet/sdk/10.0.400/Microsoft.Common.CurrentVersion.targets(1891,5): error : Project '/home/runner/work/dotnet-concurrency/dotnet-concurrency/benchmarks/EricksonLopez.Concurrency.Benchmarks/EricksonLopez.Concurrency.Benchmarks.csproj' targets 'net10.0'. It cannot be referenced by a project that targets '.NETCoreApp,Version=v8.0'. [/home/runner/work/dotnet-concurrency/dotnet-concurrency/benchmarks/EricksonLopez.Concurrency.Benchmarks/bin/Release/net10.0/EricksonLopez.Concurrency.Benchmarks-.NET 8.0-2/BenchmarkDotNet.Autogenerated.csproj::TargetFramework=net8.0]
    0 Warning(s)
    1 Error(s)
Time Elapsed 00:00:01.10

// BenchmarkDotNet has failed to build the auto-generated boilerplate code.
// It can be found in /home/runner/work/dotnet-concurrency/dotnet-concurrency/benchmarks/EricksonLopez.Concurrency.Benchmarks/bin/Release/net10.0/EricksonLopez.Concurrency.Benchmarks-.NET 8.0-2
// Please follow the troubleshooting guide: https://benchmarkdotnet.org/articles/guides/troubleshooting.html

// ** Remained 8 (14.8 %) benchmark(s) to run. Estimated finish 2026-09-06 7:05 (0h 1m from now) **
// Build Error: Standard output: 
  
 Standard error: 
 /usr/share/dotnet/sdk/10.0.400/Microsoft.Common.CurrentVersion.targets(1891,5): error : Project '/home/runner/work/dotnet-concurrency/dotnet-concurrency/benchmarks/EricksonLopez.Concurrency.Benchmarks/EricksonLopez.Concurrency.Benchmarks.csproj' targets 'net10.0'. It cannot be referenced by a project that targets '.NETCoreApp,Version=v9.0'. [/home/runner/work/dotnet-concurrency/dotnet-concurrency/benchmarks/EricksonLopez.Concurrency.Benchmarks/bin/Release/net10.0/EricksonLopez.Concurrency.Benchmarks-.NET 9.0-3/BenchmarkDotNet.Autogenerated.csproj::TargetFramework=net9.0]
Build FAILED.
/usr/share/dotnet/sdk/10.0.400/Microsoft.Common.CurrentVersion.targets(1891,5): error : Project '/home/runner/work/dotnet-concurrency/dotnet-concurrency/benchmarks/EricksonLopez.Concurrency.Benchmarks/EricksonLopez.Concurrency.Benchmarks.csproj' targets 'net10.0'. It cannot be referenced by a project that targets '.NETCoreApp,Version=v9.0'. [/home/runner/work/dotnet-concurrency/dotnet-concurrency/benchmarks/EricksonLopez.Concurrency.Benchmarks/bin/Release/net10.0/EricksonLopez.Concurrency.Benchmarks-.NET 9.0-3/BenchmarkDotNet.Autogenerated.csproj::TargetFramework=net9.0]
    0 Warning(s)
    1 Error(s)
Time Elapsed 00:00:01.04

// BenchmarkDotNet has failed to build the auto-generated boilerplate code.
// It can be found in /home/runner/work/dotnet-concurrency/dotnet-concurrency/benchmarks/EricksonLopez.Concurrency.Benchmarks/bin/Release/net10.0/EricksonLopez.Concurrency.Benchmarks-.NET 9.0-3
// Please follow the troubleshooting guide: https://benchmarkdotnet.org/articles/guides/troubleshooting.html

// ** Remained 7 (13.0 %) benchmark(s) to run. Estimated finish 2026-09-06 7:05 (0h 1m from now) **
// Build Error: Standard output: 
  
 Standard error: 
 /usr/share/dotnet/sdk/10.0.400/Microsoft.Common.CurrentVersion.targets(1891,5): error : Project '/home/runner/work/dotnet-concurrency/dotnet-concurrency/benchmarks/EricksonLopez.Concurrency.Benchmarks/EricksonLopez.Concurrency.Benchmarks.csproj' targets 'net10.0'. It cannot be referenced by a project that targets '.NETCoreApp,Version=v9.0'. [/home/runner/work/dotnet-concurrency/dotnet-concurrency/benchmarks/EricksonLopez.Concurrency.Benchmarks/bin/Release/net10.0/EricksonLopez.Concurrency.Benchmarks-.NET 9.0-3/BenchmarkDotNet.Autogenerated.csproj::TargetFramework=net9.0]
Build FAILED.
/usr/share/dotnet/sdk/10.0.400/Microsoft.Common.CurrentVersion.targets(1891,5): error : Project '/home/runner/work/dotnet-concurrency/dotnet-concurrency/benchmarks/EricksonLopez.Concurrency.Benchmarks/EricksonLopez.Concurrency.Benchmarks.csproj' targets 'net10.0'. It cannot be referenced by a project that targets '.NETCoreApp,Version=v9.0'. [/home/runner/work/dotnet-concurrency/dotnet-concurrency/benchmarks/EricksonLopez.Concurrency.Benchmarks/bin/Release/net10.0/EricksonLopez.Concurrency.Benchmarks-.NET 9.0-3/BenchmarkDotNet.Autogenerated.csproj::TargetFramework=net9.0]
    0 Warning(s)
    1 Error(s)
Time Elapsed 00:00:01.04

// BenchmarkDotNet has failed to build the auto-generated boilerplate code.
// It can be found in /home/runner/work/dotnet-concurrency/dotnet-concurrency/benchmarks/EricksonLopez.Concurrency.Benchmarks/bin/Release/net10.0/EricksonLopez.Concurrency.Benchmarks-.NET 9.0-3
// Please follow the troubleshooting guide: https://benchmarkdotnet.org/articles/guides/troubleshooting.html

// ** Remained 6 (11.1 %) benchmark(s) to run. Estimated finish 2026-09-06 7:05 (0h 1m from now) **
// Build Error: Standard output: 
  
 Standard error: 
 /usr/share/dotnet/sdk/10.0.400/Microsoft.Common.CurrentVersion.targets(1891,5): error : Project '/home/runner/work/dotnet-concurrency/dotnet-concurrency/benchmarks/EricksonLopez.Concurrency.Benchmarks/EricksonLopez.Concurrency.Benchmarks.csproj' targets 'net10.0'. It cannot be referenced by a project that targets '.NETCoreApp,Version=v9.0'. [/home/runner/work/dotnet-concurrency/dotnet-concurrency/benchmarks/EricksonLopez.Concurrency.Benchmarks/bin/Release/net10.0/EricksonLopez.Concurrency.Benchmarks-.NET 9.0-3/BenchmarkDotNet.Autogenerated.csproj::TargetFramework=net9.0]
Build FAILED.
/usr/share/dotnet/sdk/10.0.400/Microsoft.Common.CurrentVersion.targets(1891,5): error : Project '/home/runner/work/dotnet-concurrency/dotnet-concurrency/benchmarks/EricksonLopez.Concurrency.Benchmarks/EricksonLopez.Concurrency.Benchmarks.csproj' targets 'net10.0'. It cannot be referenced by a project that targets '.NETCoreApp,Version=v9.0'. [/home/runner/work/dotnet-concurrency/dotnet-concurrency/benchmarks/EricksonLopez.Concurrency.Benchmarks/bin/Release/net10.0/EricksonLopez.Concurrency.Benchmarks-.NET 9.0-3/BenchmarkDotNet.Autogenerated.csproj::TargetFramework=net9.0]
    0 Warning(s)
    1 Error(s)
Time Elapsed 00:00:01.04

// BenchmarkDotNet has failed to build the auto-generated boilerplate code.
// It can be found in /home/runner/work/dotnet-concurrency/dotnet-concurrency/benchmarks/EricksonLopez.Concurrency.Benchmarks/bin/Release/net10.0/EricksonLopez.Concurrency.Benchmarks-.NET 9.0-3
// Please follow the troubleshooting guide: https://benchmarkdotnet.org/articles/guides/troubleshooting.html

// ** Remained 5 (9.3 %) benchmark(s) to run. Estimated finish 2026-09-06 7:04 (0h 0m from now) **
// Build Error: Standard output: 
  
 Standard error: 
 /usr/share/dotnet/sdk/10.0.400/Microsoft.Common.CurrentVersion.targets(1891,5): error : Project '/home/runner/work/dotnet-concurrency/dotnet-concurrency/benchmarks/EricksonLopez.Concurrency.Benchmarks/EricksonLopez.Concurrency.Benchmarks.csproj' targets 'net10.0'. It cannot be referenced by a project that targets '.NETCoreApp,Version=v9.0'. [/home/runner/work/dotnet-concurrency/dotnet-concurrency/benchmarks/EricksonLopez.Concurrency.Benchmarks/bin/Release/net10.0/EricksonLopez.Concurrency.Benchmarks-.NET 9.0-3/BenchmarkDotNet.Autogenerated.csproj::TargetFramework=net9.0]
Build FAILED.
/usr/share/dotnet/sdk/10.0.400/Microsoft.Common.CurrentVersion.targets(1891,5): error : Project '/home/runner/work/dotnet-concurrency/dotnet-concurrency/benchmarks/EricksonLopez.Concurrency.Benchmarks/EricksonLopez.Concurrency.Benchmarks.csproj' targets 'net10.0'. It cannot be referenced by a project that targets '.NETCoreApp,Version=v9.0'. [/home/runner/work/dotnet-concurrency/dotnet-concurrency/benchmarks/EricksonLopez.Concurrency.Benchmarks/bin/Release/net10.0/EricksonLopez.Concurrency.Benchmarks-.NET 9.0-3/BenchmarkDotNet.Autogenerated.csproj::TargetFramework=net9.0]
    0 Warning(s)
    1 Error(s)
Time Elapsed 00:00:01.04

// BenchmarkDotNet has failed to build the auto-generated boilerplate code.
// It can be found in /home/runner/work/dotnet-concurrency/dotnet-concurrency/benchmarks/EricksonLopez.Concurrency.Benchmarks/bin/Release/net10.0/EricksonLopez.Concurrency.Benchmarks-.NET 9.0-3
// Please follow the troubleshooting guide: https://benchmarkdotnet.org/articles/guides/troubleshooting.html

// ** Remained 4 (7.4 %) benchmark(s) to run. Estimated finish 2026-09-06 7:04 (0h 0m from now) **
// Build Error: Standard output: 
  
 Standard error: 
 /usr/share/dotnet/sdk/10.0.400/Microsoft.Common.CurrentVersion.targets(1891,5): error : Project '/home/runner/work/dotnet-concurrency/dotnet-concurrency/benchmarks/EricksonLopez.Concurrency.Benchmarks/EricksonLopez.Concurrency.Benchmarks.csproj' targets 'net10.0'. It cannot be referenced by a project that targets '.NETCoreApp,Version=v9.0'. [/home/runner/work/dotnet-concurrency/dotnet-concurrency/benchmarks/EricksonLopez.Concurrency.Benchmarks/bin/Release/net10.0/EricksonLopez.Concurrency.Benchmarks-.NET 9.0-3/BenchmarkDotNet.Autogenerated.csproj::TargetFramework=net9.0]
Build FAILED.
/usr/share/dotnet/sdk/10.0.400/Microsoft.Common.CurrentVersion.targets(1891,5): error : Project '/home/runner/work/dotnet-concurrency/dotnet-concurrency/benchmarks/EricksonLopez.Concurrency.Benchmarks/EricksonLopez.Concurrency.Benchmarks.csproj' targets 'net10.0'. It cannot be referenced by a project that targets '.NETCoreApp,Version=v9.0'. [/home/runner/work/dotnet-concurrency/dotnet-concurrency/benchmarks/EricksonLopez.Concurrency.Benchmarks/bin/Release/net10.0/EricksonLopez.Concurrency.Benchmarks-.NET 9.0-3/BenchmarkDotNet.Autogenerated.csproj::TargetFramework=net9.0]
    0 Warning(s)
    1 Error(s)
Time Elapsed 00:00:01.04

// BenchmarkDotNet has failed to build the auto-generated boilerplate code.
// It can be found in /home/runner/work/dotnet-concurrency/dotnet-concurrency/benchmarks/EricksonLopez.Concurrency.Benchmarks/bin/Release/net10.0/EricksonLopez.Concurrency.Benchmarks-.NET 9.0-3
// Please follow the troubleshooting guide: https://benchmarkdotnet.org/articles/guides/troubleshooting.html

// ** Remained 3 (5.6 %) benchmark(s) to run. Estimated finish 2026-09-06 7:04 (0h 0m from now) **
// Build Error: Standard output: 
  
 Standard error: 
 /usr/share/dotnet/sdk/10.0.400/Microsoft.Common.CurrentVersion.targets(1891,5): error : Project '/home/runner/work/dotnet-concurrency/dotnet-concurrency/benchmarks/EricksonLopez.Concurrency.Benchmarks/EricksonLopez.Concurrency.Benchmarks.csproj' targets 'net10.0'. It cannot be referenced by a project that targets '.NETCoreApp,Version=v9.0'. [/home/runner/work/dotnet-concurrency/dotnet-concurrency/benchmarks/EricksonLopez.Concurrency.Benchmarks/bin/Release/net10.0/EricksonLopez.Concurrency.Benchmarks-.NET 9.0-3/BenchmarkDotNet.Autogenerated.csproj::TargetFramework=net9.0]
Build FAILED.
/usr/share/dotnet/sdk/10.0.400/Microsoft.Common.CurrentVersion.targets(1891,5): error : Project '/home/runner/work/dotnet-concurrency/dotnet-concurrency/benchmarks/EricksonLopez.Concurrency.Benchmarks/EricksonLopez.Concurrency.Benchmarks.csproj' targets 'net10.0'. It cannot be referenced by a project that targets '.NETCoreApp,Version=v9.0'. [/home/runner/work/dotnet-concurrency/dotnet-concurrency/benchmarks/EricksonLopez.Concurrency.Benchmarks/bin/Release/net10.0/EricksonLopez.Concurrency.Benchmarks-.NET 9.0-3/BenchmarkDotNet.Autogenerated.csproj::TargetFramework=net9.0]
    0 Warning(s)
    1 Error(s)
Time Elapsed 00:00:01.04

// BenchmarkDotNet has failed to build the auto-generated boilerplate code.
// It can be found in /home/runner/work/dotnet-concurrency/dotnet-concurrency/benchmarks/EricksonLopez.Concurrency.Benchmarks/bin/Release/net10.0/EricksonLopez.Concurrency.Benchmarks-.NET 9.0-3
// Please follow the troubleshooting guide: https://benchmarkdotnet.org/articles/guides/troubleshooting.html

// ** Remained 2 (3.7 %) benchmark(s) to run. Estimated finish 2026-09-06 7:04 (0h 0m from now) **
// Build Error: Standard output: 
  
 Standard error: 
 /usr/share/dotnet/sdk/10.0.400/Microsoft.Common.CurrentVersion.targets(1891,5): error : Project '/home/runner/work/dotnet-concurrency/dotnet-concurrency/benchmarks/EricksonLopez.Concurrency.Benchmarks/EricksonLopez.Concurrency.Benchmarks.csproj' targets 'net10.0'. It cannot be referenced by a project that targets '.NETCoreApp,Version=v9.0'. [/home/runner/work/dotnet-concurrency/dotnet-concurrency/benchmarks/EricksonLopez.Concurrency.Benchmarks/bin/Release/net10.0/EricksonLopez.Concurrency.Benchmarks-.NET 9.0-3/BenchmarkDotNet.Autogenerated.csproj::TargetFramework=net9.0]
Build FAILED.
/usr/share/dotnet/sdk/10.0.400/Microsoft.Common.CurrentVersion.targets(1891,5): error : Project '/home/runner/work/dotnet-concurrency/dotnet-concurrency/benchmarks/EricksonLopez.Concurrency.Benchmarks/EricksonLopez.Concurrency.Benchmarks.csproj' targets 'net10.0'. It cannot be referenced by a project that targets '.NETCoreApp,Version=v9.0'. [/home/runner/work/dotnet-concurrency/dotnet-concurrency/benchmarks/EricksonLopez.Concurrency.Benchmarks/bin/Release/net10.0/EricksonLopez.Concurrency.Benchmarks-.NET 9.0-3/BenchmarkDotNet.Autogenerated.csproj::TargetFramework=net9.0]
    0 Warning(s)
    1 Error(s)
Time Elapsed 00:00:01.04

// BenchmarkDotNet has failed to build the auto-generated boilerplate code.
// It can be found in /home/runner/work/dotnet-concurrency/dotnet-concurrency/benchmarks/EricksonLopez.Concurrency.Benchmarks/bin/Release/net10.0/EricksonLopez.Concurrency.Benchmarks-.NET 9.0-3
// Please follow the troubleshooting guide: https://benchmarkdotnet.org/articles/guides/troubleshooting.html

// ** Remained 1 (1.9 %) benchmark(s) to run. Estimated finish 2026-09-06 7:04 (0h 0m from now) **
// Build Error: Standard output: 
  
 Standard error: 
 /usr/share/dotnet/sdk/10.0.400/Microsoft.Common.CurrentVersion.targets(1891,5): error : Project '/home/runner/work/dotnet-concurrency/dotnet-concurrency/benchmarks/EricksonLopez.Concurrency.Benchmarks/EricksonLopez.Concurrency.Benchmarks.csproj' targets 'net10.0'. It cannot be referenced by a project that targets '.NETCoreApp,Version=v9.0'. [/home/runner/work/dotnet-concurrency/dotnet-concurrency/benchmarks/EricksonLopez.Concurrency.Benchmarks/bin/Release/net10.0/EricksonLopez.Concurrency.Benchmarks-.NET 9.0-3/BenchmarkDotNet.Autogenerated.csproj::TargetFramework=net9.0]
Build FAILED.
/usr/share/dotnet/sdk/10.0.400/Microsoft.Common.CurrentVersion.targets(1891,5): error : Project '/home/runner/work/dotnet-concurrency/dotnet-concurrency/benchmarks/EricksonLopez.Concurrency.Benchmarks/EricksonLopez.Concurrency.Benchmarks.csproj' targets 'net10.0'. It cannot be referenced by a project that targets '.NETCoreApp,Version=v9.0'. [/home/runner/work/dotnet-concurrency/dotnet-concurrency/benchmarks/EricksonLopez.Concurrency.Benchmarks/bin/Release/net10.0/EricksonLopez.Concurrency.Benchmarks-.NET 9.0-3/BenchmarkDotNet.Autogenerated.csproj::TargetFramework=net9.0]
    0 Warning(s)
    1 Error(s)
Time Elapsed 00:00:01.04

// BenchmarkDotNet has failed to build the auto-generated boilerplate code.
// It can be found in /home/runner/work/dotnet-concurrency/dotnet-concurrency/benchmarks/EricksonLopez.Concurrency.Benchmarks/bin/Release/net10.0/EricksonLopez.Concurrency.Benchmarks-.NET 9.0-3
// Please follow the troubleshooting guide: https://benchmarkdotnet.org/articles/guides/troubleshooting.html

// ** Remained 0 (0.0 %) benchmark(s) to run. Estimated finish 2026-09-06 7:03 (0h 0m from now) **
// ***** BenchmarkRunner: Finish  *****

// * Export *
  benchmarks/results/results/EricksonLopez.Concurrency.Benchmarks.TokenAllocationBenchmarks-report.csv
  benchmarks/results/results/EricksonLopez.Concurrency.Benchmarks.TokenAllocationBenchmarks-report-github.md
  benchmarks/results/results/EricksonLopez.Concurrency.Benchmarks.TokenAllocationBenchmarks-report.html
  benchmarks/results/results/EricksonLopez.Concurrency.Benchmarks.TokenAllocationBenchmarks-report-full-compressed.json
  benchmarks/results/results/EricksonLopez.Concurrency.Benchmarks.TokenAllocationBenchmarks-report-default.md

// * Detailed results *
TokenAllocationBenchmarks.CreateStructVersion: .NET 10.0(Runtime=.NET 10.0, Toolchain=net10.0)
Runtime = .NET 10.0.11 (10.0.11, 10.0.1126.37416), X64 RyuJIT x86-64-v4; GC = Concurrent Workstation
Mean = 0.002 ns, StdErr = 0.001 ns (36.03%), N = 14, StdDev = 0.002 ns
Min = 0.000 ns, Q1 = 0.000 ns, Median = 0.001 ns, Q3 = 0.002 ns, Max = 0.006 ns
IQR = 0.002 ns, LowerFence = -0.002 ns, UpperFence = 0.005 ns
ConfidenceInterval = [-0.001 ns; 0.004 ns] (CI 99.9%), Margin = 0.002 ns (152.08% of Mean)
Skewness = 1.22, Kurtosis = 2.97, MValue = 2
-------------------- Histogram --------------------
[0.000 ns ; 0.002 ns) | @@@@@@@@@@@
[0.002 ns ; 0.005 ns) | @
[0.005 ns ; 0.008 ns) | @@
---------------------------------------------------

TokenAllocationBenchmarks.CreateStructToken: .NET 10.0(Runtime=.NET 10.0, Toolchain=net10.0)
Runtime = .NET 10.0.11 (10.0.11, 10.0.1126.37416), X64 RyuJIT x86-64-v4; GC = Concurrent Workstation
Mean = 1.024 ns, StdErr = 0.001 ns (0.06%), N = 13, StdDev = 0.002 ns
Min = 1.023 ns, Q1 = 1.023 ns, Median = 1.024 ns, Q3 = 1.025 ns, Max = 1.030 ns
IQR = 0.002 ns, LowerFence = 1.019 ns, UpperFence = 1.028 ns
ConfidenceInterval = [1.022 ns; 1.027 ns] (CI 99.9%), Margin = 0.003 ns (0.26% of Mean)
Skewness = 1.23, Kurtosis = 3.68, MValue = 2
-------------------- Histogram --------------------
[1.021 ns ; 1.031 ns) | @@@@@@@@@@@@@
---------------------------------------------------

TokenAllocationBenchmarks.CreateExpectedVersionSpecific: .NET 10.0(Runtime=.NET 10.0, Toolchain=net10.0)
Runtime = .NET 10.0.11 (10.0.11, 10.0.1126.37416), X64 RyuJIT x86-64-v4; GC = Concurrent Workstation
Mean = 0.000 ns, StdErr = 0.000 ns (57.95%), N = 14, StdDev = 0.000 ns
Min = 0.000 ns, Q1 = 0.000 ns, Median = 0.000 ns, Q3 = 0.000 ns, Max = 0.001 ns
IQR = 0.000 ns, LowerFence = 0.000 ns, UpperFence = 0.000 ns
ConfidenceInterval = [-0.000 ns; 0.001 ns] (CI 99.9%), Margin = 0.000 ns (244.59% of Mean)
Skewness = 1.69, Kurtosis = 4.36, MValue = 2
-------------------- Histogram --------------------
[0.000 ns ; 0.000 ns) | @@@@@@@@@@@
[0.000 ns ; 0.001 ns) | @
[0.001 ns ; 0.001 ns) | @@
---------------------------------------------------

TokenAllocationBenchmarks.TryParseSpanVersion: .NET 10.0(Runtime=.NET 10.0, Toolchain=net10.0)
Runtime = .NET 10.0.11 (10.0.11, 10.0.1126.37416), X64 RyuJIT x86-64-v4; GC = Concurrent Workstation
Mean = 12.185 ns, StdErr = 0.002 ns (0.02%), N = 13, StdDev = 0.007 ns
Min = 12.177 ns, Q1 = 12.180 ns, Median = 12.183 ns, Q3 = 12.186 ns, Max = 12.202 ns
IQR = 0.007 ns, LowerFence = 12.170 ns, UpperFence = 12.196 ns
ConfidenceInterval = [12.176 ns; 12.193 ns] (CI 99.9%), Margin = 0.008 ns (0.07% of Mean)
Skewness = 1.2, Kurtosis = 3.56, MValue = 2
-------------------- Histogram --------------------
[12.173 ns ; 12.206 ns) | @@@@@@@@@@@@@
---------------------------------------------------

TokenAllocationBenchmarks.TryParseStringVersion: .NET 10.0(Runtime=.NET 10.0, Toolchain=net10.0)
Runtime = .NET 10.0.11 (10.0.11, 10.0.1126.37416), X64 RyuJIT x86-64-v4; GC = Concurrent Workstation
Mean = 13.814 ns, StdErr = 0.001 ns (0.01%), N = 14, StdDev = 0.004 ns
Min = 13.809 ns, Q1 = 13.811 ns, Median = 13.813 ns, Q3 = 13.818 ns, Max = 13.820 ns
IQR = 0.007 ns, LowerFence = 13.800 ns, UpperFence = 13.829 ns
ConfidenceInterval = [13.810 ns; 13.819 ns] (CI 99.9%), Margin = 0.004 ns (0.03% of Mean)
Skewness = 0.35, Kurtosis = 1.4, MValue = 2
-------------------- Histogram --------------------
[13.807 ns ; 13.823 ns) | @@@@@@@@@@@@@@
---------------------------------------------------

TokenAllocationBenchmarks.FormatVersionToString: .NET 10.0(Runtime=.NET 10.0, Toolchain=net10.0)
Runtime = .NET 10.0.11 (10.0.11, 10.0.1126.37416), X64 RyuJIT x86-64-v4; GC = Concurrent Workstation
Mean = 10.688 ns, StdErr = 0.041 ns (0.38%), N = 14, StdDev = 0.153 ns
Min = 10.515 ns, Q1 = 10.553 ns, Median = 10.647 ns, Q3 = 10.764 ns, Max = 11.002 ns
IQR = 0.211 ns, LowerFence = 10.237 ns, UpperFence = 11.080 ns
ConfidenceInterval = [10.515 ns; 10.860 ns] (CI 99.9%), Margin = 0.172 ns (1.61% of Mean)
Skewness = 0.54, Kurtosis = 2.07, MValue = 2
-------------------- Histogram --------------------
[10.482 ns ; 11.086 ns) | @@@@@@@@@@@@@@
---------------------------------------------------

TokenAllocationBenchmarks.CompareTokensValueEquality: .NET 10.0(Runtime=.NET 10.0, Toolchain=net10.0)
Runtime = .NET 10.0.11 (10.0.11, 10.0.1126.37416), X64 RyuJIT x86-64-v4; GC = Concurrent Workstation
Mean = 1.535 ns, StdErr = 0.000 ns (0.02%), N = 14, StdDev = 0.001 ns
Min = 1.533 ns, Q1 = 1.534 ns, Median = 1.535 ns, Q3 = 1.536 ns, Max = 1.538 ns
IQR = 0.002 ns, LowerFence = 1.532 ns, UpperFence = 1.538 ns
ConfidenceInterval = [1.534 ns; 1.536 ns] (CI 99.9%), Margin = 0.001 ns (0.09% of Mean)
Skewness = 0.62, Kurtosis = 3.05, MValue = 2
-------------------- Histogram --------------------
[1.532 ns ; 1.539 ns) | @@@@@@@@@@@@@@
---------------------------------------------------

TokenAllocationBenchmarks.CheckExpectedMatchesActual: .NET 10.0(Runtime=.NET 10.0, Toolchain=net10.0)
Runtime = .NET 10.0.11 (10.0.11, 10.0.1126.37416), X64 RyuJIT x86-64-v4; GC = Concurrent Workstation
Mean = 0.273 ns, StdErr = 0.000 ns (0.10%), N = 14, StdDev = 0.001 ns
Min = 0.272 ns, Q1 = 0.273 ns, Median = 0.273 ns, Q3 = 0.274 ns, Max = 0.275 ns
IQR = 0.002 ns, LowerFence = 0.270 ns, UpperFence = 0.276 ns
ConfidenceInterval = [0.272 ns; 0.275 ns] (CI 99.9%), Margin = 0.001 ns (0.42% of Mean)
Skewness = 0.45, Kurtosis = 1.75, MValue = 2
-------------------- Histogram --------------------
[0.272 ns ; 0.276 ns) | @@@@@@@@@@@@@@
---------------------------------------------------

TokenAllocationBenchmarks.CreateStructVersion: .NET 8.0(Runtime=.NET 8.0, Toolchain=net8.0)
Runtime = ; GC = 
There are not any results runs

TokenAllocationBenchmarks.CreateStructToken: .NET 8.0(Runtime=.NET 8.0, Toolchain=net8.0)
Runtime = ; GC = 
There are not any results runs

TokenAllocationBenchmarks.CreateExpectedVersionSpecific: .NET 8.0(Runtime=.NET 8.0, Toolchain=net8.0)
Runtime = ; GC = 
There are not any results runs

TokenAllocationBenchmarks.TryParseSpanVersion: .NET 8.0(Runtime=.NET 8.0, Toolchain=net8.0)
Runtime = ; GC = 
There are not any results runs

TokenAllocationBenchmarks.TryParseStringVersion: .NET 8.0(Runtime=.NET 8.0, Toolchain=net8.0)
Runtime = ; GC = 
There are not any results runs

TokenAllocationBenchmarks.FormatVersionToString: .NET 8.0(Runtime=.NET 8.0, Toolchain=net8.0)
Runtime = ; GC = 
There are not any results runs

TokenAllocationBenchmarks.CompareTokensValueEquality: .NET 8.0(Runtime=.NET 8.0, Toolchain=net8.0)
Runtime = ; GC = 
There are not any results runs

TokenAllocationBenchmarks.CheckExpectedMatchesActual: .NET 8.0(Runtime=.NET 8.0, Toolchain=net8.0)
Runtime = ; GC = 
There are not any results runs

TokenAllocationBenchmarks.CreateStructVersion: .NET 9.0(Runtime=.NET 9.0, Toolchain=net9.0)
Runtime = ; GC = 
There are not any results runs

TokenAllocationBenchmarks.CreateStructToken: .NET 9.0(Runtime=.NET 9.0, Toolchain=net9.0)
Runtime = ; GC = 
There are not any results runs

TokenAllocationBenchmarks.CreateExpectedVersionSpecific: .NET 9.0(Runtime=.NET 9.0, Toolchain=net9.0)
Runtime = ; GC = 
There are not any results runs

TokenAllocationBenchmarks.TryParseSpanVersion: .NET 9.0(Runtime=.NET 9.0, Toolchain=net9.0)
Runtime = ; GC = 
There are not any results runs

TokenAllocationBenchmarks.TryParseStringVersion: .NET 9.0(Runtime=.NET 9.0, Toolchain=net9.0)
Runtime = ; GC = 
There are not any results runs

TokenAllocationBenchmarks.FormatVersionToString: .NET 9.0(Runtime=.NET 9.0, Toolchain=net9.0)
Runtime = ; GC = 
There are not any results runs

TokenAllocationBenchmarks.CompareTokensValueEquality: .NET 9.0(Runtime=.NET 9.0, Toolchain=net9.0)
Runtime = ; GC = 
There are not any results runs

TokenAllocationBenchmarks.CheckExpectedMatchesActual: .NET 9.0(Runtime=.NET 9.0, Toolchain=net9.0)
Runtime = ; GC = 
There are not any results runs

// * Summary *

BenchmarkDotNet v0.15.8, Linux Ubuntu 24.04.4 LTS (Noble Numbat)
AMD EPYC 9V74 2.60GHz, 1 CPU, 4 logical and 2 physical cores
.NET SDK 10.0.400
  [Host]    : .NET 10.0.11 (10.0.11, 10.0.1126.37416), X64 RyuJIT x86-64-v4
  .NET 10.0 : .NET 10.0.11 (10.0.11, 10.0.1126.37416), X64 RyuJIT x86-64-v4


| Method                        | Job       | Runtime   | Mean       | Error     | StdDev    | Median     | Ratio | RatioSD | Gen0   | Allocated | Alloc Ratio |
|------------------------------ |---------- |---------- |-----------:|----------:|----------:|-----------:|------:|--------:|-------:|----------:|------------:|
| CreateStructVersion           | .NET 10.0 | .NET 10.0 |  0.0016 ns | 0.0025 ns | 0.0022 ns |  0.0006 ns |     ? |       ? |      - |         - |           ? |
| CreateStructToken             | .NET 10.0 | .NET 10.0 |  1.0244 ns | 0.0026 ns | 0.0022 ns |  1.0236 ns |     ? |       ? |      - |         - |           ? |
| CreateExpectedVersionSpecific | .NET 10.0 | .NET 10.0 |  0.0002 ns | 0.0004 ns | 0.0004 ns |  0.0000 ns |     ? |       ? |      - |         - |           ? |
| TryParseSpanVersion           | .NET 10.0 | .NET 10.0 | 12.1846 ns | 0.0082 ns | 0.0068 ns | 12.1826 ns |     ? |       ? |      - |         - |           ? |
| TryParseStringVersion         | .NET 10.0 | .NET 10.0 | 13.8142 ns | 0.0044 ns | 0.0039 ns | 13.8133 ns |     ? |       ? |      - |         - |           ? |
| FormatVersionToString         | .NET 10.0 | .NET 10.0 | 10.6876 ns | 0.1724 ns | 0.1528 ns | 10.6473 ns |     ? |       ? | 0.0029 |      48 B |           ? |
| CompareTokensValueEquality    | .NET 10.0 | .NET 10.0 |  1.5350 ns | 0.0015 ns | 0.0013 ns |  1.5348 ns |     ? |       ? |      - |         - |           ? |
| CheckExpectedMatchesActual    | .NET 10.0 | .NET 10.0 |  0.2734 ns | 0.0011 ns | 0.0010 ns |  0.2732 ns |     ? |       ? |      - |         - |           ? |
| CreateStructVersion           | .NET 8.0  | .NET 8.0  |         NA |        NA |        NA |         NA |     ? |       ? |     NA |        NA |           ? |
| CreateStructToken             | .NET 8.0  | .NET 8.0  |         NA |        NA |        NA |         NA |     ? |       ? |     NA |        NA |           ? |
| CreateExpectedVersionSpecific | .NET 8.0  | .NET 8.0  |         NA |        NA |        NA |         NA |     ? |       ? |     NA |        NA |           ? |
| TryParseSpanVersion           | .NET 8.0  | .NET 8.0  |         NA |        NA |        NA |         NA |     ? |       ? |     NA |        NA |           ? |
| TryParseStringVersion         | .NET 8.0  | .NET 8.0  |         NA |        NA |        NA |         NA |     ? |       ? |     NA |        NA |           ? |
| FormatVersionToString         | .NET 8.0  | .NET 8.0  |         NA |        NA |        NA |         NA |     ? |       ? |     NA |        NA |           ? |
| CompareTokensValueEquality    | .NET 8.0  | .NET 8.0  |         NA |        NA |        NA |         NA |     ? |       ? |     NA |        NA |           ? |
| CheckExpectedMatchesActual    | .NET 8.0  | .NET 8.0  |         NA |        NA |        NA |         NA |     ? |       ? |     NA |        NA |           ? |
| CreateStructVersion           | .NET 9.0  | .NET 9.0  |         NA |        NA |        NA |         NA |     ? |       ? |     NA |        NA |           ? |
| CreateStructToken             | .NET 9.0  | .NET 9.0  |         NA |        NA |        NA |         NA |     ? |       ? |     NA |        NA |           ? |
| CreateExpectedVersionSpecific | .NET 9.0  | .NET 9.0  |         NA |        NA |        NA |         NA |     ? |       ? |     NA |        NA |           ? |
| TryParseSpanVersion           | .NET 9.0  | .NET 9.0  |         NA |        NA |        NA |         NA |     ? |       ? |     NA |        NA |           ? |
| TryParseStringVersion         | .NET 9.0  | .NET 9.0  |         NA |        NA |        NA |         NA |     ? |       ? |     NA |        NA |           ? |
| FormatVersionToString         | .NET 9.0  | .NET 9.0  |         NA |        NA |        NA |         NA |     ? |       ? |     NA |        NA |           ? |
| CompareTokensValueEquality    | .NET 9.0  | .NET 9.0  |         NA |        NA |        NA |         NA |     ? |       ? |     NA |        NA |           ? |
| CheckExpectedMatchesActual    | .NET 9.0  | .NET 9.0  |         NA |        NA |        NA |         NA |     ? |       ? |     NA |        NA |           ? |

Benchmarks with issues:
  TokenAllocationBenchmarks.CreateStructVersion: .NET 8.0(Runtime=.NET 8.0, Toolchain=net8.0)
  TokenAllocationBenchmarks.CreateStructToken: .NET 8.0(Runtime=.NET 8.0, Toolchain=net8.0)
  TokenAllocationBenchmarks.CreateExpectedVersionSpecific: .NET 8.0(Runtime=.NET 8.0, Toolchain=net8.0)
  TokenAllocationBenchmarks.TryParseSpanVersion: .NET 8.0(Runtime=.NET 8.0, Toolchain=net8.0)
  TokenAllocationBenchmarks.TryParseStringVersion: .NET 8.0(Runtime=.NET 8.0, Toolchain=net8.0)
  TokenAllocationBenchmarks.FormatVersionToString: .NET 8.0(Runtime=.NET 8.0, Toolchain=net8.0)
  TokenAllocationBenchmarks.CompareTokensValueEquality: .NET 8.0(Runtime=.NET 8.0, Toolchain=net8.0)
  TokenAllocationBenchmarks.CheckExpectedMatchesActual: .NET 8.0(Runtime=.NET 8.0, Toolchain=net8.0)
  TokenAllocationBenchmarks.CreateStructVersion: .NET 9.0(Runtime=.NET 9.0, Toolchain=net9.0)
  TokenAllocationBenchmarks.CreateStructToken: .NET 9.0(Runtime=.NET 9.0, Toolchain=net9.0)
  TokenAllocationBenchmarks.CreateExpectedVersionSpecific: .NET 9.0(Runtime=.NET 9.0, Toolchain=net9.0)
  TokenAllocationBenchmarks.TryParseSpanVersion: .NET 9.0(Runtime=.NET 9.0, Toolchain=net9.0)
  TokenAllocationBenchmarks.TryParseStringVersion: .NET 9.0(Runtime=.NET 9.0, Toolchain=net9.0)
  TokenAllocationBenchmarks.FormatVersionToString: .NET 9.0(Runtime=.NET 9.0, Toolchain=net9.0)
  TokenAllocationBenchmarks.CompareTokensValueEquality: .NET 9.0(Runtime=.NET 9.0, Toolchain=net9.0)
  TokenAllocationBenchmarks.CheckExpectedMatchesActual: .NET 9.0(Runtime=.NET 9.0, Toolchain=net9.0)

// * Warnings *
BaselineCustomAnalyzer
  Summary -> A question mark '?' symbol indicates that it was not possible to compute the (Ratio, RatioSD, Alloc Ratio) column(s) because the baseline or benchmark could not be found, or the baseline value is too close to zero.
ZeroMeasurement
  TokenAllocationBenchmarks.CreateStructVersion: .NET 10.0           -> The method duration is indistinguishable from the empty method duration
  TokenAllocationBenchmarks.CreateExpectedVersionSpecific: .NET 10.0 -> The method duration is indistinguishable from the empty method duration

// * Hints *
Outliers
  TokenAllocationBenchmarks.CreateStructVersion: .NET 10.0        -> 1 outlier  was  removed (1.44 ns)
  TokenAllocationBenchmarks.CreateStructToken: .NET 10.0          -> 2 outliers were removed (2.47 ns, 2.51 ns)
  TokenAllocationBenchmarks.TryParseSpanVersion: .NET 10.0        -> 2 outliers were removed (13.69 ns, 13.88 ns)
  TokenAllocationBenchmarks.TryParseStringVersion: .NET 10.0      -> 1 outlier  was  removed (15.34 ns)
  TokenAllocationBenchmarks.FormatVersionToString: .NET 10.0      -> 1 outlier  was  removed (14.13 ns)
  TokenAllocationBenchmarks.CompareTokensValueEquality: .NET 10.0 -> 1 outlier  was  removed (3.01 ns)
  TokenAllocationBenchmarks.CheckExpectedMatchesActual: .NET 10.0 -> 1 outlier  was  removed (1.75 ns)

// * Legends *
  Mean        : Arithmetic mean of all measurements
  Error       : Half of 99.9% confidence interval
  StdDev      : Standard deviation of all measurements
  Median      : Value separating the higher half of all measurements (50th percentile)
  Ratio       : Mean of the ratio distribution ([Current]/[Baseline])
  RatioSD     : Standard deviation of the ratio distribution ([Current]/[Baseline])
  Gen0        : GC Generation 0 collects per 1000 operations
  Allocated   : Allocated memory per single operation (managed only, inclusive, 1KB = 1024B)
  Alloc Ratio : Allocated memory ratio distribution ([Current]/[Baseline])
  1 ns        : 1 Nanosecond (0.000000001 sec)

// * Diagnostic Output - MemoryDiagnoser *


// ***** BenchmarkRunner: End *****
Run time: 00:03:57 (237.96 sec), executed benchmarks: 8

Global total time: 00:09:20 (560.54 sec), executed benchmarks: 18
// * Artifacts cleanup *
Artifacts cleanup is finished
