// Validating benchmarks:
// ***** BenchmarkRunner: Start   *****
// ***** Found 54 benchmark(s) in total *****
// ***** Building 3 exe(s) in Parallel: Start   *****
// ***** Done, took 00:00:31 (31.63 sec)   *****
// ***** Failed to build in Parallel, switching to sequential build   *****
// ***** Done, took 00:00:08 (8.65 sec)   *****
// Found 15 benchmarks:
//   ConcurrencyBenchmarks.DirectVersionComparison: .NET 10.0(Runtime=.NET 10.0, Toolchain=net10.0)
//   ConcurrencyBenchmarks.CheckerCheckVersion: .NET 10.0(Runtime=.NET 10.0, Toolchain=net10.0)
//   ConcurrencyBenchmarks.CheckerCheckToken: .NET 10.0(Runtime=.NET 10.0, Toolchain=net10.0)
//   ConcurrencyBenchmarks.ControllerExecuteCasAsync: .NET 10.0(Runtime=.NET 10.0, Toolchain=net10.0)
//   ConcurrencyBenchmarks.ResultConversion: .NET 10.0(Runtime=.NET 10.0, Toolchain=net10.0)
//   ConcurrencyBenchmarks.DirectVersionComparison: .NET 8.0(Runtime=.NET 8.0, Toolchain=net8.0)
//   ConcurrencyBenchmarks.CheckerCheckVersion: .NET 8.0(Runtime=.NET 8.0, Toolchain=net8.0)
//   ConcurrencyBenchmarks.CheckerCheckToken: .NET 8.0(Runtime=.NET 8.0, Toolchain=net8.0)
//   ConcurrencyBenchmarks.ControllerExecuteCasAsync: .NET 8.0(Runtime=.NET 8.0, Toolchain=net8.0)
//   ConcurrencyBenchmarks.ResultConversion: .NET 8.0(Runtime=.NET 8.0, Toolchain=net8.0)
//   ConcurrencyBenchmarks.DirectVersionComparison: .NET 9.0(Runtime=.NET 9.0, Toolchain=net9.0)
//   ConcurrencyBenchmarks.CheckerCheckVersion: .NET 9.0(Runtime=.NET 9.0, Toolchain=net9.0)
//   ConcurrencyBenchmarks.CheckerCheckToken: .NET 9.0(Runtime=.NET 9.0, Toolchain=net9.0)
//   ConcurrencyBenchmarks.ControllerExecuteCasAsync: .NET 9.0(Runtime=.NET 9.0, Toolchain=net9.0)
//   ConcurrencyBenchmarks.ResultConversion: .NET 9.0(Runtime=.NET 9.0, Toolchain=net9.0)

// **************************
// Benchmark: ConcurrencyBenchmarks.DirectVersionComparison: .NET 10.0(Runtime=.NET 10.0, Toolchain=net10.0)
// *** Execute ***
// Launch: 1 / 1
// Execute: dotnet "EricksonLopez.Concurrency.Benchmarks-.NET 10.0-1.dll" --anonymousPipes 111 114 --benchmarkName EricksonLopez.Concurrency.Benchmarks.ConcurrencyBenchmarks.DirectVersionComparison --job ".NET 10.0" --benchmarkId 0 in /home/runner/work/dotnet-concurrency/dotnet-concurrency/benchmarks/EricksonLopez.Concurrency.Benchmarks/bin/Release/net10.0/EricksonLopez.Concurrency.Benchmarks-.NET 10.0-1/bin/Release/net10.0
// Failed to set up high priority (Permission denied). In order to run benchmarks with high priority, make sure you have the right permissions.
// BeforeAnythingElse

// Benchmark Process Environment Information:
// BenchmarkDotNet v0.15.8
// Runtime=.NET 10.0.12 (10.0.12, 10.0.1226.42308), X64 RyuJIT x86-64-v3
// GC=Concurrent Workstation
// HardwareIntrinsics=AVX2+BMI1+BMI2+F16C+FMA+LZCNT+MOVBE,AVX,SSE3+SSSE3+SSE4.1+SSE4.2+POPCNT,X86Base+SSE+SSE2,AES+PCLMUL VectorSize=256
// Job: .NET 10.0

OverheadJitting  1: 1 op, 199933.00 ns, 199.9330 us/op
WorkloadJitting  1: 1 op, 228888.00 ns, 228.8880 us/op

OverheadJitting  2: 16 op, 421648.00 ns, 26.3530 us/op
WorkloadJitting  2: 16 op, 367056.00 ns, 22.9410 us/op

WorkloadPilot    1: 16 op, 811.00 ns, 50.6875 ns/op
WorkloadPilot    2: 32 op, 561.00 ns, 17.5313 ns/op
WorkloadPilot    3: 64 op, 1222.00 ns, 19.0938 ns/op
WorkloadPilot    4: 128 op, 1563.00 ns, 12.2109 ns/op
WorkloadPilot    5: 256 op, 2093.00 ns, 8.1758 ns/op
WorkloadPilot    6: 512 op, 3387.00 ns, 6.6152 ns/op
WorkloadPilot    7: 1024 op, 5871.00 ns, 5.7334 ns/op
WorkloadPilot    8: 2048 op, 10921.00 ns, 5.3325 ns/op
WorkloadPilot    9: 4096 op, 21230.00 ns, 5.1831 ns/op
WorkloadPilot   10: 8192 op, 39624.00 ns, 4.8369 ns/op
WorkloadPilot   11: 16384 op, 72055.00 ns, 4.3979 ns/op
WorkloadPilot   12: 32768 op, 158506.00 ns, 4.8372 ns/op
WorkloadPilot   13: 65536 op, 260847.00 ns, 3.9802 ns/op
WorkloadPilot   14: 131072 op, 543185.00 ns, 4.1442 ns/op
WorkloadPilot   15: 262144 op, 1052306.00 ns, 4.0142 ns/op
WorkloadPilot   16: 524288 op, 2081600.00 ns, 3.9703 ns/op
WorkloadPilot   17: 1048576 op, 4147239.00 ns, 3.9551 ns/op
WorkloadPilot   18: 2097152 op, 8205992.00 ns, 3.9129 ns/op
WorkloadPilot   19: 4194304 op, 16417555.00 ns, 3.9143 ns/op
WorkloadPilot   20: 8388608 op, 32960575.00 ns, 3.9292 ns/op
WorkloadPilot   21: 16777216 op, 65703824.00 ns, 3.9163 ns/op
WorkloadPilot   22: 33554432 op, 108519191.00 ns, 3.2341 ns/op
WorkloadPilot   23: 67108864 op, 134357630.00 ns, 2.0021 ns/op
WorkloadPilot   24: 134217728 op, 268845412.00 ns, 2.0031 ns/op
WorkloadPilot   25: 268435456 op, 537428885.00 ns, 2.0021 ns/op

OverheadWarmup   1: 268435456 op, 764956869.00 ns, 2.8497 ns/op
OverheadWarmup   2: 268435456 op, 505024349.00 ns, 1.8814 ns/op
OverheadWarmup   3: 268435456 op, 501635087.00 ns, 1.8687 ns/op
OverheadWarmup   4: 268435456 op, 500084219.00 ns, 1.8630 ns/op
OverheadWarmup   5: 268435456 op, 501102571.00 ns, 1.8668 ns/op
OverheadWarmup   6: 268435456 op, 499563917.00 ns, 1.8610 ns/op
OverheadWarmup   7: 268435456 op, 498394251.00 ns, 1.8567 ns/op
OverheadWarmup   8: 268435456 op, 499957031.00 ns, 1.8625 ns/op
OverheadWarmup   9: 268435456 op, 500656398.00 ns, 1.8651 ns/op
OverheadWarmup  10: 268435456 op, 498843971.00 ns, 1.8583 ns/op

OverheadActual   1: 268435456 op, 500434674.00 ns, 1.8643 ns/op
OverheadActual   2: 268435456 op, 502596545.00 ns, 1.8723 ns/op
OverheadActual   3: 268435456 op, 500596486.00 ns, 1.8649 ns/op
OverheadActual   4: 268435456 op, 500615041.00 ns, 1.8649 ns/op
OverheadActual   5: 268435456 op, 499171206.00 ns, 1.8596 ns/op
OverheadActual   6: 268435456 op, 499619984.00 ns, 1.8612 ns/op
OverheadActual   7: 268435456 op, 500602087.00 ns, 1.8649 ns/op
OverheadActual   8: 268435456 op, 498818517.00 ns, 1.8582 ns/op
OverheadActual   9: 268435456 op, 500940533.00 ns, 1.8661 ns/op
OverheadActual  10: 268435456 op, 499526726.00 ns, 1.8609 ns/op
OverheadActual  11: 268435456 op, 499085081.00 ns, 1.8592 ns/op
OverheadActual  12: 268435456 op, 499800908.00 ns, 1.8619 ns/op
OverheadActual  13: 268435456 op, 498328467.00 ns, 1.8564 ns/op
OverheadActual  14: 268435456 op, 501431345.00 ns, 1.8680 ns/op
OverheadActual  15: 268435456 op, 503384524.00 ns, 1.8753 ns/op

WorkloadWarmup   1: 268435456 op, 535913537.00 ns, 1.9964 ns/op
WorkloadWarmup   2: 268435456 op, 538734270.00 ns, 2.0069 ns/op
WorkloadWarmup   3: 268435456 op, 536859330.00 ns, 2.0000 ns/op
WorkloadWarmup   4: 268435456 op, 537211497.00 ns, 2.0013 ns/op
WorkloadWarmup   5: 268435456 op, 535739871.00 ns, 1.9958 ns/op
WorkloadWarmup   6: 268435456 op, 538089090.00 ns, 2.0045 ns/op

// BeforeActualRun
WorkloadActual   1: 268435456 op, 535374609.00 ns, 1.9944 ns/op
WorkloadActual   2: 268435456 op, 537474822.00 ns, 2.0022 ns/op
WorkloadActual   3: 268435456 op, 536399233.00 ns, 1.9982 ns/op
WorkloadActual   4: 268435456 op, 537234453.00 ns, 2.0014 ns/op
WorkloadActual   5: 268435456 op, 535640505.00 ns, 1.9954 ns/op
WorkloadActual   6: 268435456 op, 536895169.00 ns, 2.0001 ns/op
WorkloadActual   7: 268435456 op, 537014392.00 ns, 2.0005 ns/op
WorkloadActual   8: 268435456 op, 537377971.00 ns, 2.0019 ns/op
WorkloadActual   9: 268435456 op, 535310131.00 ns, 1.9942 ns/op
WorkloadActual  10: 268435456 op, 536310066.00 ns, 1.9979 ns/op
WorkloadActual  11: 268435456 op, 536441051.00 ns, 1.9984 ns/op
WorkloadActual  12: 268435456 op, 535777289.00 ns, 1.9959 ns/op
WorkloadActual  13: 268435456 op, 538028093.00 ns, 2.0043 ns/op
WorkloadActual  14: 268435456 op, 537114844.00 ns, 2.0009 ns/op
WorkloadActual  15: 268435456 op, 537858919.00 ns, 2.0037 ns/op

// AfterActualRun
WorkloadResult   1: 268435456 op, 34939935.00 ns, 0.1302 ns/op
WorkloadResult   2: 268435456 op, 37040148.00 ns, 0.1380 ns/op
WorkloadResult   3: 268435456 op, 35964559.00 ns, 0.1340 ns/op
WorkloadResult   4: 268435456 op, 36799779.00 ns, 0.1371 ns/op
WorkloadResult   5: 268435456 op, 35205831.00 ns, 0.1312 ns/op
WorkloadResult   6: 268435456 op, 36460495.00 ns, 0.1358 ns/op
WorkloadResult   7: 268435456 op, 36579718.00 ns, 0.1363 ns/op
WorkloadResult   8: 268435456 op, 36943297.00 ns, 0.1376 ns/op
WorkloadResult   9: 268435456 op, 34875457.00 ns, 0.1299 ns/op
WorkloadResult  10: 268435456 op, 35875392.00 ns, 0.1336 ns/op
WorkloadResult  11: 268435456 op, 36006377.00 ns, 0.1341 ns/op
WorkloadResult  12: 268435456 op, 35342615.00 ns, 0.1317 ns/op
WorkloadResult  13: 268435456 op, 37593419.00 ns, 0.1400 ns/op
WorkloadResult  14: 268435456 op, 36680170.00 ns, 0.1366 ns/op
WorkloadResult  15: 268435456 op, 37424245.00 ns, 0.1394 ns/op
// GC:  0 0 0 0 268435456
// Threading:  0 0 268435456

// AfterAll
// Benchmark Process 5183 has exited with code 0.

Mean = 0.135 ns, StdErr = 0.001 ns (0.62%), N = 15, StdDev = 0.003 ns
Min = 0.130 ns, Q1 = 0.133 ns, Median = 0.136 ns, Q3 = 0.137 ns, Max = 0.140 ns
IQR = 0.005 ns, LowerFence = 0.126 ns, UpperFence = 0.144 ns
ConfidenceInterval = [0.132 ns; 0.139 ns] (CI 99.9%), Margin = 0.003 ns (2.58% of Mean)
Skewness = -0.16, Kurtosis = 1.63, MValue = 2

// ** Remained 53 (98.1 %) benchmark(s) to run. Estimated finish 2026-09-20 7:55 (0h 23m from now) **
// **************************
// Benchmark: ConcurrencyBenchmarks.CheckerCheckVersion: .NET 10.0(Runtime=.NET 10.0, Toolchain=net10.0)
// *** Execute ***
// Launch: 1 / 1
// Execute: dotnet "EricksonLopez.Concurrency.Benchmarks-.NET 10.0-1.dll" --anonymousPipes 111 114 --benchmarkName EricksonLopez.Concurrency.Benchmarks.ConcurrencyBenchmarks.CheckerCheckVersion --job ".NET 10.0" --benchmarkId 1 in /home/runner/work/dotnet-concurrency/dotnet-concurrency/benchmarks/EricksonLopez.Concurrency.Benchmarks/bin/Release/net10.0/EricksonLopez.Concurrency.Benchmarks-.NET 10.0-1/bin/Release/net10.0
// Failed to set up high priority (Permission denied). In order to run benchmarks with high priority, make sure you have the right permissions.
// BeforeAnythingElse

// Benchmark Process Environment Information:
// BenchmarkDotNet v0.15.8
// Runtime=.NET 10.0.12 (10.0.12, 10.0.1226.42308), X64 RyuJIT x86-64-v3
// GC=Concurrent Workstation
// HardwareIntrinsics=AVX2+BMI1+BMI2+F16C+FMA+LZCNT+MOVBE,AVX,SSE3+SSSE3+SSE4.1+SSE4.2+POPCNT,X86Base+SSE+SSE2,AES+PCLMUL VectorSize=256
// Job: .NET 10.0

OverheadJitting  1: 1 op, 210512.00 ns, 210.5120 us/op
WorkloadJitting  1: 1 op, 911075.00 ns, 911.0750 us/op

OverheadJitting  2: 16 op, 379315.00 ns, 23.7072 us/op
WorkloadJitting  2: 16 op, 359779.00 ns, 22.4862 us/op

WorkloadPilot    1: 16 op, 1423.00 ns, 88.9375 ns/op
WorkloadPilot    2: 32 op, 1764.00 ns, 55.1250 ns/op
WorkloadPilot    3: 64 op, 2384.00 ns, 37.2500 ns/op
WorkloadPilot    4: 128 op, 3316.00 ns, 25.9063 ns/op
WorkloadPilot    5: 256 op, 5901.00 ns, 23.0508 ns/op
WorkloadPilot    6: 512 op, 10580.00 ns, 20.6641 ns/op
WorkloadPilot    7: 1024 op, 20408.00 ns, 19.9297 ns/op
WorkloadPilot    8: 2048 op, 39944.00 ns, 19.5039 ns/op
WorkloadPilot    9: 4096 op, 78596.00 ns, 19.1885 ns/op
WorkloadPilot   10: 8192 op, 178372.00 ns, 21.7739 ns/op
WorkloadPilot   11: 16384 op, 327139.00 ns, 19.9670 ns/op
WorkloadPilot   12: 32768 op, 631405.00 ns, 19.2690 ns/op
WorkloadPilot   13: 65536 op, 1644720.00 ns, 25.0964 ns/op
WorkloadPilot   14: 131072 op, 4201116.00 ns, 32.0520 ns/op
WorkloadPilot   15: 262144 op, 8555538.00 ns, 32.6368 ns/op
WorkloadPilot   16: 524288 op, 10225835.00 ns, 19.5042 ns/op
WorkloadPilot   17: 1048576 op, 20471246.00 ns, 19.5229 ns/op
WorkloadPilot   18: 2097152 op, 41851653.00 ns, 19.9564 ns/op
WorkloadPilot   19: 4194304 op, 81668240.00 ns, 19.4712 ns/op
WorkloadPilot   20: 8388608 op, 29827948.00 ns, 3.5558 ns/op
WorkloadPilot   21: 16777216 op, 41071695.00 ns, 2.4481 ns/op
WorkloadPilot   22: 33554432 op, 79935543.00 ns, 2.3823 ns/op
WorkloadPilot   23: 67108864 op, 161526921.00 ns, 2.4069 ns/op
WorkloadPilot   24: 134217728 op, 322823342.00 ns, 2.4052 ns/op
WorkloadPilot   25: 268435456 op, 645092456.00 ns, 2.4032 ns/op

OverheadWarmup   1: 268435456 op, 552797151.00 ns, 2.0593 ns/op
OverheadWarmup   2: 268435456 op, 521018550.00 ns, 1.9409 ns/op
OverheadWarmup   3: 268435456 op, 498689146.00 ns, 1.8578 ns/op
OverheadWarmup   4: 268435456 op, 498061153.00 ns, 1.8554 ns/op
OverheadWarmup   5: 268435456 op, 500514036.00 ns, 1.8646 ns/op
OverheadWarmup   6: 268435456 op, 501049387.00 ns, 1.8666 ns/op
OverheadWarmup   7: 268435456 op, 526801366.00 ns, 1.9625 ns/op
OverheadWarmup   8: 268435456 op, 499746771.00 ns, 1.8617 ns/op
OverheadWarmup   9: 268435456 op, 514844046.00 ns, 1.9179 ns/op
OverheadWarmup  10: 268435456 op, 496920535.00 ns, 1.8512 ns/op

OverheadActual   1: 268435456 op, 497076866.00 ns, 1.8518 ns/op
OverheadActual   2: 268435456 op, 498005076.00 ns, 1.8552 ns/op
OverheadActual   3: 268435456 op, 500515114.00 ns, 1.8646 ns/op
OverheadActual   4: 268435456 op, 496884107.00 ns, 1.8510 ns/op
OverheadActual   5: 268435456 op, 500409857.00 ns, 1.8642 ns/op
OverheadActual   6: 268435456 op, 497815355.00 ns, 1.8545 ns/op
OverheadActual   7: 268435456 op, 497310582.00 ns, 1.8526 ns/op
OverheadActual   8: 268435456 op, 498114635.00 ns, 1.8556 ns/op
OverheadActual   9: 268435456 op, 498131275.00 ns, 1.8557 ns/op
OverheadActual  10: 268435456 op, 500216101.00 ns, 1.8635 ns/op
OverheadActual  11: 268435456 op, 500736203.00 ns, 1.8654 ns/op
OverheadActual  12: 268435456 op, 497855480.00 ns, 1.8547 ns/op
OverheadActual  13: 268435456 op, 497929769.00 ns, 1.8549 ns/op
OverheadActual  14: 268435456 op, 503499626.00 ns, 1.8757 ns/op
OverheadActual  15: 268435456 op, 506610673.00 ns, 1.8873 ns/op

WorkloadWarmup   1: 268435456 op, 643551727.00 ns, 2.3974 ns/op
WorkloadWarmup   2: 268435456 op, 640002807.00 ns, 2.3842 ns/op
WorkloadWarmup   3: 268435456 op, 656976547.00 ns, 2.4474 ns/op
WorkloadWarmup   4: 268435456 op, 642858723.00 ns, 2.3948 ns/op
WorkloadWarmup   5: 268435456 op, 645331873.00 ns, 2.4040 ns/op
WorkloadWarmup   6: 268435456 op, 644385966.00 ns, 2.4005 ns/op

// BeforeActualRun
WorkloadActual   1: 268435456 op, 641828268.00 ns, 2.3910 ns/op
WorkloadActual   2: 268435456 op, 649911057.00 ns, 2.4211 ns/op
WorkloadActual   3: 268435456 op, 649699251.00 ns, 2.4203 ns/op
WorkloadActual   4: 268435456 op, 642351135.00 ns, 2.3929 ns/op
WorkloadActual   5: 268435456 op, 638384623.00 ns, 2.3782 ns/op
WorkloadActual   6: 268435456 op, 643609889.00 ns, 2.3976 ns/op
WorkloadActual   7: 268435456 op, 640540418.00 ns, 2.3862 ns/op
WorkloadActual   8: 268435456 op, 642381335.00 ns, 2.3931 ns/op
WorkloadActual   9: 268435456 op, 642850661.00 ns, 2.3948 ns/op
WorkloadActual  10: 268435456 op, 640573720.00 ns, 2.3863 ns/op
WorkloadActual  11: 268435456 op, 639678729.00 ns, 2.3830 ns/op
WorkloadActual  12: 268435456 op, 642674513.00 ns, 2.3941 ns/op
WorkloadActual  13: 268435456 op, 650388454.00 ns, 2.4229 ns/op
WorkloadActual  14: 268435456 op, 638923059.00 ns, 2.3802 ns/op
WorkloadActual  15: 268435456 op, 642303620.00 ns, 2.3928 ns/op

// AfterActualRun
WorkloadResult   1: 268435456 op, 143713633.00 ns, 0.5354 ns/op
WorkloadResult   2: 268435456 op, 144236500.00 ns, 0.5373 ns/op
WorkloadResult   3: 268435456 op, 140269988.00 ns, 0.5225 ns/op
WorkloadResult   4: 268435456 op, 145495254.00 ns, 0.5420 ns/op
WorkloadResult   5: 268435456 op, 142425783.00 ns, 0.5306 ns/op
WorkloadResult   6: 268435456 op, 144266700.00 ns, 0.5374 ns/op
WorkloadResult   7: 268435456 op, 144736026.00 ns, 0.5392 ns/op
WorkloadResult   8: 268435456 op, 142459085.00 ns, 0.5307 ns/op
WorkloadResult   9: 268435456 op, 141564094.00 ns, 0.5274 ns/op
WorkloadResult  10: 268435456 op, 144559878.00 ns, 0.5385 ns/op
WorkloadResult  11: 268435456 op, 140808424.00 ns, 0.5246 ns/op
WorkloadResult  12: 268435456 op, 144188985.00 ns, 0.5371 ns/op
// GC:  0 0 0 32 268435456
// Threading:  0 0 268435456

// AfterAll
// Benchmark Process 5208 has exited with code 0.

Mean = 0.534 ns, StdErr = 0.002 ns (0.34%), N = 12, StdDev = 0.006 ns
Min = 0.523 ns, Q1 = 0.530 ns, Median = 0.536 ns, Q3 = 0.538 ns, Max = 0.542 ns
IQR = 0.008 ns, LowerFence = 0.518 ns, UpperFence = 0.550 ns
ConfidenceInterval = [0.526 ns; 0.542 ns] (CI 99.9%), Margin = 0.008 ns (1.50% of Mean)
Skewness = -0.44, Kurtosis = 1.64, MValue = 2

// ** Remained 52 (96.3 %) benchmark(s) to run. Estimated finish 2026-09-20 7:56 (0h 23m from now) **
// **************************
// Benchmark: ConcurrencyBenchmarks.CheckerCheckToken: .NET 10.0(Runtime=.NET 10.0, Toolchain=net10.0)
// *** Execute ***
// Launch: 1 / 1
// Execute: dotnet "EricksonLopez.Concurrency.Benchmarks-.NET 10.0-1.dll" --anonymousPipes 111 114 --benchmarkName EricksonLopez.Concurrency.Benchmarks.ConcurrencyBenchmarks.CheckerCheckToken --job ".NET 10.0" --benchmarkId 2 in /home/runner/work/dotnet-concurrency/dotnet-concurrency/benchmarks/EricksonLopez.Concurrency.Benchmarks/bin/Release/net10.0/EricksonLopez.Concurrency.Benchmarks-.NET 10.0-1/bin/Release/net10.0
// Failed to set up high priority (Permission denied). In order to run benchmarks with high priority, make sure you have the right permissions.
// BeforeAnythingElse

// Benchmark Process Environment Information:
// BenchmarkDotNet v0.15.8
// Runtime=.NET 10.0.12 (10.0.12, 10.0.1226.42308), X64 RyuJIT x86-64-v3
// GC=Concurrent Workstation
// HardwareIntrinsics=AVX2+BMI1+BMI2+F16C+FMA+LZCNT+MOVBE,AVX,SSE3+SSSE3+SSE4.1+SSE4.2+POPCNT,X86Base+SSE+SSE2,AES+PCLMUL VectorSize=256
// Job: .NET 10.0

OverheadJitting  1: 1 op, 251440.00 ns, 251.4400 us/op
WorkloadJitting  1: 1 op, 850748.00 ns, 850.7480 us/op

OverheadJitting  2: 16 op, 386211.00 ns, 24.1382 us/op
WorkloadJitting  2: 16 op, 420124.00 ns, 26.2578 us/op

WorkloadPilot    1: 16 op, 18224.00 ns, 1.1390 us/op
WorkloadPilot    2: 32 op, 7163.00 ns, 223.8438 ns/op
WorkloadPilot    3: 64 op, 20718.00 ns, 323.7188 ns/op
WorkloadPilot    4: 128 op, 24646.00 ns, 192.5469 ns/op
WorkloadPilot    5: 256 op, 34344.00 ns, 134.1563 ns/op
WorkloadPilot    6: 512 op, 45515.00 ns, 88.8965 ns/op
WorkloadPilot    7: 1024 op, 96831.00 ns, 94.5615 ns/op
WorkloadPilot    8: 2048 op, 175548.00 ns, 85.7168 ns/op
WorkloadPilot    9: 4096 op, 374098.00 ns, 91.3325 ns/op
WorkloadPilot   10: 8192 op, 593338.00 ns, 72.4290 ns/op
WorkloadPilot   11: 16384 op, 1236338.00 ns, 75.4601 ns/op
WorkloadPilot   12: 32768 op, 2382959.00 ns, 72.7221 ns/op
WorkloadPilot   13: 65536 op, 4924483.00 ns, 75.1416 ns/op
WorkloadPilot   14: 131072 op, 9887489.00 ns, 75.4356 ns/op
WorkloadPilot   15: 262144 op, 19812418.00 ns, 75.5784 ns/op
WorkloadPilot   16: 524288 op, 30643428.00 ns, 58.4477 ns/op
WorkloadPilot   17: 1048576 op, 53054257.00 ns, 50.5965 ns/op
WorkloadPilot   18: 2097152 op, 80511517.00 ns, 38.3909 ns/op
WorkloadPilot   19: 4194304 op, 106779607.00 ns, 25.4582 ns/op
WorkloadPilot   20: 8388608 op, 208200461.00 ns, 24.8194 ns/op
WorkloadPilot   21: 16777216 op, 413033712.00 ns, 24.6187 ns/op
WorkloadPilot   22: 33554432 op, 810348882.00 ns, 24.1503 ns/op

OverheadWarmup   1: 33554432 op, 97875213.00 ns, 2.9169 ns/op
OverheadWarmup   2: 33554432 op, 98601479.00 ns, 2.9386 ns/op
OverheadWarmup   3: 33554432 op, 71103039.00 ns, 2.1190 ns/op
OverheadWarmup   4: 33554432 op, 67227341.00 ns, 2.0035 ns/op
OverheadWarmup   5: 33554432 op, 67398891.00 ns, 2.0086 ns/op
OverheadWarmup   6: 33554432 op, 67152802.00 ns, 2.0013 ns/op

OverheadActual   1: 33554432 op, 67567155.00 ns, 2.0137 ns/op
OverheadActual   2: 33554432 op, 67228613.00 ns, 2.0036 ns/op
OverheadActual   3: 33554432 op, 67260963.00 ns, 2.0045 ns/op
OverheadActual   4: 33554432 op, 67360169.00 ns, 2.0075 ns/op
OverheadActual   5: 33554432 op, 68880147.00 ns, 2.0528 ns/op
OverheadActual   6: 33554432 op, 67557948.00 ns, 2.0134 ns/op
OverheadActual   7: 33554432 op, 68234672.00 ns, 2.0336 ns/op
OverheadActual   8: 33554432 op, 67510630.00 ns, 2.0120 ns/op
OverheadActual   9: 33554432 op, 67270813.00 ns, 2.0048 ns/op
OverheadActual  10: 33554432 op, 67277154.00 ns, 2.0050 ns/op
OverheadActual  11: 33554432 op, 67398811.00 ns, 2.0086 ns/op
OverheadActual  12: 33554432 op, 67237099.00 ns, 2.0038 ns/op
OverheadActual  13: 33554432 op, 67237880.00 ns, 2.0038 ns/op
OverheadActual  14: 33554432 op, 67316317.00 ns, 2.0062 ns/op
OverheadActual  15: 33554432 op, 67076789.00 ns, 1.9990 ns/op

WorkloadWarmup   1: 33554432 op, 834823707.00 ns, 24.8797 ns/op
WorkloadWarmup   2: 33554432 op, 841299670.00 ns, 25.0727 ns/op
WorkloadWarmup   3: 33554432 op, 834781237.00 ns, 24.8784 ns/op
WorkloadWarmup   4: 33554432 op, 833954593.00 ns, 24.8538 ns/op
WorkloadWarmup   5: 33554432 op, 836716251.00 ns, 24.9361 ns/op
WorkloadWarmup   6: 33554432 op, 835407316.00 ns, 24.8971 ns/op

// BeforeActualRun
WorkloadActual   1: 33554432 op, 838798227.00 ns, 24.9981 ns/op
WorkloadActual   2: 33554432 op, 830330455.00 ns, 24.7458 ns/op
WorkloadActual   3: 33554432 op, 834020925.00 ns, 24.8558 ns/op
WorkloadActual   4: 33554432 op, 826028452.00 ns, 24.6176 ns/op
WorkloadActual   5: 33554432 op, 836572070.00 ns, 24.9318 ns/op
WorkloadActual   6: 33554432 op, 835361900.00 ns, 24.8957 ns/op
WorkloadActual   7: 33554432 op, 834842109.00 ns, 24.8802 ns/op
WorkloadActual   8: 33554432 op, 829602134.00 ns, 24.7241 ns/op
WorkloadActual   9: 33554432 op, 833948991.00 ns, 24.8536 ns/op
WorkloadActual  10: 33554432 op, 835952713.00 ns, 24.9133 ns/op
WorkloadActual  11: 33554432 op, 840941309.00 ns, 25.0620 ns/op
WorkloadActual  12: 33554432 op, 840793892.00 ns, 25.0576 ns/op
WorkloadActual  13: 33554432 op, 834357199.00 ns, 24.8658 ns/op
WorkloadActual  14: 33554432 op, 829614020.00 ns, 24.7244 ns/op
WorkloadActual  15: 33554432 op, 837079064.00 ns, 24.9469 ns/op

// AfterActualRun
WorkloadResult   1: 33554432 op, 771481910.00 ns, 22.9920 ns/op
WorkloadResult   2: 33554432 op, 763014138.00 ns, 22.7396 ns/op
WorkloadResult   3: 33554432 op, 766704608.00 ns, 22.8496 ns/op
WorkloadResult   4: 33554432 op, 758712135.00 ns, 22.6114 ns/op
WorkloadResult   5: 33554432 op, 769255753.00 ns, 22.9256 ns/op
WorkloadResult   6: 33554432 op, 768045583.00 ns, 22.8895 ns/op
WorkloadResult   7: 33554432 op, 767525792.00 ns, 22.8741 ns/op
WorkloadResult   8: 33554432 op, 762285817.00 ns, 22.7179 ns/op
WorkloadResult   9: 33554432 op, 766632674.00 ns, 22.8474 ns/op
WorkloadResult  10: 33554432 op, 768636396.00 ns, 22.9071 ns/op
WorkloadResult  11: 33554432 op, 773624992.00 ns, 23.0558 ns/op
WorkloadResult  12: 33554432 op, 773477575.00 ns, 23.0514 ns/op
WorkloadResult  13: 33554432 op, 767040882.00 ns, 22.8596 ns/op
WorkloadResult  14: 33554432 op, 762297703.00 ns, 22.7182 ns/op
WorkloadResult  15: 33554432 op, 769762747.00 ns, 22.9407 ns/op
// GC:  128 0 0 2147483648 33554432
// Threading:  0 0 33554432

// AfterAll
// Benchmark Process 5227 has exited with code 0.

Mean = 22.865 ns, StdErr = 0.033 ns (0.14%), N = 15, StdDev = 0.126 ns
Min = 22.611 ns, Q1 = 22.794 ns, Median = 22.874 ns, Q3 = 22.933 ns, Max = 23.056 ns
IQR = 0.140 ns, LowerFence = 22.584 ns, UpperFence = 23.143 ns
ConfidenceInterval = [22.730 ns; 23.000 ns] (CI 99.9%), Margin = 0.135 ns (0.59% of Mean)
Skewness = -0.29, Kurtosis = 2.15, MValue = 2

// ** Remained 51 (94.4 %) benchmark(s) to run. Estimated finish 2026-09-20 7:54 (0h 21m from now) **
// **************************
// Benchmark: ConcurrencyBenchmarks.ControllerExecuteCasAsync: .NET 10.0(Runtime=.NET 10.0, Toolchain=net10.0)
// *** Execute ***
// Launch: 1 / 1
// Execute: dotnet "EricksonLopez.Concurrency.Benchmarks-.NET 10.0-1.dll" --anonymousPipes 111 114 --benchmarkName EricksonLopez.Concurrency.Benchmarks.ConcurrencyBenchmarks.ControllerExecuteCasAsync --job ".NET 10.0" --benchmarkId 3 in /home/runner/work/dotnet-concurrency/dotnet-concurrency/benchmarks/EricksonLopez.Concurrency.Benchmarks/bin/Release/net10.0/EricksonLopez.Concurrency.Benchmarks-.NET 10.0-1/bin/Release/net10.0
// Failed to set up high priority (Permission denied). In order to run benchmarks with high priority, make sure you have the right permissions.
// BeforeAnythingElse

// Benchmark Process Environment Information:
// BenchmarkDotNet v0.15.8
// Runtime=.NET 10.0.12 (10.0.12, 10.0.1226.42308), X64 RyuJIT x86-64-v3
// GC=Concurrent Workstation
// HardwareIntrinsics=AVX2+BMI1+BMI2+F16C+FMA+LZCNT+MOVBE,AVX,SSE3+SSSE3+SSE4.1+SSE4.2+POPCNT,X86Base+SSE+SSE2,AES+PCLMUL VectorSize=256
// Job: .NET 10.0

OverheadJitting  1: 1 op, 217476.00 ns, 217.4760 us/op
WorkloadJitting  1: 1 op, 9868653.00 ns, 9.8687 ms/op

OverheadJitting  2: 16 op, 248534.00 ns, 15.5334 us/op
WorkloadJitting  2: 16 op, 315560.00 ns, 19.7225 us/op

WorkloadPilot    1: 16 op, 29405.00 ns, 1.8378 us/op
WorkloadPilot    2: 32 op, 43330.00 ns, 1.3541 us/op
WorkloadPilot    3: 64 op, 68167.00 ns, 1.0651 us/op
WorkloadPilot    4: 128 op, 113602.00 ns, 887.5156 ns/op
WorkloadPilot    5: 256 op, 204652.00 ns, 799.4219 ns/op
WorkloadPilot    6: 512 op, 395068.00 ns, 771.6172 ns/op
WorkloadPilot    7: 1024 op, 792540.00 ns, 773.9648 ns/op
WorkloadPilot    8: 2048 op, 1559993.00 ns, 761.7153 ns/op
WorkloadPilot    9: 4096 op, 3066618.00 ns, 748.6860 ns/op
WorkloadPilot   10: 8192 op, 6248170.00 ns, 762.7161 ns/op
WorkloadPilot   11: 16384 op, 12294864.00 ns, 750.4189 ns/op
WorkloadPilot   12: 32768 op, 24440690.00 ns, 745.8707 ns/op
WorkloadPilot   13: 65536 op, 48600786.00 ns, 741.5891 ns/op
WorkloadPilot   14: 131072 op, 84670336.00 ns, 645.9834 ns/op
WorkloadPilot   15: 262144 op, 49150333.00 ns, 187.4936 ns/op
WorkloadPilot   16: 524288 op, 96951264.00 ns, 184.9199 ns/op
WorkloadPilot   17: 1048576 op, 193475881.00 ns, 184.5130 ns/op
WorkloadPilot   18: 2097152 op, 386604514.00 ns, 184.3474 ns/op
WorkloadPilot   19: 4194304 op, 772870235.00 ns, 184.2666 ns/op

OverheadWarmup   1: 4194304 op, 9598528.00 ns, 2.2885 ns/op
OverheadWarmup   2: 4194304 op, 11187256.00 ns, 2.6672 ns/op
OverheadWarmup   3: 4194304 op, 9481389.00 ns, 2.2605 ns/op
OverheadWarmup   4: 4194304 op, 9528818.00 ns, 2.2718 ns/op
OverheadWarmup   5: 4194304 op, 9492670.00 ns, 2.2632 ns/op

OverheadActual   1: 4194304 op, 9559606.00 ns, 2.2792 ns/op
OverheadActual   2: 4194304 op, 9482631.00 ns, 2.2608 ns/op
OverheadActual   3: 4194304 op, 9512958.00 ns, 2.2681 ns/op
OverheadActual   4: 4194304 op, 9512087.00 ns, 2.2679 ns/op
OverheadActual   5: 4194304 op, 9713964.00 ns, 2.3160 ns/op
OverheadActual   6: 4194304 op, 9471571.00 ns, 2.2582 ns/op
OverheadActual   7: 4194304 op, 9483813.00 ns, 2.2611 ns/op
OverheadActual   8: 4194304 op, 9499924.00 ns, 2.2650 ns/op
OverheadActual   9: 4194304 op, 9542404.00 ns, 2.2751 ns/op
OverheadActual  10: 4194304 op, 9479846.00 ns, 2.2602 ns/op
OverheadActual  11: 4194304 op, 9477242.00 ns, 2.2596 ns/op
OverheadActual  12: 4194304 op, 9540290.00 ns, 2.2746 ns/op
OverheadActual  13: 4194304 op, 9488583.00 ns, 2.2623 ns/op
OverheadActual  14: 4194304 op, 9477582.00 ns, 2.2596 ns/op
OverheadActual  15: 4194304 op, 9521764.00 ns, 2.2702 ns/op

WorkloadWarmup   1: 4194304 op, 773418098.00 ns, 184.3972 ns/op
WorkloadWarmup   2: 4194304 op, 774352562.00 ns, 184.6200 ns/op
WorkloadWarmup   3: 4194304 op, 773751238.00 ns, 184.4767 ns/op
WorkloadWarmup   4: 4194304 op, 773660279.00 ns, 184.4550 ns/op
WorkloadWarmup   5: 4194304 op, 773485142.00 ns, 184.4132 ns/op
WorkloadWarmup   6: 4194304 op, 773353566.00 ns, 184.3819 ns/op
WorkloadWarmup   7: 4194304 op, 773447642.00 ns, 184.4043 ns/op
WorkloadWarmup   8: 4194304 op, 774087818.00 ns, 184.5569 ns/op
WorkloadWarmup   9: 4194304 op, 773452772.00 ns, 184.4055 ns/op

// BeforeActualRun
WorkloadActual   1: 4194304 op, 773499609.00 ns, 184.4167 ns/op
WorkloadActual   2: 4194304 op, 783146991.00 ns, 186.7168 ns/op
WorkloadActual   3: 4194304 op, 773784514.00 ns, 184.4846 ns/op
WorkloadActual   4: 4194304 op, 773681374.00 ns, 184.4600 ns/op
WorkloadActual   5: 4194304 op, 773306203.00 ns, 184.3706 ns/op
WorkloadActual   6: 4194304 op, 773377737.00 ns, 184.3876 ns/op
WorkloadActual   7: 4194304 op, 776919875.00 ns, 185.2321 ns/op
WorkloadActual   8: 4194304 op, 773748540.00 ns, 184.4760 ns/op
WorkloadActual   9: 4194304 op, 774134741.00 ns, 184.5681 ns/op
WorkloadActual  10: 4194304 op, 772858967.00 ns, 184.2639 ns/op
WorkloadActual  11: 4194304 op, 773884924.00 ns, 184.5085 ns/op
WorkloadActual  12: 4194304 op, 773957219.00 ns, 184.5258 ns/op
WorkloadActual  13: 4194304 op, 773945099.00 ns, 184.5229 ns/op
WorkloadActual  14: 4194304 op, 773527491.00 ns, 184.4233 ns/op
WorkloadActual  15: 4194304 op, 773558018.00 ns, 184.4306 ns/op

// AfterActualRun
WorkloadResult   1: 4194304 op, 763999685.00 ns, 182.1517 ns/op
WorkloadResult   2: 4194304 op, 764284590.00 ns, 182.2196 ns/op
WorkloadResult   3: 4194304 op, 764181450.00 ns, 182.1951 ns/op
WorkloadResult   4: 4194304 op, 763806279.00 ns, 182.1056 ns/op
WorkloadResult   5: 4194304 op, 763877813.00 ns, 182.1227 ns/op
WorkloadResult   6: 4194304 op, 764248616.00 ns, 182.2111 ns/op
WorkloadResult   7: 4194304 op, 764634817.00 ns, 182.3031 ns/op
WorkloadResult   8: 4194304 op, 763359043.00 ns, 181.9990 ns/op
WorkloadResult   9: 4194304 op, 764385000.00 ns, 182.2436 ns/op
WorkloadResult  10: 4194304 op, 764457295.00 ns, 182.2608 ns/op
WorkloadResult  11: 4194304 op, 764445175.00 ns, 182.2579 ns/op
WorkloadResult  12: 4194304 op, 764027567.00 ns, 182.1584 ns/op
WorkloadResult  13: 4194304 op, 764058094.00 ns, 182.1656 ns/op
// GC:  0 0 0 216 4194304
// Threading:  0 0 4194304

// AfterAll
// Benchmark Process 5248 has exited with code 0.

Mean = 182.184 ns, StdErr = 0.022 ns (0.01%), N = 13, StdDev = 0.080 ns
Min = 181.999 ns, Q1 = 182.152 ns, Median = 182.195 ns, Q3 = 182.244 ns, Max = 182.303 ns
IQR = 0.092 ns, LowerFence = 182.014 ns, UpperFence = 182.381 ns
ConfidenceInterval = [182.088 ns; 182.280 ns] (CI 99.9%), Margin = 0.096 ns (0.05% of Mean)
Skewness = -0.64, Kurtosis = 2.79, MValue = 2

// ** Remained 50 (92.6 %) benchmark(s) to run. Estimated finish 2026-09-20 7:53 (0h 20m from now) **
// **************************
// Benchmark: ConcurrencyBenchmarks.ResultConversion: .NET 10.0(Runtime=.NET 10.0, Toolchain=net10.0)
// *** Execute ***
// Launch: 1 / 1
// Execute: dotnet "EricksonLopez.Concurrency.Benchmarks-.NET 10.0-1.dll" --anonymousPipes 111 114 --benchmarkName EricksonLopez.Concurrency.Benchmarks.ConcurrencyBenchmarks.ResultConversion --job ".NET 10.0" --benchmarkId 4 in /home/runner/work/dotnet-concurrency/dotnet-concurrency/benchmarks/EricksonLopez.Concurrency.Benchmarks/bin/Release/net10.0/EricksonLopez.Concurrency.Benchmarks-.NET 10.0-1/bin/Release/net10.0
// Failed to set up high priority (Permission denied). In order to run benchmarks with high priority, make sure you have the right permissions.
// BeforeAnythingElse

// Benchmark Process Environment Information:
// BenchmarkDotNet v0.15.8
// Runtime=.NET 10.0.12 (10.0.12, 10.0.1226.42308), X64 RyuJIT x86-64-v3
// GC=Concurrent Workstation
// HardwareIntrinsics=AVX2+BMI1+BMI2+F16C+FMA+LZCNT+MOVBE,AVX,SSE3+SSSE3+SSE4.1+SSE4.2+POPCNT,X86Base+SSE+SSE2,AES+PCLMUL VectorSize=256
// Job: .NET 10.0

OverheadJitting  1: 1 op, 243074.00 ns, 243.0740 us/op
WorkloadJitting  1: 1 op, 2073171.00 ns, 2.0732 ms/op

OverheadJitting  2: 16 op, 284581.00 ns, 17.7863 us/op
WorkloadJitting  2: 16 op, 229098.00 ns, 14.3186 us/op

WorkloadPilot    1: 16 op, 2184.00 ns, 136.5000 ns/op
WorkloadPilot    2: 32 op, 4178.00 ns, 130.5625 ns/op
WorkloadPilot    3: 64 op, 8125.00 ns, 126.9531 ns/op
WorkloadPilot    4: 128 op, 8816.00 ns, 68.8750 ns/op
WorkloadPilot    5: 256 op, 25768.00 ns, 100.6563 ns/op
WorkloadPilot    6: 512 op, 45135.00 ns, 88.1543 ns/op
WorkloadPilot    7: 1024 op, 71754.00 ns, 70.0723 ns/op
WorkloadPilot    8: 2048 op, 129883.00 ns, 63.4194 ns/op
WorkloadPilot    9: 4096 op, 248454.00 ns, 60.6577 ns/op
WorkloadPilot   10: 8192 op, 483513.00 ns, 59.0226 ns/op
WorkloadPilot   11: 16384 op, 983236.00 ns, 60.0120 ns/op
WorkloadPilot   12: 32768 op, 1943119.00 ns, 59.2993 ns/op
WorkloadPilot   13: 65536 op, 3883963.00 ns, 59.2646 ns/op
WorkloadPilot   14: 131072 op, 7655357.00 ns, 58.4057 ns/op
WorkloadPilot   15: 262144 op, 15307347.00 ns, 58.3929 ns/op
WorkloadPilot   16: 524288 op, 30548800.00 ns, 58.2672 ns/op
WorkloadPilot   17: 1048576 op, 60976685.00 ns, 58.1519 ns/op
WorkloadPilot   18: 2097152 op, 61637619.00 ns, 29.3911 ns/op
WorkloadPilot   19: 4194304 op, 21460558.00 ns, 5.1166 ns/op
WorkloadPilot   20: 8388608 op, 42799539.00 ns, 5.1021 ns/op
WorkloadPilot   21: 16777216 op, 86114309.00 ns, 5.1328 ns/op
WorkloadPilot   22: 33554432 op, 170579539.00 ns, 5.0837 ns/op
WorkloadPilot   23: 67108864 op, 340892964.00 ns, 5.0797 ns/op
WorkloadPilot   24: 134217728 op, 682600934.00 ns, 5.0858 ns/op

OverheadWarmup   1: 134217728 op, 322145547.00 ns, 2.4002 ns/op
OverheadWarmup   2: 134217728 op, 219581996.00 ns, 1.6360 ns/op
OverheadWarmup   3: 134217728 op, 220282420.00 ns, 1.6412 ns/op
OverheadWarmup   4: 134217728 op, 219504307.00 ns, 1.6354 ns/op
OverheadWarmup   5: 134217728 op, 221403213.00 ns, 1.6496 ns/op
OverheadWarmup   6: 134217728 op, 219464402.00 ns, 1.6351 ns/op

OverheadActual   1: 134217728 op, 220194496.00 ns, 1.6406 ns/op
OverheadActual   2: 134217728 op, 220153769.00 ns, 1.6403 ns/op
OverheadActual   3: 134217728 op, 219530345.00 ns, 1.6356 ns/op
OverheadActual   4: 134217728 op, 219842959.00 ns, 1.6380 ns/op
OverheadActual   5: 134217728 op, 219645440.00 ns, 1.6365 ns/op
OverheadActual   6: 134217728 op, 220082787.00 ns, 1.6397 ns/op
OverheadActual   7: 134217728 op, 220198964.00 ns, 1.6406 ns/op
OverheadActual   8: 134217728 op, 219638708.00 ns, 1.6364 ns/op
OverheadActual   9: 134217728 op, 219913751.00 ns, 1.6385 ns/op
OverheadActual  10: 134217728 op, 219309283.00 ns, 1.6340 ns/op
OverheadActual  11: 134217728 op, 220106301.00 ns, 1.6399 ns/op
OverheadActual  12: 134217728 op, 219321039.00 ns, 1.6341 ns/op
OverheadActual  13: 134217728 op, 220819683.00 ns, 1.6452 ns/op
OverheadActual  14: 134217728 op, 220344856.00 ns, 1.6417 ns/op
OverheadActual  15: 134217728 op, 219425319.00 ns, 1.6348 ns/op

WorkloadWarmup   1: 134217728 op, 682560905.00 ns, 5.0855 ns/op
WorkloadWarmup   2: 134217728 op, 686931333.00 ns, 5.1180 ns/op
WorkloadWarmup   3: 134217728 op, 692785162.00 ns, 5.1617 ns/op
WorkloadWarmup   4: 134217728 op, 687660488.00 ns, 5.1235 ns/op
WorkloadWarmup   5: 134217728 op, 681018515.00 ns, 5.0740 ns/op
WorkloadWarmup   6: 134217728 op, 681434031.00 ns, 5.0771 ns/op
WorkloadWarmup   7: 134217728 op, 681424223.00 ns, 5.0770 ns/op

// BeforeActualRun
WorkloadActual   1: 134217728 op, 682792968.00 ns, 5.0872 ns/op
WorkloadActual   2: 134217728 op, 682909177.00 ns, 5.0881 ns/op
WorkloadActual   3: 134217728 op, 681454249.00 ns, 5.0772 ns/op
WorkloadActual   4: 134217728 op, 681684623.00 ns, 5.0789 ns/op
WorkloadActual   5: 134217728 op, 681899310.00 ns, 5.0805 ns/op
WorkloadActual   6: 134217728 op, 681651106.00 ns, 5.0787 ns/op
WorkloadActual   7: 134217728 op, 681714916.00 ns, 5.0792 ns/op
WorkloadActual   8: 134217728 op, 682713641.00 ns, 5.0866 ns/op
WorkloadActual   9: 134217728 op, 681204483.00 ns, 5.0754 ns/op
WorkloadActual  10: 134217728 op, 682840068.00 ns, 5.0876 ns/op
WorkloadActual  11: 134217728 op, 681721748.00 ns, 5.0792 ns/op
WorkloadActual  12: 134217728 op, 682135151.00 ns, 5.0823 ns/op
WorkloadActual  13: 134217728 op, 683030313.00 ns, 5.0890 ns/op
WorkloadActual  14: 134217728 op, 682916420.00 ns, 5.0881 ns/op
WorkloadActual  15: 134217728 op, 682683836.00 ns, 5.0864 ns/op

// AfterActualRun
WorkloadResult   1: 134217728 op, 462879217.00 ns, 3.4487 ns/op
WorkloadResult   2: 134217728 op, 462995426.00 ns, 3.4496 ns/op
WorkloadResult   3: 134217728 op, 461540498.00 ns, 3.4387 ns/op
WorkloadResult   4: 134217728 op, 461770872.00 ns, 3.4405 ns/op
WorkloadResult   5: 134217728 op, 461985559.00 ns, 3.4421 ns/op
WorkloadResult   6: 134217728 op, 461737355.00 ns, 3.4402 ns/op
WorkloadResult   7: 134217728 op, 461801165.00 ns, 3.4407 ns/op
WorkloadResult   8: 134217728 op, 462799890.00 ns, 3.4481 ns/op
WorkloadResult   9: 134217728 op, 461290732.00 ns, 3.4369 ns/op
WorkloadResult  10: 134217728 op, 462926317.00 ns, 3.4491 ns/op
WorkloadResult  11: 134217728 op, 461807997.00 ns, 3.4407 ns/op
WorkloadResult  12: 134217728 op, 462221400.00 ns, 3.4438 ns/op
WorkloadResult  13: 134217728 op, 463116562.00 ns, 3.4505 ns/op
WorkloadResult  14: 134217728 op, 463002669.00 ns, 3.4496 ns/op
WorkloadResult  15: 134217728 op, 462770085.00 ns, 3.4479 ns/op
// GC:  0 0 0 0 134217728
// Threading:  0 0 134217728

// AfterAll
// Benchmark Process 5262 has exited with code 0.

Mean = 3.444 ns, StdErr = 0.001 ns (0.04%), N = 15, StdDev = 0.005 ns
Min = 3.437 ns, Q1 = 3.441 ns, Median = 3.444 ns, Q3 = 3.449 ns, Max = 3.450 ns
IQR = 0.008 ns, LowerFence = 3.428 ns, UpperFence = 3.461 ns
ConfidenceInterval = [3.439 ns; 3.450 ns] (CI 99.9%), Margin = 0.005 ns (0.15% of Mean)
Skewness = -0.09, Kurtosis = 1.23, MValue = 2

// ** Remained 49 (90.7 %) benchmark(s) to run. Estimated finish 2026-09-20 7:53 (0h 19m from now) **
// Build Error: Standard output: 
  
 Standard error: 
 /usr/share/dotnet/sdk/10.0.401/Microsoft.Common.CurrentVersion.targets(1891,5): error : Project '/home/runner/work/dotnet-concurrency/dotnet-concurrency/benchmarks/EricksonLopez.Concurrency.Benchmarks/EricksonLopez.Concurrency.Benchmarks.csproj' targets 'net10.0'. It cannot be referenced by a project that targets '.NETCoreApp,Version=v8.0'. [/home/runner/work/dotnet-concurrency/dotnet-concurrency/benchmarks/EricksonLopez.Concurrency.Benchmarks/bin/Release/net10.0/EricksonLopez.Concurrency.Benchmarks-.NET 8.0-2/BenchmarkDotNet.Autogenerated.csproj::TargetFramework=net8.0]
Build FAILED.
/usr/share/dotnet/sdk/10.0.401/Microsoft.Common.CurrentVersion.targets(1891,5): error : Project '/home/runner/work/dotnet-concurrency/dotnet-concurrency/benchmarks/EricksonLopez.Concurrency.Benchmarks/EricksonLopez.Concurrency.Benchmarks.csproj' targets 'net10.0'. It cannot be referenced by a project that targets '.NETCoreApp,Version=v8.0'. [/home/runner/work/dotnet-concurrency/dotnet-concurrency/benchmarks/EricksonLopez.Concurrency.Benchmarks/bin/Release/net10.0/EricksonLopez.Concurrency.Benchmarks-.NET 8.0-2/BenchmarkDotNet.Autogenerated.csproj::TargetFramework=net8.0]
    0 Warning(s)
    1 Error(s)
Time Elapsed 00:00:01.37

// BenchmarkDotNet has failed to build the auto-generated boilerplate code.
// It can be found in /home/runner/work/dotnet-concurrency/dotnet-concurrency/benchmarks/EricksonLopez.Concurrency.Benchmarks/bin/Release/net10.0/EricksonLopez.Concurrency.Benchmarks-.NET 8.0-2
// Please follow the troubleshooting guide: https://benchmarkdotnet.org/articles/guides/troubleshooting.html

// ** Remained 48 (88.9 %) benchmark(s) to run. Estimated finish 2026-09-20 7:49 (0h 16m from now) **
// Build Error: Standard output: 
  
 Standard error: 
 /usr/share/dotnet/sdk/10.0.401/Microsoft.Common.CurrentVersion.targets(1891,5): error : Project '/home/runner/work/dotnet-concurrency/dotnet-concurrency/benchmarks/EricksonLopez.Concurrency.Benchmarks/EricksonLopez.Concurrency.Benchmarks.csproj' targets 'net10.0'. It cannot be referenced by a project that targets '.NETCoreApp,Version=v8.0'. [/home/runner/work/dotnet-concurrency/dotnet-concurrency/benchmarks/EricksonLopez.Concurrency.Benchmarks/bin/Release/net10.0/EricksonLopez.Concurrency.Benchmarks-.NET 8.0-2/BenchmarkDotNet.Autogenerated.csproj::TargetFramework=net8.0]
Build FAILED.
/usr/share/dotnet/sdk/10.0.401/Microsoft.Common.CurrentVersion.targets(1891,5): error : Project '/home/runner/work/dotnet-concurrency/dotnet-concurrency/benchmarks/EricksonLopez.Concurrency.Benchmarks/EricksonLopez.Concurrency.Benchmarks.csproj' targets 'net10.0'. It cannot be referenced by a project that targets '.NETCoreApp,Version=v8.0'. [/home/runner/work/dotnet-concurrency/dotnet-concurrency/benchmarks/EricksonLopez.Concurrency.Benchmarks/bin/Release/net10.0/EricksonLopez.Concurrency.Benchmarks-.NET 8.0-2/BenchmarkDotNet.Autogenerated.csproj::TargetFramework=net8.0]
    0 Warning(s)
    1 Error(s)
Time Elapsed 00:00:01.37

// BenchmarkDotNet has failed to build the auto-generated boilerplate code.
// It can be found in /home/runner/work/dotnet-concurrency/dotnet-concurrency/benchmarks/EricksonLopez.Concurrency.Benchmarks/bin/Release/net10.0/EricksonLopez.Concurrency.Benchmarks-.NET 8.0-2
// Please follow the troubleshooting guide: https://benchmarkdotnet.org/articles/guides/troubleshooting.html

// ** Remained 47 (87.0 %) benchmark(s) to run. Estimated finish 2026-09-20 7:47 (0h 13m from now) **
// Build Error: Standard output: 
  
 Standard error: 
 /usr/share/dotnet/sdk/10.0.401/Microsoft.Common.CurrentVersion.targets(1891,5): error : Project '/home/runner/work/dotnet-concurrency/dotnet-concurrency/benchmarks/EricksonLopez.Concurrency.Benchmarks/EricksonLopez.Concurrency.Benchmarks.csproj' targets 'net10.0'. It cannot be referenced by a project that targets '.NETCoreApp,Version=v8.0'. [/home/runner/work/dotnet-concurrency/dotnet-concurrency/benchmarks/EricksonLopez.Concurrency.Benchmarks/bin/Release/net10.0/EricksonLopez.Concurrency.Benchmarks-.NET 8.0-2/BenchmarkDotNet.Autogenerated.csproj::TargetFramework=net8.0]
Build FAILED.
/usr/share/dotnet/sdk/10.0.401/Microsoft.Common.CurrentVersion.targets(1891,5): error : Project '/home/runner/work/dotnet-concurrency/dotnet-concurrency/benchmarks/EricksonLopez.Concurrency.Benchmarks/EricksonLopez.Concurrency.Benchmarks.csproj' targets 'net10.0'. It cannot be referenced by a project that targets '.NETCoreApp,Version=v8.0'. [/home/runner/work/dotnet-concurrency/dotnet-concurrency/benchmarks/EricksonLopez.Concurrency.Benchmarks/bin/Release/net10.0/EricksonLopez.Concurrency.Benchmarks-.NET 8.0-2/BenchmarkDotNet.Autogenerated.csproj::TargetFramework=net8.0]
    0 Warning(s)
    1 Error(s)
Time Elapsed 00:00:01.37

// BenchmarkDotNet has failed to build the auto-generated boilerplate code.
// It can be found in /home/runner/work/dotnet-concurrency/dotnet-concurrency/benchmarks/EricksonLopez.Concurrency.Benchmarks/bin/Release/net10.0/EricksonLopez.Concurrency.Benchmarks-.NET 8.0-2
// Please follow the troubleshooting guide: https://benchmarkdotnet.org/articles/guides/troubleshooting.html

// ** Remained 46 (85.2 %) benchmark(s) to run. Estimated finish 2026-09-20 7:45 (0h 11m from now) **
// Build Error: Standard output: 
  
 Standard error: 
 /usr/share/dotnet/sdk/10.0.401/Microsoft.Common.CurrentVersion.targets(1891,5): error : Project '/home/runner/work/dotnet-concurrency/dotnet-concurrency/benchmarks/EricksonLopez.Concurrency.Benchmarks/EricksonLopez.Concurrency.Benchmarks.csproj' targets 'net10.0'. It cannot be referenced by a project that targets '.NETCoreApp,Version=v8.0'. [/home/runner/work/dotnet-concurrency/dotnet-concurrency/benchmarks/EricksonLopez.Concurrency.Benchmarks/bin/Release/net10.0/EricksonLopez.Concurrency.Benchmarks-.NET 8.0-2/BenchmarkDotNet.Autogenerated.csproj::TargetFramework=net8.0]
Build FAILED.
/usr/share/dotnet/sdk/10.0.401/Microsoft.Common.CurrentVersion.targets(1891,5): error : Project '/home/runner/work/dotnet-concurrency/dotnet-concurrency/benchmarks/EricksonLopez.Concurrency.Benchmarks/EricksonLopez.Concurrency.Benchmarks.csproj' targets 'net10.0'. It cannot be referenced by a project that targets '.NETCoreApp,Version=v8.0'. [/home/runner/work/dotnet-concurrency/dotnet-concurrency/benchmarks/EricksonLopez.Concurrency.Benchmarks/bin/Release/net10.0/EricksonLopez.Concurrency.Benchmarks-.NET 8.0-2/BenchmarkDotNet.Autogenerated.csproj::TargetFramework=net8.0]
    0 Warning(s)
    1 Error(s)
Time Elapsed 00:00:01.37

// BenchmarkDotNet has failed to build the auto-generated boilerplate code.
// It can be found in /home/runner/work/dotnet-concurrency/dotnet-concurrency/benchmarks/EricksonLopez.Concurrency.Benchmarks/bin/Release/net10.0/EricksonLopez.Concurrency.Benchmarks-.NET 8.0-2
// Please follow the troubleshooting guide: https://benchmarkdotnet.org/articles/guides/troubleshooting.html

// ** Remained 45 (83.3 %) benchmark(s) to run. Estimated finish 2026-09-20 7:43 (0h 10m from now) **
// Build Error: Standard output: 
  
 Standard error: 
 /usr/share/dotnet/sdk/10.0.401/Microsoft.Common.CurrentVersion.targets(1891,5): error : Project '/home/runner/work/dotnet-concurrency/dotnet-concurrency/benchmarks/EricksonLopez.Concurrency.Benchmarks/EricksonLopez.Concurrency.Benchmarks.csproj' targets 'net10.0'. It cannot be referenced by a project that targets '.NETCoreApp,Version=v8.0'. [/home/runner/work/dotnet-concurrency/dotnet-concurrency/benchmarks/EricksonLopez.Concurrency.Benchmarks/bin/Release/net10.0/EricksonLopez.Concurrency.Benchmarks-.NET 8.0-2/BenchmarkDotNet.Autogenerated.csproj::TargetFramework=net8.0]
Build FAILED.
/usr/share/dotnet/sdk/10.0.401/Microsoft.Common.CurrentVersion.targets(1891,5): error : Project '/home/runner/work/dotnet-concurrency/dotnet-concurrency/benchmarks/EricksonLopez.Concurrency.Benchmarks/EricksonLopez.Concurrency.Benchmarks.csproj' targets 'net10.0'. It cannot be referenced by a project that targets '.NETCoreApp,Version=v8.0'. [/home/runner/work/dotnet-concurrency/dotnet-concurrency/benchmarks/EricksonLopez.Concurrency.Benchmarks/bin/Release/net10.0/EricksonLopez.Concurrency.Benchmarks-.NET 8.0-2/BenchmarkDotNet.Autogenerated.csproj::TargetFramework=net8.0]
    0 Warning(s)
    1 Error(s)
Time Elapsed 00:00:01.37

// BenchmarkDotNet has failed to build the auto-generated boilerplate code.
// It can be found in /home/runner/work/dotnet-concurrency/dotnet-concurrency/benchmarks/EricksonLopez.Concurrency.Benchmarks/bin/Release/net10.0/EricksonLopez.Concurrency.Benchmarks-.NET 8.0-2
// Please follow the troubleshooting guide: https://benchmarkdotnet.org/articles/guides/troubleshooting.html

// ** Remained 44 (81.5 %) benchmark(s) to run. Estimated finish 2026-09-20 7:42 (0h 8m from now) **
// Build Error: Standard output: 
  
 Standard error: 
 /usr/share/dotnet/sdk/10.0.401/Microsoft.Common.CurrentVersion.targets(1891,5): error : Project '/home/runner/work/dotnet-concurrency/dotnet-concurrency/benchmarks/EricksonLopez.Concurrency.Benchmarks/EricksonLopez.Concurrency.Benchmarks.csproj' targets 'net10.0'. It cannot be referenced by a project that targets '.NETCoreApp,Version=v9.0'. [/home/runner/work/dotnet-concurrency/dotnet-concurrency/benchmarks/EricksonLopez.Concurrency.Benchmarks/bin/Release/net10.0/EricksonLopez.Concurrency.Benchmarks-.NET 9.0-3/BenchmarkDotNet.Autogenerated.csproj::TargetFramework=net9.0]
Build FAILED.
/usr/share/dotnet/sdk/10.0.401/Microsoft.Common.CurrentVersion.targets(1891,5): error : Project '/home/runner/work/dotnet-concurrency/dotnet-concurrency/benchmarks/EricksonLopez.Concurrency.Benchmarks/EricksonLopez.Concurrency.Benchmarks.csproj' targets 'net10.0'. It cannot be referenced by a project that targets '.NETCoreApp,Version=v9.0'. [/home/runner/work/dotnet-concurrency/dotnet-concurrency/benchmarks/EricksonLopez.Concurrency.Benchmarks/bin/Release/net10.0/EricksonLopez.Concurrency.Benchmarks-.NET 9.0-3/BenchmarkDotNet.Autogenerated.csproj::TargetFramework=net9.0]
    0 Warning(s)
    1 Error(s)
Time Elapsed 00:00:01.35

// BenchmarkDotNet has failed to build the auto-generated boilerplate code.
// It can be found in /home/runner/work/dotnet-concurrency/dotnet-concurrency/benchmarks/EricksonLopez.Concurrency.Benchmarks/bin/Release/net10.0/EricksonLopez.Concurrency.Benchmarks-.NET 9.0-3
// Please follow the troubleshooting guide: https://benchmarkdotnet.org/articles/guides/troubleshooting.html

// ** Remained 43 (79.6 %) benchmark(s) to run. Estimated finish 2026-09-20 7:41 (0h 7m from now) **
// Build Error: Standard output: 
  
 Standard error: 
 /usr/share/dotnet/sdk/10.0.401/Microsoft.Common.CurrentVersion.targets(1891,5): error : Project '/home/runner/work/dotnet-concurrency/dotnet-concurrency/benchmarks/EricksonLopez.Concurrency.Benchmarks/EricksonLopez.Concurrency.Benchmarks.csproj' targets 'net10.0'. It cannot be referenced by a project that targets '.NETCoreApp,Version=v9.0'. [/home/runner/work/dotnet-concurrency/dotnet-concurrency/benchmarks/EricksonLopez.Concurrency.Benchmarks/bin/Release/net10.0/EricksonLopez.Concurrency.Benchmarks-.NET 9.0-3/BenchmarkDotNet.Autogenerated.csproj::TargetFramework=net9.0]
Build FAILED.
/usr/share/dotnet/sdk/10.0.401/Microsoft.Common.CurrentVersion.targets(1891,5): error : Project '/home/runner/work/dotnet-concurrency/dotnet-concurrency/benchmarks/EricksonLopez.Concurrency.Benchmarks/EricksonLopez.Concurrency.Benchmarks.csproj' targets 'net10.0'. It cannot be referenced by a project that targets '.NETCoreApp,Version=v9.0'. [/home/runner/work/dotnet-concurrency/dotnet-concurrency/benchmarks/EricksonLopez.Concurrency.Benchmarks/bin/Release/net10.0/EricksonLopez.Concurrency.Benchmarks-.NET 9.0-3/BenchmarkDotNet.Autogenerated.csproj::TargetFramework=net9.0]
    0 Warning(s)
    1 Error(s)
Time Elapsed 00:00:01.35

// BenchmarkDotNet has failed to build the auto-generated boilerplate code.
// It can be found in /home/runner/work/dotnet-concurrency/dotnet-concurrency/benchmarks/EricksonLopez.Concurrency.Benchmarks/bin/Release/net10.0/EricksonLopez.Concurrency.Benchmarks-.NET 9.0-3
// Please follow the troubleshooting guide: https://benchmarkdotnet.org/articles/guides/troubleshooting.html

// ** Remained 42 (77.8 %) benchmark(s) to run. Estimated finish 2026-09-20 7:40 (0h 7m from now) **
// Build Error: Standard output: 
  
 Standard error: 
 /usr/share/dotnet/sdk/10.0.401/Microsoft.Common.CurrentVersion.targets(1891,5): error : Project '/home/runner/work/dotnet-concurrency/dotnet-concurrency/benchmarks/EricksonLopez.Concurrency.Benchmarks/EricksonLopez.Concurrency.Benchmarks.csproj' targets 'net10.0'. It cannot be referenced by a project that targets '.NETCoreApp,Version=v9.0'. [/home/runner/work/dotnet-concurrency/dotnet-concurrency/benchmarks/EricksonLopez.Concurrency.Benchmarks/bin/Release/net10.0/EricksonLopez.Concurrency.Benchmarks-.NET 9.0-3/BenchmarkDotNet.Autogenerated.csproj::TargetFramework=net9.0]
Build FAILED.
/usr/share/dotnet/sdk/10.0.401/Microsoft.Common.CurrentVersion.targets(1891,5): error : Project '/home/runner/work/dotnet-concurrency/dotnet-concurrency/benchmarks/EricksonLopez.Concurrency.Benchmarks/EricksonLopez.Concurrency.Benchmarks.csproj' targets 'net10.0'. It cannot be referenced by a project that targets '.NETCoreApp,Version=v9.0'. [/home/runner/work/dotnet-concurrency/dotnet-concurrency/benchmarks/EricksonLopez.Concurrency.Benchmarks/bin/Release/net10.0/EricksonLopez.Concurrency.Benchmarks-.NET 9.0-3/BenchmarkDotNet.Autogenerated.csproj::TargetFramework=net9.0]
    0 Warning(s)
    1 Error(s)
Time Elapsed 00:00:01.35

// BenchmarkDotNet has failed to build the auto-generated boilerplate code.
// It can be found in /home/runner/work/dotnet-concurrency/dotnet-concurrency/benchmarks/EricksonLopez.Concurrency.Benchmarks/bin/Release/net10.0/EricksonLopez.Concurrency.Benchmarks-.NET 9.0-3
// Please follow the troubleshooting guide: https://benchmarkdotnet.org/articles/guides/troubleshooting.html

// ** Remained 41 (75.9 %) benchmark(s) to run. Estimated finish 2026-09-20 7:40 (0h 6m from now) **
// Build Error: Standard output: 
  
 Standard error: 
 /usr/share/dotnet/sdk/10.0.401/Microsoft.Common.CurrentVersion.targets(1891,5): error : Project '/home/runner/work/dotnet-concurrency/dotnet-concurrency/benchmarks/EricksonLopez.Concurrency.Benchmarks/EricksonLopez.Concurrency.Benchmarks.csproj' targets 'net10.0'. It cannot be referenced by a project that targets '.NETCoreApp,Version=v9.0'. [/home/runner/work/dotnet-concurrency/dotnet-concurrency/benchmarks/EricksonLopez.Concurrency.Benchmarks/bin/Release/net10.0/EricksonLopez.Concurrency.Benchmarks-.NET 9.0-3/BenchmarkDotNet.Autogenerated.csproj::TargetFramework=net9.0]
Build FAILED.
/usr/share/dotnet/sdk/10.0.401/Microsoft.Common.CurrentVersion.targets(1891,5): error : Project '/home/runner/work/dotnet-concurrency/dotnet-concurrency/benchmarks/EricksonLopez.Concurrency.Benchmarks/EricksonLopez.Concurrency.Benchmarks.csproj' targets 'net10.0'. It cannot be referenced by a project that targets '.NETCoreApp,Version=v9.0'. [/home/runner/work/dotnet-concurrency/dotnet-concurrency/benchmarks/EricksonLopez.Concurrency.Benchmarks/bin/Release/net10.0/EricksonLopez.Concurrency.Benchmarks-.NET 9.0-3/BenchmarkDotNet.Autogenerated.csproj::TargetFramework=net9.0]
    0 Warning(s)
    1 Error(s)
Time Elapsed 00:00:01.35

// BenchmarkDotNet has failed to build the auto-generated boilerplate code.
// It can be found in /home/runner/work/dotnet-concurrency/dotnet-concurrency/benchmarks/EricksonLopez.Concurrency.Benchmarks/bin/Release/net10.0/EricksonLopez.Concurrency.Benchmarks-.NET 9.0-3
// Please follow the troubleshooting guide: https://benchmarkdotnet.org/articles/guides/troubleshooting.html

// ** Remained 40 (74.1 %) benchmark(s) to run. Estimated finish 2026-09-20 7:39 (0h 5m from now) **
// Build Error: Standard output: 
  
 Standard error: 
 /usr/share/dotnet/sdk/10.0.401/Microsoft.Common.CurrentVersion.targets(1891,5): error : Project '/home/runner/work/dotnet-concurrency/dotnet-concurrency/benchmarks/EricksonLopez.Concurrency.Benchmarks/EricksonLopez.Concurrency.Benchmarks.csproj' targets 'net10.0'. It cannot be referenced by a project that targets '.NETCoreApp,Version=v9.0'. [/home/runner/work/dotnet-concurrency/dotnet-concurrency/benchmarks/EricksonLopez.Concurrency.Benchmarks/bin/Release/net10.0/EricksonLopez.Concurrency.Benchmarks-.NET 9.0-3/BenchmarkDotNet.Autogenerated.csproj::TargetFramework=net9.0]
Build FAILED.
/usr/share/dotnet/sdk/10.0.401/Microsoft.Common.CurrentVersion.targets(1891,5): error : Project '/home/runner/work/dotnet-concurrency/dotnet-concurrency/benchmarks/EricksonLopez.Concurrency.Benchmarks/EricksonLopez.Concurrency.Benchmarks.csproj' targets 'net10.0'. It cannot be referenced by a project that targets '.NETCoreApp,Version=v9.0'. [/home/runner/work/dotnet-concurrency/dotnet-concurrency/benchmarks/EricksonLopez.Concurrency.Benchmarks/bin/Release/net10.0/EricksonLopez.Concurrency.Benchmarks-.NET 9.0-3/BenchmarkDotNet.Autogenerated.csproj::TargetFramework=net9.0]
    0 Warning(s)
    1 Error(s)
Time Elapsed 00:00:01.35

// BenchmarkDotNet has failed to build the auto-generated boilerplate code.
// It can be found in /home/runner/work/dotnet-concurrency/dotnet-concurrency/benchmarks/EricksonLopez.Concurrency.Benchmarks/bin/Release/net10.0/EricksonLopez.Concurrency.Benchmarks-.NET 9.0-3
// Please follow the troubleshooting guide: https://benchmarkdotnet.org/articles/guides/troubleshooting.html

// ** Remained 39 (72.2 %) benchmark(s) to run. Estimated finish 2026-09-20 7:39 (0h 5m from now) **
// ***** BenchmarkRunner: Finish  *****

// * Export *
  benchmarks/results/results/EricksonLopez.Concurrency.Benchmarks.ConcurrencyBenchmarks-report.csv
  benchmarks/results/results/EricksonLopez.Concurrency.Benchmarks.ConcurrencyBenchmarks-report-github.md
  benchmarks/results/results/EricksonLopez.Concurrency.Benchmarks.ConcurrencyBenchmarks-report.html
  benchmarks/results/results/EricksonLopez.Concurrency.Benchmarks.ConcurrencyBenchmarks-report-full-compressed.json
  benchmarks/results/results/EricksonLopez.Concurrency.Benchmarks.ConcurrencyBenchmarks-report-default.md

// * Detailed results *
ConcurrencyBenchmarks.DirectVersionComparison: .NET 10.0(Runtime=.NET 10.0, Toolchain=net10.0)
Runtime = .NET 10.0.12 (10.0.12, 10.0.1226.42308), X64 RyuJIT x86-64-v3; GC = Concurrent Workstation
Mean = 0.135 ns, StdErr = 0.001 ns (0.62%), N = 15, StdDev = 0.003 ns
Min = 0.130 ns, Q1 = 0.133 ns, Median = 0.136 ns, Q3 = 0.137 ns, Max = 0.140 ns
IQR = 0.005 ns, LowerFence = 0.126 ns, UpperFence = 0.144 ns
ConfidenceInterval = [0.132 ns; 0.139 ns] (CI 99.9%), Margin = 0.003 ns (2.58% of Mean)
Skewness = -0.16, Kurtosis = 1.63, MValue = 2
-------------------- Histogram --------------------
[0.129 ns ; 0.133 ns) | @@@@
[0.133 ns ; 0.137 ns) | @@@@@@@
[0.137 ns ; 0.141 ns) | @@@@
---------------------------------------------------

ConcurrencyBenchmarks.CheckerCheckVersion: .NET 10.0(Runtime=.NET 10.0, Toolchain=net10.0)
Runtime = .NET 10.0.12 (10.0.12, 10.0.1226.42308), X64 RyuJIT x86-64-v3; GC = Concurrent Workstation
Mean = 0.534 ns, StdErr = 0.002 ns (0.34%), N = 12, StdDev = 0.006 ns
Min = 0.523 ns, Q1 = 0.530 ns, Median = 0.536 ns, Q3 = 0.538 ns, Max = 0.542 ns
IQR = 0.008 ns, LowerFence = 0.518 ns, UpperFence = 0.550 ns
ConfidenceInterval = [0.526 ns; 0.542 ns] (CI 99.9%), Margin = 0.008 ns (1.50% of Mean)
Skewness = -0.44, Kurtosis = 1.64, MValue = 2
-------------------- Histogram --------------------
[0.522 ns ; 0.544 ns) | @@@@@@@@@@@@
---------------------------------------------------

ConcurrencyBenchmarks.CheckerCheckToken: .NET 10.0(Runtime=.NET 10.0, Toolchain=net10.0)
Runtime = .NET 10.0.12 (10.0.12, 10.0.1226.42308), X64 RyuJIT x86-64-v3; GC = Concurrent Workstation
Mean = 22.865 ns, StdErr = 0.033 ns (0.14%), N = 15, StdDev = 0.126 ns
Min = 22.611 ns, Q1 = 22.794 ns, Median = 22.874 ns, Q3 = 22.933 ns, Max = 23.056 ns
IQR = 0.140 ns, LowerFence = 22.584 ns, UpperFence = 23.143 ns
ConfidenceInterval = [22.730 ns; 23.000 ns] (CI 99.9%), Margin = 0.135 ns (0.59% of Mean)
Skewness = -0.29, Kurtosis = 2.15, MValue = 2
-------------------- Histogram --------------------
[22.544 ns ; 23.123 ns) | @@@@@@@@@@@@@@@
---------------------------------------------------

ConcurrencyBenchmarks.ControllerExecuteCasAsync: .NET 10.0(Runtime=.NET 10.0, Toolchain=net10.0)
Runtime = .NET 10.0.12 (10.0.12, 10.0.1226.42308), X64 RyuJIT x86-64-v3; GC = Concurrent Workstation
Mean = 182.184 ns, StdErr = 0.022 ns (0.01%), N = 13, StdDev = 0.080 ns
Min = 181.999 ns, Q1 = 182.152 ns, Median = 182.195 ns, Q3 = 182.244 ns, Max = 182.303 ns
IQR = 0.092 ns, LowerFence = 182.014 ns, UpperFence = 182.381 ns
ConfidenceInterval = [182.088 ns; 182.280 ns] (CI 99.9%), Margin = 0.096 ns (0.05% of Mean)
Skewness = -0.64, Kurtosis = 2.79, MValue = 2
-------------------- Histogram --------------------
[181.954 ns ; 182.348 ns) | @@@@@@@@@@@@@
---------------------------------------------------

ConcurrencyBenchmarks.ResultConversion: .NET 10.0(Runtime=.NET 10.0, Toolchain=net10.0)
Runtime = .NET 10.0.12 (10.0.12, 10.0.1226.42308), X64 RyuJIT x86-64-v3; GC = Concurrent Workstation
Mean = 3.444 ns, StdErr = 0.001 ns (0.04%), N = 15, StdDev = 0.005 ns
Min = 3.437 ns, Q1 = 3.441 ns, Median = 3.444 ns, Q3 = 3.449 ns, Max = 3.450 ns
IQR = 0.008 ns, LowerFence = 3.428 ns, UpperFence = 3.461 ns
ConfidenceInterval = [3.439 ns; 3.450 ns] (CI 99.9%), Margin = 0.005 ns (0.15% of Mean)
Skewness = -0.09, Kurtosis = 1.23, MValue = 2
-------------------- Histogram --------------------
[3.434 ns ; 3.453 ns) | @@@@@@@@@@@@@@@
---------------------------------------------------

ConcurrencyBenchmarks.DirectVersionComparison: .NET 8.0(Runtime=.NET 8.0, Toolchain=net8.0)
Runtime = ; GC = 
There are not any results runs

ConcurrencyBenchmarks.CheckerCheckVersion: .NET 8.0(Runtime=.NET 8.0, Toolchain=net8.0)
Runtime = ; GC = 
There are not any results runs

ConcurrencyBenchmarks.CheckerCheckToken: .NET 8.0(Runtime=.NET 8.0, Toolchain=net8.0)
Runtime = ; GC = 
There are not any results runs

ConcurrencyBenchmarks.ControllerExecuteCasAsync: .NET 8.0(Runtime=.NET 8.0, Toolchain=net8.0)
Runtime = ; GC = 
There are not any results runs

ConcurrencyBenchmarks.ResultConversion: .NET 8.0(Runtime=.NET 8.0, Toolchain=net8.0)
Runtime = ; GC = 
There are not any results runs

ConcurrencyBenchmarks.DirectVersionComparison: .NET 9.0(Runtime=.NET 9.0, Toolchain=net9.0)
Runtime = ; GC = 
There are not any results runs

ConcurrencyBenchmarks.CheckerCheckVersion: .NET 9.0(Runtime=.NET 9.0, Toolchain=net9.0)
Runtime = ; GC = 
There are not any results runs

ConcurrencyBenchmarks.CheckerCheckToken: .NET 9.0(Runtime=.NET 9.0, Toolchain=net9.0)
Runtime = ; GC = 
There are not any results runs

ConcurrencyBenchmarks.ControllerExecuteCasAsync: .NET 9.0(Runtime=.NET 9.0, Toolchain=net9.0)
Runtime = ; GC = 
There are not any results runs

ConcurrencyBenchmarks.ResultConversion: .NET 9.0(Runtime=.NET 9.0, Toolchain=net9.0)
Runtime = ; GC = 
There are not any results runs

// * Summary *

BenchmarkDotNet v0.15.8, Linux Ubuntu 24.04.5 LTS (Noble Numbat)
AMD EPYC 7763 3.15GHz, 1 CPU, 4 logical and 2 physical cores
.NET SDK 10.0.401
  [Host]    : .NET 10.0.12 (10.0.12, 10.0.1226.42308), X64 RyuJIT x86-64-v3
  .NET 10.0 : .NET 10.0.12 (10.0.12, 10.0.1226.42308), X64 RyuJIT x86-64-v3


| Method                    | Job       | Runtime   | Mean        | Error     | StdDev    | Ratio | RatioSD | Gen0   | Allocated | Alloc Ratio |
|-------------------------- |---------- |---------- |------------:|----------:|----------:|------:|--------:|-------:|----------:|------------:|
| DirectVersionComparison   | .NET 10.0 | .NET 10.0 |   0.1350 ns | 0.0035 ns | 0.0033 ns |     ? |       ? |      - |         - |           ? |
| CheckerCheckVersion       | .NET 10.0 | .NET 10.0 |   0.5336 ns | 0.0080 ns | 0.0063 ns |     ? |       ? |      - |         - |           ? |
| CheckerCheckToken         | .NET 10.0 | .NET 10.0 |  22.8653 ns | 0.1349 ns | 0.1262 ns |     ? |       ? | 0.0038 |      64 B |           ? |
| ControllerExecuteCasAsync | .NET 10.0 | .NET 10.0 | 182.1842 ns | 0.0962 ns | 0.0803 ns |     ? |       ? |      - |         - |           ? |
| ResultConversion          | .NET 10.0 | .NET 10.0 |   3.4445 ns | 0.0051 ns | 0.0047 ns |     ? |       ? |      - |         - |           ? |
| DirectVersionComparison   | .NET 8.0  | .NET 8.0  |          NA |        NA |        NA |     ? |       ? |     NA |        NA |           ? |
| CheckerCheckVersion       | .NET 8.0  | .NET 8.0  |          NA |        NA |        NA |     ? |       ? |     NA |        NA |           ? |
| CheckerCheckToken         | .NET 8.0  | .NET 8.0  |          NA |        NA |        NA |     ? |       ? |     NA |        NA |           ? |
| ControllerExecuteCasAsync | .NET 8.0  | .NET 8.0  |          NA |        NA |        NA |     ? |       ? |     NA |        NA |           ? |
| ResultConversion          | .NET 8.0  | .NET 8.0  |          NA |        NA |        NA |     ? |       ? |     NA |        NA |           ? |
| DirectVersionComparison   | .NET 9.0  | .NET 9.0  |          NA |        NA |        NA |     ? |       ? |     NA |        NA |           ? |
| CheckerCheckVersion       | .NET 9.0  | .NET 9.0  |          NA |        NA |        NA |     ? |       ? |     NA |        NA |           ? |
| CheckerCheckToken         | .NET 9.0  | .NET 9.0  |          NA |        NA |        NA |     ? |       ? |     NA |        NA |           ? |
| ControllerExecuteCasAsync | .NET 9.0  | .NET 9.0  |          NA |        NA |        NA |     ? |       ? |     NA |        NA |           ? |
| ResultConversion          | .NET 9.0  | .NET 9.0  |          NA |        NA |        NA |     ? |       ? |     NA |        NA |           ? |

Benchmarks with issues:
  ConcurrencyBenchmarks.DirectVersionComparison: .NET 8.0(Runtime=.NET 8.0, Toolchain=net8.0)
  ConcurrencyBenchmarks.CheckerCheckVersion: .NET 8.0(Runtime=.NET 8.0, Toolchain=net8.0)
  ConcurrencyBenchmarks.CheckerCheckToken: .NET 8.0(Runtime=.NET 8.0, Toolchain=net8.0)
  ConcurrencyBenchmarks.ControllerExecuteCasAsync: .NET 8.0(Runtime=.NET 8.0, Toolchain=net8.0)
  ConcurrencyBenchmarks.ResultConversion: .NET 8.0(Runtime=.NET 8.0, Toolchain=net8.0)
  ConcurrencyBenchmarks.DirectVersionComparison: .NET 9.0(Runtime=.NET 9.0, Toolchain=net9.0)
  ConcurrencyBenchmarks.CheckerCheckVersion: .NET 9.0(Runtime=.NET 9.0, Toolchain=net9.0)
  ConcurrencyBenchmarks.CheckerCheckToken: .NET 9.0(Runtime=.NET 9.0, Toolchain=net9.0)
  ConcurrencyBenchmarks.ControllerExecuteCasAsync: .NET 9.0(Runtime=.NET 9.0, Toolchain=net9.0)
  ConcurrencyBenchmarks.ResultConversion: .NET 9.0(Runtime=.NET 9.0, Toolchain=net9.0)

// * Warnings *
BaselineCustomAnalyzer
  Summary -> A question mark '?' symbol indicates that it was not possible to compute the (Ratio, RatioSD, Alloc Ratio) column(s) because the baseline or benchmark could not be found, or the baseline value is too close to zero.

// * Hints *
Outliers
  ConcurrencyBenchmarks.CheckerCheckVersion: .NET 10.0       -> 3 outliers were removed (2.42 ns..2.42 ns)
  ConcurrencyBenchmarks.ControllerExecuteCasAsync: .NET 10.0 -> 2 outliers were removed (185.23 ns, 186.72 ns)

// * Legends *
  Mean        : Arithmetic mean of all measurements
  Error       : Half of 99.9% confidence interval
  StdDev      : Standard deviation of all measurements
  Ratio       : Mean of the ratio distribution ([Current]/[Baseline])
  RatioSD     : Standard deviation of the ratio distribution ([Current]/[Baseline])
  Gen0        : GC Generation 0 collects per 1000 operations
  Allocated   : Allocated memory per single operation (managed only, inclusive, 1KB = 1024B)
  Alloc Ratio : Allocated memory ratio distribution ([Current]/[Baseline])
  1 ns        : 1 Nanosecond (0.000000001 sec)

// * Diagnostic Output - MemoryDiagnoser *


// ***** BenchmarkRunner: End *****
Run time: 00:02:00 (120.07 sec), executed benchmarks: 5

// Found 6 benchmarks:
//   ConflictResolutionBenchmarks.ResolveTransientConflictWithMerge: .NET 10.0(Runtime=.NET 10.0, Toolchain=net10.0)
//   ConflictResolutionBenchmarks.RejectFatalConflictImmediately: .NET 10.0(Runtime=.NET 10.0, Toolchain=net10.0)
//   ConflictResolutionBenchmarks.ResolveTransientConflictWithMerge: .NET 8.0(Runtime=.NET 8.0, Toolchain=net8.0)
//   ConflictResolutionBenchmarks.RejectFatalConflictImmediately: .NET 8.0(Runtime=.NET 8.0, Toolchain=net8.0)
//   ConflictResolutionBenchmarks.ResolveTransientConflictWithMerge: .NET 9.0(Runtime=.NET 9.0, Toolchain=net9.0)
//   ConflictResolutionBenchmarks.RejectFatalConflictImmediately: .NET 9.0(Runtime=.NET 9.0, Toolchain=net9.0)

// **************************
// Benchmark: ConflictResolutionBenchmarks.ResolveTransientConflictWithMerge: .NET 10.0(Runtime=.NET 10.0, Toolchain=net10.0)
// *** Execute ***
// Launch: 1 / 1
// Execute: dotnet "EricksonLopez.Concurrency.Benchmarks-.NET 10.0-1.dll" --anonymousPipes 121 124 --benchmarkName EricksonLopez.Concurrency.Benchmarks.ConflictResolutionBenchmarks.ResolveTransientConflictWithMerge --job ".NET 10.0" --benchmarkId 5 in /home/runner/work/dotnet-concurrency/dotnet-concurrency/benchmarks/EricksonLopez.Concurrency.Benchmarks/bin/Release/net10.0/EricksonLopez.Concurrency.Benchmarks-.NET 10.0-1/bin/Release/net10.0
// Failed to set up high priority (Permission denied). In order to run benchmarks with high priority, make sure you have the right permissions.
// BeforeAnythingElse

// Benchmark Process Environment Information:
// BenchmarkDotNet v0.15.8
// Runtime=.NET 10.0.12 (10.0.12, 10.0.1226.42308), X64 RyuJIT x86-64-v3
// GC=Concurrent Workstation
// HardwareIntrinsics=AVX2+BMI1+BMI2+F16C+FMA+LZCNT+MOVBE,AVX,SSE3+SSSE3+SSE4.1+SSE4.2+POPCNT,X86Base+SSE+SSE2,AES+PCLMUL VectorSize=256
// Job: .NET 10.0

OverheadJitting  1: 1 op, 317704.00 ns, 317.7040 us/op
WorkloadJitting  1: 1 op, 9967859.00 ns, 9.9679 ms/op

OverheadJitting  2: 16 op, 249005.00 ns, 15.5628 us/op
WorkloadJitting  2: 16 op, 332010.00 ns, 20.7506 us/op

WorkloadPilot    1: 16 op, 57006.00 ns, 3.5629 us/op
WorkloadPilot    2: 32 op, 51646.00 ns, 1.6139 us/op
WorkloadPilot    3: 64 op, 82624.00 ns, 1.2910 us/op
WorkloadPilot    4: 128 op, 174947.00 ns, 1.3668 us/op
WorkloadPilot    5: 256 op, 316942.00 ns, 1.2381 us/op
WorkloadPilot    6: 512 op, 559586.00 ns, 1.0929 us/op
WorkloadPilot    7: 1024 op, 1015266.00 ns, 991.4707 ns/op
WorkloadPilot    8: 2048 op, 1783592.00 ns, 870.8945 ns/op
WorkloadPilot    9: 4096 op, 3687177.00 ns, 900.1897 ns/op
WorkloadPilot   10: 8192 op, 7357773.00 ns, 898.1656 ns/op
WorkloadPilot   11: 16384 op, 14504812.00 ns, 885.3035 ns/op
WorkloadPilot   12: 32768 op, 29072243.00 ns, 887.2144 ns/op
WorkloadPilot   13: 65536 op, 58007059.00 ns, 885.1175 ns/op
WorkloadPilot   14: 131072 op, 103979137.00 ns, 793.2979 ns/op
WorkloadPilot   15: 262144 op, 33802878.00 ns, 128.9477 ns/op
WorkloadPilot   16: 524288 op, 63567584.00 ns, 121.2455 ns/op
WorkloadPilot   17: 1048576 op, 126720223.00 ns, 120.8498 ns/op
WorkloadPilot   18: 2097152 op, 253618800.00 ns, 120.9349 ns/op
WorkloadPilot   19: 4194304 op, 491083949.00 ns, 117.0835 ns/op
WorkloadPilot   20: 8388608 op, 971406647.00 ns, 115.8007 ns/op

OverheadWarmup   1: 8388608 op, 21640831.00 ns, 2.5798 ns/op
OverheadWarmup   2: 8388608 op, 21589426.00 ns, 2.5737 ns/op
OverheadWarmup   3: 8388608 op, 21748042.00 ns, 2.5926 ns/op
OverheadWarmup   4: 8388608 op, 21535284.00 ns, 2.5672 ns/op
OverheadWarmup   5: 8388608 op, 21533070.00 ns, 2.5669 ns/op
OverheadWarmup   6: 8388608 op, 21572805.00 ns, 2.5717 ns/op
OverheadWarmup   7: 8388608 op, 21596359.00 ns, 2.5745 ns/op
OverheadWarmup   8: 8388608 op, 21661500.00 ns, 2.5823 ns/op
OverheadWarmup   9: 8388608 op, 23045145.00 ns, 2.7472 ns/op
OverheadWarmup  10: 8388608 op, 13879645.00 ns, 1.6546 ns/op

OverheadActual   1: 8388608 op, 13735656.00 ns, 1.6374 ns/op
OverheadActual   2: 8388608 op, 13717712.00 ns, 1.6353 ns/op
OverheadActual   3: 8388608 op, 13752638.00 ns, 1.6394 ns/op
OverheadActual   4: 8388608 op, 13752327.00 ns, 1.6394 ns/op
OverheadActual   5: 8388608 op, 13715499.00 ns, 1.6350 ns/op
OverheadActual   6: 8388608 op, 13756455.00 ns, 1.6399 ns/op
OverheadActual   7: 8388608 op, 13765212.00 ns, 1.6409 ns/op
OverheadActual   8: 8388608 op, 13791931.00 ns, 1.6441 ns/op
OverheadActual   9: 8388608 op, 13742689.00 ns, 1.6383 ns/op
OverheadActual  10: 8388608 op, 13727681.00 ns, 1.6365 ns/op
OverheadActual  11: 8388608 op, 13725547.00 ns, 1.6362 ns/op
OverheadActual  12: 8388608 op, 13781863.00 ns, 1.6429 ns/op
OverheadActual  13: 8388608 op, 18781401.00 ns, 2.2389 ns/op
OverheadActual  14: 8388608 op, 13849700.00 ns, 1.6510 ns/op
OverheadActual  15: 8388608 op, 13880626.00 ns, 1.6547 ns/op

WorkloadWarmup   1: 8388608 op, 975749139.00 ns, 116.3184 ns/op
WorkloadWarmup   2: 8388608 op, 973280969.00 ns, 116.0241 ns/op
WorkloadWarmup   3: 8388608 op, 970050153.00 ns, 115.6390 ns/op
WorkloadWarmup   4: 8388608 op, 958546276.00 ns, 114.2676 ns/op
WorkloadWarmup   5: 8388608 op, 970124911.00 ns, 115.6479 ns/op
WorkloadWarmup   6: 8388608 op, 997344860.00 ns, 118.8928 ns/op
WorkloadWarmup   7: 8388608 op, 1003864697.00 ns, 119.6700 ns/op
WorkloadWarmup   8: 8388608 op, 960469869.00 ns, 114.4969 ns/op
WorkloadWarmup   9: 8388608 op, 960769610.00 ns, 114.5327 ns/op
WorkloadWarmup  10: 8388608 op, 989344347.00 ns, 117.9390 ns/op
WorkloadWarmup  11: 8388608 op, 993874319.00 ns, 118.4791 ns/op
WorkloadWarmup  12: 8388608 op, 985512230.00 ns, 117.4822 ns/op

// BeforeActualRun
WorkloadActual   1: 8388608 op, 1005736606.00 ns, 119.8931 ns/op
WorkloadActual   2: 8388608 op, 985899433.00 ns, 117.5284 ns/op
WorkloadActual   3: 8388608 op, 972910203.00 ns, 115.9799 ns/op
WorkloadActual   4: 8388608 op, 964909320.00 ns, 115.0262 ns/op
WorkloadActual   5: 8388608 op, 979644051.00 ns, 116.7827 ns/op
WorkloadActual   6: 8388608 op, 988042746.00 ns, 117.7839 ns/op
WorkloadActual   7: 8388608 op, 1009955623.00 ns, 120.3961 ns/op
WorkloadActual   8: 8388608 op, 985447820.00 ns, 117.4745 ns/op
WorkloadActual   9: 8388608 op, 984232762.00 ns, 117.3297 ns/op
WorkloadActual  10: 8388608 op, 978190462.00 ns, 116.6094 ns/op
WorkloadActual  11: 8388608 op, 979085454.00 ns, 116.7161 ns/op
WorkloadActual  12: 8388608 op, 983129647.00 ns, 117.1982 ns/op
WorkloadActual  13: 8388608 op, 981387523.00 ns, 116.9905 ns/op
WorkloadActual  14: 8388608 op, 981533145.00 ns, 117.0079 ns/op
WorkloadActual  15: 8388608 op, 975513242.00 ns, 116.2902 ns/op

// AfterActualRun
WorkloadResult   1: 8388608 op, 972146795.00 ns, 115.8889 ns/op
WorkloadResult   2: 8388608 op, 959157565.00 ns, 114.3405 ns/op
WorkloadResult   3: 8388608 op, 951156682.00 ns, 113.3867 ns/op
WorkloadResult   4: 8388608 op, 965891413.00 ns, 115.1432 ns/op
WorkloadResult   5: 8388608 op, 974290108.00 ns, 116.1444 ns/op
WorkloadResult   6: 8388608 op, 971695182.00 ns, 115.8351 ns/op
WorkloadResult   7: 8388608 op, 970480124.00 ns, 115.6902 ns/op
WorkloadResult   8: 8388608 op, 964437824.00 ns, 114.9699 ns/op
WorkloadResult   9: 8388608 op, 965332816.00 ns, 115.0766 ns/op
WorkloadResult  10: 8388608 op, 969377009.00 ns, 115.5587 ns/op
WorkloadResult  11: 8388608 op, 967634885.00 ns, 115.3511 ns/op
WorkloadResult  12: 8388608 op, 967780507.00 ns, 115.3684 ns/op
WorkloadResult  13: 8388608 op, 961760604.00 ns, 114.6508 ns/op
// GC:  112 0 0 1879132296 8388608
// Threading:  0 0 8388608

// AfterAll
// Benchmark Process 5284 has exited with code 0.

Mean = 115.185 ns, StdErr = 0.205 ns (0.18%), N = 13, StdDev = 0.741 ns
Min = 113.387 ns, Q1 = 114.970 ns, Median = 115.351 ns, Q3 = 115.690 ns, Max = 116.144 ns
IQR = 0.720 ns, LowerFence = 113.890 ns, UpperFence = 116.771 ns
ConfidenceInterval = [114.298 ns; 116.072 ns] (CI 99.9%), Margin = 0.887 ns (0.77% of Mean)
Skewness = -0.92, Kurtosis = 3.17, MValue = 2

// ** Remained 38 (70.4 %) benchmark(s) to run. Estimated finish 2026-09-20 7:40 (0h 5m from now) **
// **************************
// Benchmark: ConflictResolutionBenchmarks.RejectFatalConflictImmediately: .NET 10.0(Runtime=.NET 10.0, Toolchain=net10.0)
// *** Execute ***
// Launch: 1 / 1
// Execute: dotnet "EricksonLopez.Concurrency.Benchmarks-.NET 10.0-1.dll" --anonymousPipes 121 124 --benchmarkName EricksonLopez.Concurrency.Benchmarks.ConflictResolutionBenchmarks.RejectFatalConflictImmediately --job ".NET 10.0" --benchmarkId 6 in /home/runner/work/dotnet-concurrency/dotnet-concurrency/benchmarks/EricksonLopez.Concurrency.Benchmarks/bin/Release/net10.0/EricksonLopez.Concurrency.Benchmarks-.NET 10.0-1/bin/Release/net10.0
// Failed to set up high priority (Permission denied). In order to run benchmarks with high priority, make sure you have the right permissions.
// BeforeAnythingElse

// Benchmark Process Environment Information:
// BenchmarkDotNet v0.15.8
// Runtime=.NET 10.0.12 (10.0.12, 10.0.1226.42308), X64 RyuJIT x86-64-v3
// GC=Concurrent Workstation
// HardwareIntrinsics=AVX2+BMI1+BMI2+F16C+FMA+LZCNT+MOVBE,AVX,SSE3+SSSE3+SSE4.1+SSE4.2+POPCNT,X86Base+SSE+SSE2,AES+PCLMUL VectorSize=256
// Job: .NET 10.0

OverheadJitting  1: 1 op, 223718.00 ns, 223.7180 us/op
WorkloadJitting  1: 1 op, 6243060.00 ns, 6.2431 ms/op

OverheadJitting  2: 16 op, 212567.00 ns, 13.2854 us/op
WorkloadJitting  2: 16 op, 301523.00 ns, 18.8452 us/op

WorkloadPilot    1: 16 op, 34845.00 ns, 2.1778 us/op
WorkloadPilot    2: 32 op, 43892.00 ns, 1.3716 us/op
WorkloadPilot    3: 64 op, 67686.00 ns, 1.0576 us/op
WorkloadPilot    4: 128 op, 121577.00 ns, 949.8203 ns/op
WorkloadPilot    5: 256 op, 275084.00 ns, 1.0745 us/op
WorkloadPilot    6: 512 op, 413703.00 ns, 808.0137 ns/op
WorkloadPilot    7: 1024 op, 862340.00 ns, 842.1289 ns/op
WorkloadPilot    8: 2048 op, 1527543.00 ns, 745.8706 ns/op
WorkloadPilot    9: 4096 op, 3161905.00 ns, 771.9495 ns/op
WorkloadPilot   10: 8192 op, 6468391.00 ns, 789.5985 ns/op
WorkloadPilot   11: 16384 op, 12743961.00 ns, 777.8297 ns/op
WorkloadPilot   12: 32768 op, 25169357.00 ns, 768.1078 ns/op
WorkloadPilot   13: 65536 op, 50710287.00 ns, 773.7776 ns/op
WorkloadPilot   14: 131072 op, 90509377.00 ns, 690.5317 ns/op
WorkloadPilot   15: 262144 op, 40024581.00 ns, 152.6817 ns/op
WorkloadPilot   16: 524288 op, 59935556.00 ns, 114.3180 ns/op
WorkloadPilot   17: 1048576 op, 120852305.00 ns, 115.2537 ns/op
WorkloadPilot   18: 2097152 op, 235592436.00 ns, 112.3392 ns/op
WorkloadPilot   19: 4194304 op, 466518694.00 ns, 111.2267 ns/op
WorkloadPilot   20: 8388608 op, 915028566.00 ns, 109.0799 ns/op

OverheadWarmup   1: 8388608 op, 21769118.00 ns, 2.5951 ns/op
OverheadWarmup   2: 8388608 op, 21629447.00 ns, 2.5784 ns/op
OverheadWarmup   3: 8388608 op, 21570156.00 ns, 2.5714 ns/op
OverheadWarmup   4: 8388608 op, 21540190.00 ns, 2.5678 ns/op
OverheadWarmup   5: 8388608 op, 21633805.00 ns, 2.5790 ns/op
OverheadWarmup   6: 8388608 op, 21558875.00 ns, 2.5700 ns/op
OverheadWarmup   7: 8388608 op, 21537185.00 ns, 2.5674 ns/op
OverheadWarmup   8: 8388608 op, 21764930.00 ns, 2.5946 ns/op
OverheadWarmup   9: 8388608 op, 21534840.00 ns, 2.5672 ns/op

OverheadActual   1: 8388608 op, 21555009.00 ns, 2.5696 ns/op
OverheadActual   2: 8388608 op, 21555088.00 ns, 2.5696 ns/op
OverheadActual   3: 8388608 op, 21628686.00 ns, 2.5783 ns/op
OverheadActual   4: 8388608 op, 21625309.00 ns, 2.5779 ns/op
OverheadActual   5: 8388608 op, 21570296.00 ns, 2.5714 ns/op
OverheadActual   6: 8388608 op, 21546782.00 ns, 2.5686 ns/op
OverheadActual   7: 8388608 op, 21577921.00 ns, 2.5723 ns/op
OverheadActual   8: 8388608 op, 21552854.00 ns, 2.5693 ns/op
OverheadActual   9: 8388608 op, 21585835.00 ns, 2.5732 ns/op
OverheadActual  10: 8388608 op, 21571589.00 ns, 2.5715 ns/op
OverheadActual  11: 8388608 op, 21602857.00 ns, 2.5753 ns/op
OverheadActual  12: 8388608 op, 21545329.00 ns, 2.5684 ns/op
OverheadActual  13: 8388608 op, 22093604.00 ns, 2.6338 ns/op
OverheadActual  14: 8388608 op, 13785016.00 ns, 1.6433 ns/op
OverheadActual  15: 8388608 op, 13717530.00 ns, 1.6353 ns/op
OverheadActual  16: 8388608 op, 13771831.00 ns, 1.6417 ns/op
OverheadActual  17: 8388608 op, 13706709.00 ns, 1.6340 ns/op
OverheadActual  18: 8388608 op, 13726787.00 ns, 1.6364 ns/op
OverheadActual  19: 8388608 op, 13704767.00 ns, 1.6337 ns/op
OverheadActual  20: 8388608 op, 13695238.00 ns, 1.6326 ns/op

WorkloadWarmup   1: 8388608 op, 934331828.00 ns, 111.3810 ns/op
WorkloadWarmup   2: 8388608 op, 927692588.00 ns, 110.5896 ns/op
WorkloadWarmup   3: 8388608 op, 933298178.00 ns, 111.2578 ns/op
WorkloadWarmup   4: 8388608 op, 920831464.00 ns, 109.7717 ns/op
WorkloadWarmup   5: 8388608 op, 923715230.00 ns, 110.1154 ns/op
WorkloadWarmup   6: 8388608 op, 926604406.00 ns, 110.4599 ns/op
WorkloadWarmup   7: 8388608 op, 925833280.00 ns, 110.3679 ns/op

// BeforeActualRun
WorkloadActual   1: 8388608 op, 930361741.00 ns, 110.9078 ns/op
WorkloadActual   2: 8388608 op, 929027800.00 ns, 110.7487 ns/op
WorkloadActual   3: 8388608 op, 930032948.00 ns, 110.8686 ns/op
WorkloadActual   4: 8388608 op, 931606968.00 ns, 111.0562 ns/op
WorkloadActual   5: 8388608 op, 927436407.00 ns, 110.5590 ns/op
WorkloadActual   6: 8388608 op, 921265051.00 ns, 109.8234 ns/op
WorkloadActual   7: 8388608 op, 898697776.00 ns, 107.1331 ns/op
WorkloadActual   8: 8388608 op, 897555653.00 ns, 106.9970 ns/op
WorkloadActual   9: 8388608 op, 908570648.00 ns, 108.3101 ns/op
WorkloadActual  10: 8388608 op, 927106490.00 ns, 110.5197 ns/op
WorkloadActual  11: 8388608 op, 912755396.00 ns, 108.8089 ns/op
WorkloadActual  12: 8388608 op, 915128167.00 ns, 109.0918 ns/op
WorkloadActual  13: 8388608 op, 901912424.00 ns, 107.5163 ns/op
WorkloadActual  14: 8388608 op, 891599872.00 ns, 106.2870 ns/op
WorkloadActual  15: 8388608 op, 899550692.00 ns, 107.2348 ns/op

// AfterActualRun
WorkloadResult   1: 8388608 op, 908807809.50 ns, 108.3383 ns/op
WorkloadResult   2: 8388608 op, 907473868.50 ns, 108.1793 ns/op
WorkloadResult   3: 8388608 op, 908479016.50 ns, 108.2991 ns/op
WorkloadResult   4: 8388608 op, 910053036.50 ns, 108.4868 ns/op
WorkloadResult   5: 8388608 op, 905882475.50 ns, 107.9896 ns/op
WorkloadResult   6: 8388608 op, 899711119.50 ns, 107.2539 ns/op
WorkloadResult   7: 8388608 op, 877143844.50 ns, 104.5637 ns/op
WorkloadResult   8: 8388608 op, 876001721.50 ns, 104.4275 ns/op
WorkloadResult   9: 8388608 op, 887016716.50 ns, 105.7406 ns/op
WorkloadResult  10: 8388608 op, 905552558.50 ns, 107.9503 ns/op
WorkloadResult  11: 8388608 op, 891201464.50 ns, 106.2395 ns/op
WorkloadResult  12: 8388608 op, 893574235.50 ns, 106.5223 ns/op
WorkloadResult  13: 8388608 op, 880358492.50 ns, 104.9469 ns/op
WorkloadResult  14: 8388608 op, 870045940.50 ns, 103.7176 ns/op
WorkloadResult  15: 8388608 op, 877996760.50 ns, 104.6654 ns/op
// GC:  108 0 0 1812074488 8388608
// Threading:  0 0 8388608

// AfterAll
// Benchmark Process 5307 has exited with code 0.

Mean = 106.488 ns, StdErr = 0.439 ns (0.41%), N = 15, StdDev = 1.700 ns
Min = 103.718 ns, Q1 = 104.806 ns, Median = 106.522 ns, Q3 = 108.084 ns, Max = 108.487 ns
IQR = 3.278 ns, LowerFence = 99.889 ns, UpperFence = 113.002 ns
ConfidenceInterval = [104.670 ns; 108.306 ns] (CI 99.9%), Margin = 1.818 ns (1.71% of Mean)
Skewness = -0.21, Kurtosis = 1.31, MValue = 2

// ** Remained 37 (68.5 %) benchmark(s) to run. Estimated finish 2026-09-20 7:41 (0h 6m from now) **
// Build Error: Standard output: 
  
 Standard error: 
 /usr/share/dotnet/sdk/10.0.401/Microsoft.Common.CurrentVersion.targets(1891,5): error : Project '/home/runner/work/dotnet-concurrency/dotnet-concurrency/benchmarks/EricksonLopez.Concurrency.Benchmarks/EricksonLopez.Concurrency.Benchmarks.csproj' targets 'net10.0'. It cannot be referenced by a project that targets '.NETCoreApp,Version=v8.0'. [/home/runner/work/dotnet-concurrency/dotnet-concurrency/benchmarks/EricksonLopez.Concurrency.Benchmarks/bin/Release/net10.0/EricksonLopez.Concurrency.Benchmarks-.NET 8.0-2/BenchmarkDotNet.Autogenerated.csproj::TargetFramework=net8.0]
Build FAILED.
/usr/share/dotnet/sdk/10.0.401/Microsoft.Common.CurrentVersion.targets(1891,5): error : Project '/home/runner/work/dotnet-concurrency/dotnet-concurrency/benchmarks/EricksonLopez.Concurrency.Benchmarks/EricksonLopez.Concurrency.Benchmarks.csproj' targets 'net10.0'. It cannot be referenced by a project that targets '.NETCoreApp,Version=v8.0'. [/home/runner/work/dotnet-concurrency/dotnet-concurrency/benchmarks/EricksonLopez.Concurrency.Benchmarks/bin/Release/net10.0/EricksonLopez.Concurrency.Benchmarks-.NET 8.0-2/BenchmarkDotNet.Autogenerated.csproj::TargetFramework=net8.0]
    0 Warning(s)
    1 Error(s)
Time Elapsed 00:00:01.37

// BenchmarkDotNet has failed to build the auto-generated boilerplate code.
// It can be found in /home/runner/work/dotnet-concurrency/dotnet-concurrency/benchmarks/EricksonLopez.Concurrency.Benchmarks/bin/Release/net10.0/EricksonLopez.Concurrency.Benchmarks-.NET 8.0-2
// Please follow the troubleshooting guide: https://benchmarkdotnet.org/articles/guides/troubleshooting.html

// ** Remained 36 (66.7 %) benchmark(s) to run. Estimated finish 2026-09-20 7:40 (0h 5m from now) **
// Build Error: Standard output: 
  
 Standard error: 
 /usr/share/dotnet/sdk/10.0.401/Microsoft.Common.CurrentVersion.targets(1891,5): error : Project '/home/runner/work/dotnet-concurrency/dotnet-concurrency/benchmarks/EricksonLopez.Concurrency.Benchmarks/EricksonLopez.Concurrency.Benchmarks.csproj' targets 'net10.0'. It cannot be referenced by a project that targets '.NETCoreApp,Version=v8.0'. [/home/runner/work/dotnet-concurrency/dotnet-concurrency/benchmarks/EricksonLopez.Concurrency.Benchmarks/bin/Release/net10.0/EricksonLopez.Concurrency.Benchmarks-.NET 8.0-2/BenchmarkDotNet.Autogenerated.csproj::TargetFramework=net8.0]
Build FAILED.
/usr/share/dotnet/sdk/10.0.401/Microsoft.Common.CurrentVersion.targets(1891,5): error : Project '/home/runner/work/dotnet-concurrency/dotnet-concurrency/benchmarks/EricksonLopez.Concurrency.Benchmarks/EricksonLopez.Concurrency.Benchmarks.csproj' targets 'net10.0'. It cannot be referenced by a project that targets '.NETCoreApp,Version=v8.0'. [/home/runner/work/dotnet-concurrency/dotnet-concurrency/benchmarks/EricksonLopez.Concurrency.Benchmarks/bin/Release/net10.0/EricksonLopez.Concurrency.Benchmarks-.NET 8.0-2/BenchmarkDotNet.Autogenerated.csproj::TargetFramework=net8.0]
    0 Warning(s)
    1 Error(s)
Time Elapsed 00:00:01.37

// BenchmarkDotNet has failed to build the auto-generated boilerplate code.
// It can be found in /home/runner/work/dotnet-concurrency/dotnet-concurrency/benchmarks/EricksonLopez.Concurrency.Benchmarks/bin/Release/net10.0/EricksonLopez.Concurrency.Benchmarks-.NET 8.0-2
// Please follow the troubleshooting guide: https://benchmarkdotnet.org/articles/guides/troubleshooting.html

// ** Remained 35 (64.8 %) benchmark(s) to run. Estimated finish 2026-09-20 7:40 (0h 5m from now) **
// Build Error: Standard output: 
  
 Standard error: 
 /usr/share/dotnet/sdk/10.0.401/Microsoft.Common.CurrentVersion.targets(1891,5): error : Project '/home/runner/work/dotnet-concurrency/dotnet-concurrency/benchmarks/EricksonLopez.Concurrency.Benchmarks/EricksonLopez.Concurrency.Benchmarks.csproj' targets 'net10.0'. It cannot be referenced by a project that targets '.NETCoreApp,Version=v9.0'. [/home/runner/work/dotnet-concurrency/dotnet-concurrency/benchmarks/EricksonLopez.Concurrency.Benchmarks/bin/Release/net10.0/EricksonLopez.Concurrency.Benchmarks-.NET 9.0-3/BenchmarkDotNet.Autogenerated.csproj::TargetFramework=net9.0]
Build FAILED.
/usr/share/dotnet/sdk/10.0.401/Microsoft.Common.CurrentVersion.targets(1891,5): error : Project '/home/runner/work/dotnet-concurrency/dotnet-concurrency/benchmarks/EricksonLopez.Concurrency.Benchmarks/EricksonLopez.Concurrency.Benchmarks.csproj' targets 'net10.0'. It cannot be referenced by a project that targets '.NETCoreApp,Version=v9.0'. [/home/runner/work/dotnet-concurrency/dotnet-concurrency/benchmarks/EricksonLopez.Concurrency.Benchmarks/bin/Release/net10.0/EricksonLopez.Concurrency.Benchmarks-.NET 9.0-3/BenchmarkDotNet.Autogenerated.csproj::TargetFramework=net9.0]
    0 Warning(s)
    1 Error(s)
Time Elapsed 00:00:01.35

// BenchmarkDotNet has failed to build the auto-generated boilerplate code.
// It can be found in /home/runner/work/dotnet-concurrency/dotnet-concurrency/benchmarks/EricksonLopez.Concurrency.Benchmarks/bin/Release/net10.0/EricksonLopez.Concurrency.Benchmarks-.NET 9.0-3
// Please follow the troubleshooting guide: https://benchmarkdotnet.org/articles/guides/troubleshooting.html

// ** Remained 34 (63.0 %) benchmark(s) to run. Estimated finish 2026-09-20 7:39 (0h 4m from now) **
// Build Error: Standard output: 
  
 Standard error: 
 /usr/share/dotnet/sdk/10.0.401/Microsoft.Common.CurrentVersion.targets(1891,5): error : Project '/home/runner/work/dotnet-concurrency/dotnet-concurrency/benchmarks/EricksonLopez.Concurrency.Benchmarks/EricksonLopez.Concurrency.Benchmarks.csproj' targets 'net10.0'. It cannot be referenced by a project that targets '.NETCoreApp,Version=v9.0'. [/home/runner/work/dotnet-concurrency/dotnet-concurrency/benchmarks/EricksonLopez.Concurrency.Benchmarks/bin/Release/net10.0/EricksonLopez.Concurrency.Benchmarks-.NET 9.0-3/BenchmarkDotNet.Autogenerated.csproj::TargetFramework=net9.0]
Build FAILED.
/usr/share/dotnet/sdk/10.0.401/Microsoft.Common.CurrentVersion.targets(1891,5): error : Project '/home/runner/work/dotnet-concurrency/dotnet-concurrency/benchmarks/EricksonLopez.Concurrency.Benchmarks/EricksonLopez.Concurrency.Benchmarks.csproj' targets 'net10.0'. It cannot be referenced by a project that targets '.NETCoreApp,Version=v9.0'. [/home/runner/work/dotnet-concurrency/dotnet-concurrency/benchmarks/EricksonLopez.Concurrency.Benchmarks/bin/Release/net10.0/EricksonLopez.Concurrency.Benchmarks-.NET 9.0-3/BenchmarkDotNet.Autogenerated.csproj::TargetFramework=net9.0]
    0 Warning(s)
    1 Error(s)
Time Elapsed 00:00:01.35

// BenchmarkDotNet has failed to build the auto-generated boilerplate code.
// It can be found in /home/runner/work/dotnet-concurrency/dotnet-concurrency/benchmarks/EricksonLopez.Concurrency.Benchmarks/bin/Release/net10.0/EricksonLopez.Concurrency.Benchmarks-.NET 9.0-3
// Please follow the troubleshooting guide: https://benchmarkdotnet.org/articles/guides/troubleshooting.html

// ** Remained 33 (61.1 %) benchmark(s) to run. Estimated finish 2026-09-20 7:39 (0h 4m from now) **
// ***** BenchmarkRunner: Finish  *****

// * Export *
  benchmarks/results/results/EricksonLopez.Concurrency.Benchmarks.ConflictResolutionBenchmarks-report.csv
  benchmarks/results/results/EricksonLopez.Concurrency.Benchmarks.ConflictResolutionBenchmarks-report-github.md
  benchmarks/results/results/EricksonLopez.Concurrency.Benchmarks.ConflictResolutionBenchmarks-report.html
  benchmarks/results/results/EricksonLopez.Concurrency.Benchmarks.ConflictResolutionBenchmarks-report-full-compressed.json
  benchmarks/results/results/EricksonLopez.Concurrency.Benchmarks.ConflictResolutionBenchmarks-report-default.md

// * Detailed results *
ConflictResolutionBenchmarks.ResolveTransientConflictWithMerge: .NET 10.0(Runtime=.NET 10.0, Toolchain=net10.0)
Runtime = .NET 10.0.12 (10.0.12, 10.0.1226.42308), X64 RyuJIT x86-64-v3; GC = Concurrent Workstation
Mean = 115.185 ns, StdErr = 0.205 ns (0.18%), N = 13, StdDev = 0.741 ns
Min = 113.387 ns, Q1 = 114.970 ns, Median = 115.351 ns, Q3 = 115.690 ns, Max = 116.144 ns
IQR = 0.720 ns, LowerFence = 113.890 ns, UpperFence = 116.771 ns
ConfidenceInterval = [114.298 ns; 116.072 ns] (CI 99.9%), Margin = 0.887 ns (0.77% of Mean)
Skewness = -0.92, Kurtosis = 3.17, MValue = 2
-------------------- Histogram --------------------
[112.973 ns ; 116.558 ns) | @@@@@@@@@@@@@
---------------------------------------------------

ConflictResolutionBenchmarks.RejectFatalConflictImmediately: .NET 10.0(Runtime=.NET 10.0, Toolchain=net10.0)
Runtime = .NET 10.0.12 (10.0.12, 10.0.1226.42308), X64 RyuJIT x86-64-v3; GC = Concurrent Workstation
Mean = 106.488 ns, StdErr = 0.439 ns (0.41%), N = 15, StdDev = 1.700 ns
Min = 103.718 ns, Q1 = 104.806 ns, Median = 106.522 ns, Q3 = 108.084 ns, Max = 108.487 ns
IQR = 3.278 ns, LowerFence = 99.889 ns, UpperFence = 113.002 ns
ConfidenceInterval = [104.670 ns; 108.306 ns] (CI 99.9%), Margin = 1.818 ns (1.71% of Mean)
Skewness = -0.21, Kurtosis = 1.31, MValue = 2
-------------------- Histogram --------------------
[103.289 ns ; 108.949 ns) | @@@@@@@@@@@@@@@
---------------------------------------------------

ConflictResolutionBenchmarks.ResolveTransientConflictWithMerge: .NET 8.0(Runtime=.NET 8.0, Toolchain=net8.0)
Runtime = ; GC = 
There are not any results runs

ConflictResolutionBenchmarks.RejectFatalConflictImmediately: .NET 8.0(Runtime=.NET 8.0, Toolchain=net8.0)
Runtime = ; GC = 
There are not any results runs

ConflictResolutionBenchmarks.ResolveTransientConflictWithMerge: .NET 9.0(Runtime=.NET 9.0, Toolchain=net9.0)
Runtime = ; GC = 
There are not any results runs

ConflictResolutionBenchmarks.RejectFatalConflictImmediately: .NET 9.0(Runtime=.NET 9.0, Toolchain=net9.0)
Runtime = ; GC = 
There are not any results runs

// * Summary *

BenchmarkDotNet v0.15.8, Linux Ubuntu 24.04.5 LTS (Noble Numbat)
AMD EPYC 7763 3.15GHz, 1 CPU, 4 logical and 2 physical cores
.NET SDK 10.0.401
  [Host]    : .NET 10.0.12 (10.0.12, 10.0.1226.42308), X64 RyuJIT x86-64-v3
  .NET 10.0 : .NET 10.0.12 (10.0.12, 10.0.1226.42308), X64 RyuJIT x86-64-v3


| Method                            | Job       | Runtime   | Mean     | Error   | StdDev  | Ratio | RatioSD | Gen0   | Allocated | Alloc Ratio |
|---------------------------------- |---------- |---------- |---------:|--------:|--------:|------:|--------:|-------:|----------:|------------:|
| ResolveTransientConflictWithMerge | .NET 10.0 | .NET 10.0 | 115.2 ns | 0.89 ns | 0.74 ns |     ? |       ? | 0.0134 |     224 B |           ? |
| RejectFatalConflictImmediately    | .NET 10.0 | .NET 10.0 | 106.5 ns | 1.82 ns | 1.70 ns |     ? |       ? | 0.0129 |     216 B |           ? |
| ResolveTransientConflictWithMerge | .NET 8.0  | .NET 8.0  |       NA |      NA |      NA |     ? |       ? |     NA |        NA |           ? |
| RejectFatalConflictImmediately    | .NET 8.0  | .NET 8.0  |       NA |      NA |      NA |     ? |       ? |     NA |        NA |           ? |
| ResolveTransientConflictWithMerge | .NET 9.0  | .NET 9.0  |       NA |      NA |      NA |     ? |       ? |     NA |        NA |           ? |
| RejectFatalConflictImmediately    | .NET 9.0  | .NET 9.0  |       NA |      NA |      NA |     ? |       ? |     NA |        NA |           ? |

Benchmarks with issues:
  ConflictResolutionBenchmarks.ResolveTransientConflictWithMerge: .NET 8.0(Runtime=.NET 8.0, Toolchain=net8.0)
  ConflictResolutionBenchmarks.RejectFatalConflictImmediately: .NET 8.0(Runtime=.NET 8.0, Toolchain=net8.0)
  ConflictResolutionBenchmarks.ResolveTransientConflictWithMerge: .NET 9.0(Runtime=.NET 9.0, Toolchain=net9.0)
  ConflictResolutionBenchmarks.RejectFatalConflictImmediately: .NET 9.0(Runtime=.NET 9.0, Toolchain=net9.0)

// * Warnings *
BaselineCustomAnalyzer
  Summary -> A question mark '?' symbol indicates that it was not possible to compute the (Ratio, RatioSD, Alloc Ratio) column(s) because the baseline or benchmark could not be found, or the baseline value is too close to zero.

// * Hints *
Outliers
  ConflictResolutionBenchmarks.ResolveTransientConflictWithMerge: .NET 10.0 -> 2 outliers were removed, 3 outliers were detected (115.03 ns, 119.89 ns, 120.40 ns)

// * Legends *
  Mean        : Arithmetic mean of all measurements
  Error       : Half of 99.9% confidence interval
  StdDev      : Standard deviation of all measurements
  Ratio       : Mean of the ratio distribution ([Current]/[Baseline])
  RatioSD     : Standard deviation of the ratio distribution ([Current]/[Baseline])
  Gen0        : GC Generation 0 collects per 1000 operations
  Allocated   : Allocated memory per single operation (managed only, inclusive, 1KB = 1024B)
  Alloc Ratio : Allocated memory ratio distribution ([Current]/[Baseline])
  1 ns        : 1 Nanosecond (0.000000001 sec)

// * Diagnostic Output - MemoryDiagnoser *


// ***** BenchmarkRunner: End *****
Run time: 00:00:54 (54.27 sec), executed benchmarks: 2

// Found 9 benchmarks:
//   OptimisticContentionBenchmarks.SingleWorkerUncontendedCas: .NET 10.0(Runtime=.NET 10.0, Toolchain=net10.0)
//   OptimisticContentionBenchmarks.ParallelContentionFourWorkers: .NET 10.0(Runtime=.NET 10.0, Toolchain=net10.0)
//   OptimisticContentionBenchmarks.VersionPreconditionMismatchEvaluation: .NET 10.0(Runtime=.NET 10.0, Toolchain=net10.0)
//   OptimisticContentionBenchmarks.SingleWorkerUncontendedCas: .NET 8.0(Runtime=.NET 8.0, Toolchain=net8.0)
//   OptimisticContentionBenchmarks.ParallelContentionFourWorkers: .NET 8.0(Runtime=.NET 8.0, Toolchain=net8.0)
//   OptimisticContentionBenchmarks.VersionPreconditionMismatchEvaluation: .NET 8.0(Runtime=.NET 8.0, Toolchain=net8.0)
//   OptimisticContentionBenchmarks.SingleWorkerUncontendedCas: .NET 9.0(Runtime=.NET 9.0, Toolchain=net9.0)
//   OptimisticContentionBenchmarks.ParallelContentionFourWorkers: .NET 9.0(Runtime=.NET 9.0, Toolchain=net9.0)
//   OptimisticContentionBenchmarks.VersionPreconditionMismatchEvaluation: .NET 9.0(Runtime=.NET 9.0, Toolchain=net9.0)

// **************************
// Benchmark: OptimisticContentionBenchmarks.SingleWorkerUncontendedCas: .NET 10.0(Runtime=.NET 10.0, Toolchain=net10.0)
// *** Execute ***
// Launch: 1 / 1
// Execute: dotnet "EricksonLopez.Concurrency.Benchmarks-.NET 10.0-1.dll" --anonymousPipes 121 124 --benchmarkName EricksonLopez.Concurrency.Benchmarks.OptimisticContentionBenchmarks.SingleWorkerUncontendedCas --job ".NET 10.0" --benchmarkId 7 in /home/runner/work/dotnet-concurrency/dotnet-concurrency/benchmarks/EricksonLopez.Concurrency.Benchmarks/bin/Release/net10.0/EricksonLopez.Concurrency.Benchmarks-.NET 10.0-1/bin/Release/net10.0
// Failed to set up high priority (Permission denied). In order to run benchmarks with high priority, make sure you have the right permissions.
// BeforeAnythingElse

// Benchmark Process Environment Information:
// BenchmarkDotNet v0.15.8
// Runtime=.NET 10.0.12 (10.0.12, 10.0.1226.42308), X64 RyuJIT x86-64-v3
// GC=Concurrent Workstation
// HardwareIntrinsics=AVX2+BMI1+BMI2+F16C+FMA+LZCNT+MOVBE,AVX,SSE3+SSSE3+SSE4.1+SSE4.2+POPCNT,X86Base+SSE+SSE2,AES+PCLMUL VectorSize=256
// Job: .NET 10.0

OverheadJitting  1: 1 op, 212998.00 ns, 212.9980 us/op
WorkloadJitting  1: 1 op, 9898187.00 ns, 9.8982 ms/op

OverheadJitting  2: 16 op, 221905.00 ns, 13.8691 us/op
WorkloadJitting  2: 16 op, 317073.00 ns, 19.8171 us/op

WorkloadPilot    1: 16 op, 28944.00 ns, 1.8090 us/op
WorkloadPilot    2: 32 op, 44553.00 ns, 1.3923 us/op
WorkloadPilot    3: 64 op, 72996.00 ns, 1.1406 us/op
WorkloadPilot    4: 128 op, 138729.00 ns, 1.0838 us/op
WorkloadPilot    5: 256 op, 246370.00 ns, 962.3828 ns/op
WorkloadPilot    6: 512 op, 470308.00 ns, 918.5703 ns/op
WorkloadPilot    7: 1024 op, 945856.00 ns, 923.6875 ns/op
WorkloadPilot    8: 2048 op, 1863591.00 ns, 909.9565 ns/op
WorkloadPilot    9: 4096 op, 3706763.00 ns, 904.9714 ns/op
WorkloadPilot   10: 8192 op, 7264569.00 ns, 886.7882 ns/op
WorkloadPilot   11: 16384 op, 14518467.00 ns, 886.1369 ns/op
WorkloadPilot   12: 32768 op, 28970861.00 ns, 884.1205 ns/op
WorkloadPilot   13: 65536 op, 57702796.00 ns, 880.4748 ns/op
WorkloadPilot   14: 131072 op, 107582601.00 ns, 820.7901 ns/op
WorkloadPilot   15: 262144 op, 58759991.00 ns, 224.1516 ns/op
WorkloadPilot   16: 524288 op, 110695665.00 ns, 211.1352 ns/op
WorkloadPilot   17: 1048576 op, 214096395.00 ns, 204.1782 ns/op
WorkloadPilot   18: 2097152 op, 427406307.00 ns, 203.8032 ns/op
WorkloadPilot   19: 4194304 op, 857080266.00 ns, 204.3439 ns/op

OverheadWarmup   1: 4194304 op, 12229350.00 ns, 2.9157 ns/op
OverheadWarmup   2: 4194304 op, 12173686.00 ns, 2.9024 ns/op
OverheadWarmup   3: 4194304 op, 12101171.00 ns, 2.8851 ns/op
OverheadWarmup   4: 4194304 op, 12110900.00 ns, 2.8875 ns/op
OverheadWarmup   5: 4194304 op, 12101341.00 ns, 2.8852 ns/op
OverheadWarmup   6: 4194304 op, 12103725.00 ns, 2.8858 ns/op
OverheadWarmup   7: 4194304 op, 12096762.00 ns, 2.8841 ns/op

OverheadActual   1: 4194304 op, 12170049.00 ns, 2.9016 ns/op
OverheadActual   2: 4194304 op, 12140815.00 ns, 2.8946 ns/op
OverheadActual   3: 4194304 op, 12155142.00 ns, 2.8980 ns/op
OverheadActual   4: 4194304 op, 12155893.00 ns, 2.8982 ns/op
OverheadActual   5: 4194304 op, 12102714.00 ns, 2.8855 ns/op
OverheadActual   6: 4194304 op, 12177233.00 ns, 2.9033 ns/op
OverheadActual   7: 4194304 op, 12182914.00 ns, 2.9046 ns/op
OverheadActual   8: 4194304 op, 12203011.00 ns, 2.9094 ns/op
OverheadActual   9: 4194304 op, 12105077.00 ns, 2.8861 ns/op
OverheadActual  10: 4194304 op, 12100269.00 ns, 2.8849 ns/op
OverheadActual  11: 4194304 op, 12097974.00 ns, 2.8844 ns/op
OverheadActual  12: 4194304 op, 12097293.00 ns, 2.8842 ns/op
OverheadActual  13: 4194304 op, 12109446.00 ns, 2.8871 ns/op
OverheadActual  14: 4194304 op, 12098776.00 ns, 2.8846 ns/op
OverheadActual  15: 4194304 op, 12099618.00 ns, 2.8848 ns/op

WorkloadWarmup   1: 4194304 op, 860619219.00 ns, 205.1876 ns/op
WorkloadWarmup   2: 4194304 op, 857021025.00 ns, 204.3297 ns/op
WorkloadWarmup   3: 4194304 op, 852266551.00 ns, 203.1962 ns/op
WorkloadWarmup   4: 4194304 op, 851054497.00 ns, 202.9072 ns/op
WorkloadWarmup   5: 4194304 op, 851438575.00 ns, 202.9988 ns/op
WorkloadWarmup   6: 4194304 op, 854828007.00 ns, 203.8069 ns/op
WorkloadWarmup   7: 4194304 op, 849034458.00 ns, 202.4256 ns/op
WorkloadWarmup   8: 4194304 op, 850799388.00 ns, 202.8464 ns/op
WorkloadWarmup   9: 4194304 op, 852535954.00 ns, 203.2604 ns/op
WorkloadWarmup  10: 4194304 op, 848911036.00 ns, 202.3962 ns/op

// BeforeActualRun
WorkloadActual   1: 4194304 op, 857898213.00 ns, 204.5389 ns/op
WorkloadActual   2: 4194304 op, 856770756.00 ns, 204.2701 ns/op
WorkloadActual   3: 4194304 op, 859046867.00 ns, 204.8127 ns/op
WorkloadActual   4: 4194304 op, 858157547.00 ns, 204.6007 ns/op
WorkloadActual   5: 4194304 op, 858009640.00 ns, 204.5654 ns/op
WorkloadActual   6: 4194304 op, 858143180.00 ns, 204.5973 ns/op
WorkloadActual   7: 4194304 op, 857711332.00 ns, 204.4943 ns/op
WorkloadActual   8: 4194304 op, 859117490.00 ns, 204.8296 ns/op
WorkloadActual   9: 4194304 op, 857286831.00 ns, 204.3931 ns/op
WorkloadActual  10: 4194304 op, 858161175.00 ns, 204.6016 ns/op
WorkloadActual  11: 4194304 op, 857831880.00 ns, 204.5231 ns/op
WorkloadActual  12: 4194304 op, 860745672.00 ns, 205.2178 ns/op
WorkloadActual  13: 4194304 op, 856441412.00 ns, 204.1915 ns/op
WorkloadActual  14: 4194304 op, 855776580.00 ns, 204.0330 ns/op
WorkloadActual  15: 4194304 op, 856310087.00 ns, 204.1602 ns/op

// AfterActualRun
WorkloadResult   1: 4194304 op, 845788767.00 ns, 201.6518 ns/op
WorkloadResult   2: 4194304 op, 844661310.00 ns, 201.3829 ns/op
WorkloadResult   3: 4194304 op, 846937421.00 ns, 201.9256 ns/op
WorkloadResult   4: 4194304 op, 846048101.00 ns, 201.7136 ns/op
WorkloadResult   5: 4194304 op, 845900194.00 ns, 201.6783 ns/op
WorkloadResult   6: 4194304 op, 846033734.00 ns, 201.7102 ns/op
WorkloadResult   7: 4194304 op, 845601886.00 ns, 201.6072 ns/op
WorkloadResult   8: 4194304 op, 847008044.00 ns, 201.9425 ns/op
WorkloadResult   9: 4194304 op, 845177385.00 ns, 201.5060 ns/op
WorkloadResult  10: 4194304 op, 846051729.00 ns, 201.7145 ns/op
WorkloadResult  11: 4194304 op, 845722434.00 ns, 201.6359 ns/op
WorkloadResult  12: 4194304 op, 844331966.00 ns, 201.3044 ns/op
WorkloadResult  13: 4194304 op, 843667134.00 ns, 201.1459 ns/op
WorkloadResult  14: 4194304 op, 844200641.00 ns, 201.2731 ns/op
// GC:  12 0 0 201329504 4194304
// Threading:  0 0 4194304

// AfterAll
// Benchmark Process 5323 has exited with code 0.

Mean = 201.585 ns, StdErr = 0.063 ns (0.03%), N = 14, StdDev = 0.236 ns
Min = 201.146 ns, Q1 = 201.414 ns, Median = 201.644 ns, Q3 = 201.713 ns, Max = 201.942 ns
IQR = 0.299 ns, LowerFence = 200.965 ns, UpperFence = 202.161 ns
ConfidenceInterval = [201.319 ns; 201.852 ns] (CI 99.9%), Margin = 0.266 ns (0.13% of Mean)
Skewness = -0.29, Kurtosis = 1.96, MValue = 2

// ** Remained 32 (59.3 %) benchmark(s) to run. Estimated finish 2026-09-20 7:39 (0h 4m from now) **
// **************************
// Benchmark: OptimisticContentionBenchmarks.ParallelContentionFourWorkers: .NET 10.0(Runtime=.NET 10.0, Toolchain=net10.0)
// *** Execute ***
// Launch: 1 / 1
// Execute: dotnet "EricksonLopez.Concurrency.Benchmarks-.NET 10.0-1.dll" --anonymousPipes 121 124 --benchmarkName EricksonLopez.Concurrency.Benchmarks.OptimisticContentionBenchmarks.ParallelContentionFourWorkers --job ".NET 10.0" --benchmarkId 8 in /home/runner/work/dotnet-concurrency/dotnet-concurrency/benchmarks/EricksonLopez.Concurrency.Benchmarks/bin/Release/net10.0/EricksonLopez.Concurrency.Benchmarks-.NET 10.0-1/bin/Release/net10.0
// Failed to set up high priority (Permission denied). In order to run benchmarks with high priority, make sure you have the right permissions.
// BeforeAnythingElse

// Benchmark Process Environment Information:
// BenchmarkDotNet v0.15.8
// Runtime=.NET 10.0.12 (10.0.12, 10.0.1226.42308), X64 RyuJIT x86-64-v3
// GC=Concurrent Workstation
// HardwareIntrinsics=AVX2+BMI1+BMI2+F16C+FMA+LZCNT+MOVBE,AVX,SSE3+SSSE3+SSE4.1+SSE4.2+POPCNT,X86Base+SSE+SSE2,AES+PCLMUL VectorSize=256
// Job: .NET 10.0

OverheadJitting  1: 1 op, 207808.00 ns, 207.8080 us/op
WorkloadJitting  1: 1 op, 15383853.00 ns, 15.3839 ms/op

OverheadJitting  2: 16 op, 391491.00 ns, 24.4682 us/op
WorkloadJitting  2: 16 op, 876047.00 ns, 54.7529 us/op

WorkloadPilot    1: 16 op, 373678.00 ns, 23.3549 us/op
WorkloadPilot    2: 32 op, 294059.00 ns, 9.1893 us/op
WorkloadPilot    3: 64 op, 579634.00 ns, 9.0568 us/op
WorkloadPilot    4: 128 op, 942670.00 ns, 7.3646 us/op
WorkloadPilot    5: 256 op, 2247959.00 ns, 8.7811 us/op
WorkloadPilot    6: 512 op, 9102301.00 ns, 17.7779 us/op
WorkloadPilot    7: 1024 op, 18387744.00 ns, 17.9568 us/op
WorkloadPilot    8: 2048 op, 10964038.00 ns, 5.3535 us/op
WorkloadPilot    9: 4096 op, 22572620.00 ns, 5.5109 us/op
WorkloadPilot   10: 8192 op, 46838212.00 ns, 5.7176 us/op
WorkloadPilot   11: 16384 op, 131012489.00 ns, 7.9964 us/op
WorkloadPilot   12: 32768 op, 208297068.00 ns, 6.3567 us/op
WorkloadPilot   13: 65536 op, 265381898.00 ns, 4.0494 us/op
WorkloadPilot   14: 131072 op, 413374682.00 ns, 3.1538 us/op
WorkloadPilot   15: 262144 op, 688087307.00 ns, 2.6248 us/op

OverheadWarmup   1: 262144 op, 636359.00 ns, 2.4275 ns/op
OverheadWarmup   2: 262144 op, 617063.00 ns, 2.3539 ns/op
OverheadWarmup   3: 262144 op, 632522.00 ns, 2.4129 ns/op
OverheadWarmup   4: 262144 op, 616962.00 ns, 2.3535 ns/op
OverheadWarmup   5: 262144 op, 632421.00 ns, 2.4125 ns/op
OverheadWarmup   6: 262144 op, 632521.00 ns, 2.4129 ns/op
OverheadWarmup   7: 262144 op, 617373.00 ns, 2.3551 ns/op

OverheadActual   1: 262144 op, 642490.00 ns, 2.4509 ns/op
OverheadActual   2: 262144 op, 633523.00 ns, 2.4167 ns/op
OverheadActual   3: 262144 op, 620930.00 ns, 2.3687 ns/op
OverheadActual   4: 262144 op, 634915.00 ns, 2.4220 ns/op
OverheadActual   5: 262144 op, 634395.00 ns, 2.4200 ns/op
OverheadActual   6: 262144 op, 617914.00 ns, 2.3572 ns/op
OverheadActual   7: 262144 op, 632221.00 ns, 2.4117 ns/op
OverheadActual   8: 262144 op, 631930.00 ns, 2.4106 ns/op
OverheadActual   9: 262144 op, 616531.00 ns, 2.3519 ns/op
OverheadActual  10: 262144 op, 631279.00 ns, 2.4081 ns/op
OverheadActual  11: 262144 op, 631650.00 ns, 2.4096 ns/op
OverheadActual  12: 262144 op, 616982.00 ns, 2.3536 ns/op
OverheadActual  13: 262144 op, 635446.00 ns, 2.4240 ns/op
OverheadActual  14: 262144 op, 633273.00 ns, 2.4157 ns/op
OverheadActual  15: 262144 op, 616201.00 ns, 2.3506 ns/op

WorkloadWarmup   1: 262144 op, 703168864.00 ns, 2.6824 us/op
WorkloadWarmup   2: 262144 op, 804910886.00 ns, 3.0705 us/op
WorkloadWarmup   3: 262144 op, 691873850.00 ns, 2.6393 us/op
WorkloadWarmup   4: 262144 op, 694021243.00 ns, 2.6475 us/op
WorkloadWarmup   5: 262144 op, 742159060.00 ns, 2.8311 us/op
WorkloadWarmup   6: 262144 op, 690174346.00 ns, 2.6328 us/op

// BeforeActualRun
WorkloadActual   1: 262144 op, 821749408.00 ns, 3.1347 us/op
WorkloadActual   2: 262144 op, 667627782.00 ns, 2.5468 us/op
WorkloadActual   3: 262144 op, 780235788.00 ns, 2.9764 us/op
WorkloadActual   4: 262144 op, 813173118.00 ns, 3.1020 us/op
WorkloadActual   5: 262144 op, 711422037.00 ns, 2.7139 us/op
WorkloadActual   6: 262144 op, 663218770.00 ns, 2.5300 us/op
WorkloadActual   7: 262144 op, 680154995.00 ns, 2.5946 us/op
WorkloadActual   8: 262144 op, 689472615.00 ns, 2.6301 us/op
WorkloadActual   9: 262144 op, 683827907.00 ns, 2.6086 us/op
WorkloadActual  10: 262144 op, 678545869.00 ns, 2.5884 us/op
WorkloadActual  11: 262144 op, 717035973.00 ns, 2.7353 us/op
WorkloadActual  12: 262144 op, 682340206.00 ns, 2.6029 us/op
WorkloadActual  13: 262144 op, 675545324.00 ns, 2.5770 us/op
WorkloadActual  14: 262144 op, 651007102.00 ns, 2.4834 us/op
WorkloadActual  15: 262144 op, 684409252.00 ns, 2.6108 us/op
WorkloadActual  16: 262144 op, 684544580.00 ns, 2.6113 us/op
WorkloadActual  17: 262144 op, 696484160.00 ns, 2.6569 us/op
WorkloadActual  18: 262144 op, 691657869.00 ns, 2.6385 us/op
WorkloadActual  19: 262144 op, 728756897.00 ns, 2.7800 us/op
WorkloadActual  20: 262144 op, 661566165.00 ns, 2.5237 us/op
WorkloadActual  21: 262144 op, 691570871.00 ns, 2.6381 us/op
WorkloadActual  22: 262144 op, 703811498.00 ns, 2.6848 us/op
WorkloadActual  23: 262144 op, 767981511.00 ns, 2.9296 us/op
WorkloadActual  24: 262144 op, 702350558.00 ns, 2.6793 us/op
WorkloadActual  25: 262144 op, 694647777.00 ns, 2.6499 us/op
WorkloadActual  26: 262144 op, 696006850.00 ns, 2.6551 us/op
WorkloadActual  27: 262144 op, 708471233.00 ns, 2.7026 us/op
WorkloadActual  28: 262144 op, 707519302.00 ns, 2.6990 us/op
WorkloadActual  29: 262144 op, 694309097.00 ns, 2.6486 us/op

// AfterActualRun
WorkloadResult   1: 262144 op, 666995852.00 ns, 2.5444 us/op
WorkloadResult   2: 262144 op, 710790107.00 ns, 2.7114 us/op
WorkloadResult   3: 262144 op, 662586840.00 ns, 2.5276 us/op
WorkloadResult   4: 262144 op, 679523065.00 ns, 2.5922 us/op
WorkloadResult   5: 262144 op, 688840685.00 ns, 2.6277 us/op
WorkloadResult   6: 262144 op, 683195977.00 ns, 2.6062 us/op
WorkloadResult   7: 262144 op, 677913939.00 ns, 2.5860 us/op
WorkloadResult   8: 262144 op, 716404043.00 ns, 2.7329 us/op
WorkloadResult   9: 262144 op, 681708276.00 ns, 2.6005 us/op
WorkloadResult  10: 262144 op, 674913394.00 ns, 2.5746 us/op
WorkloadResult  11: 262144 op, 650375172.00 ns, 2.4810 us/op
WorkloadResult  12: 262144 op, 683777322.00 ns, 2.6084 us/op
WorkloadResult  13: 262144 op, 683912650.00 ns, 2.6089 us/op
WorkloadResult  14: 262144 op, 695852230.00 ns, 2.6545 us/op
WorkloadResult  15: 262144 op, 691025939.00 ns, 2.6361 us/op
WorkloadResult  16: 262144 op, 728124967.00 ns, 2.7776 us/op
WorkloadResult  17: 262144 op, 660934235.00 ns, 2.5213 us/op
WorkloadResult  18: 262144 op, 690938941.00 ns, 2.6357 us/op
WorkloadResult  19: 262144 op, 703179568.00 ns, 2.6824 us/op
WorkloadResult  20: 262144 op, 701718628.00 ns, 2.6768 us/op
WorkloadResult  21: 262144 op, 694015847.00 ns, 2.6475 us/op
WorkloadResult  22: 262144 op, 695374920.00 ns, 2.6526 us/op
WorkloadResult  23: 262144 op, 707839303.00 ns, 2.7002 us/op
WorkloadResult  24: 262144 op, 706887372.00 ns, 2.6966 us/op
WorkloadResult  25: 262144 op, 693677167.00 ns, 2.6462 us/op
// GC:  15 0 0 255829480 262144
// Threading:  1048899 4 262144

// AfterAll
// Benchmark Process 5347 has exited with code 0.

Mean = 2.629 μs, StdErr = 0.014 μs (0.53%), N = 25, StdDev = 0.069 μs
Min = 2.481 μs, Q1 = 2.592 μs, Median = 2.636 μs, Q3 = 2.677 μs, Max = 2.778 μs
IQR = 0.085 μs, LowerFence = 2.465 μs, UpperFence = 2.804 μs
ConfidenceInterval = [2.577 μs; 2.681 μs] (CI 99.9%), Margin = 0.052 μs (1.98% of Mean)
Skewness = -0.07, Kurtosis = 2.58, MValue = 2

// ** Remained 31 (57.4 %) benchmark(s) to run. Estimated finish 2026-09-20 7:40 (0h 5m from now) **
// **************************
// Benchmark: OptimisticContentionBenchmarks.VersionPreconditionMismatchEvaluation: .NET 10.0(Runtime=.NET 10.0, Toolchain=net10.0)
// *** Execute ***
// Launch: 1 / 1
// Execute: dotnet "EricksonLopez.Concurrency.Benchmarks-.NET 10.0-1.dll" --anonymousPipes 121 124 --benchmarkName EricksonLopez.Concurrency.Benchmarks.OptimisticContentionBenchmarks.VersionPreconditionMismatchEvaluation --job ".NET 10.0" --benchmarkId 9 in /home/runner/work/dotnet-concurrency/dotnet-concurrency/benchmarks/EricksonLopez.Concurrency.Benchmarks/bin/Release/net10.0/EricksonLopez.Concurrency.Benchmarks-.NET 10.0-1/bin/Release/net10.0
// Failed to set up high priority (Permission denied). In order to run benchmarks with high priority, make sure you have the right permissions.
// BeforeAnythingElse

// Benchmark Process Environment Information:
// BenchmarkDotNet v0.15.8
// Runtime=.NET 10.0.12 (10.0.12, 10.0.1226.42308), X64 RyuJIT x86-64-v3
// GC=Concurrent Workstation
// HardwareIntrinsics=AVX2+BMI1+BMI2+F16C+FMA+LZCNT+MOVBE,AVX,SSE3+SSSE3+SSE4.1+SSE4.2+POPCNT,X86Base+SSE+SSE2,AES+PCLMUL VectorSize=256
// Job: .NET 10.0

OverheadJitting  1: 1 op, 229369.00 ns, 229.3690 us/op
WorkloadJitting  1: 1 op, 6813700.00 ns, 6.8137 ms/op

OverheadJitting  2: 16 op, 352579.00 ns, 22.0362 us/op
WorkloadJitting  2: 16 op, 403033.00 ns, 25.1896 us/op

WorkloadPilot    1: 16 op, 52167.00 ns, 3.2604 us/op
WorkloadPilot    2: 32 op, 72215.00 ns, 2.2567 us/op
WorkloadPilot    3: 64 op, 91160.00 ns, 1.4244 us/op
WorkloadPilot    4: 128 op, 197819.00 ns, 1.5455 us/op
WorkloadPilot    5: 256 op, 291204.00 ns, 1.1375 us/op
WorkloadPilot    6: 512 op, 510804.00 ns, 997.6641 ns/op
WorkloadPilot    7: 1024 op, 871708.00 ns, 851.2773 ns/op
WorkloadPilot    8: 2048 op, 1753075.00 ns, 855.9937 ns/op
WorkloadPilot    9: 4096 op, 3502303.00 ns, 855.0544 ns/op
WorkloadPilot   10: 8192 op, 7042768.00 ns, 859.7129 ns/op
WorkloadPilot   11: 16384 op, 12930377.00 ns, 789.2076 ns/op
WorkloadPilot   12: 32768 op, 27144773.00 ns, 828.3927 ns/op
WorkloadPilot   13: 65536 op, 42821493.00 ns, 653.4041 ns/op
WorkloadPilot   14: 131072 op, 101103520.00 ns, 771.3586 ns/op
WorkloadPilot   15: 262144 op, 69515904.00 ns, 265.1821 ns/op
WorkloadPilot   16: 524288 op, 124899646.00 ns, 238.2272 ns/op
WorkloadPilot   17: 1048576 op, 253851603.00 ns, 242.0918 ns/op
WorkloadPilot   18: 2097152 op, 495049194.00 ns, 236.0579 ns/op
WorkloadPilot   19: 4194304 op, 1000805091.00 ns, 238.6105 ns/op

OverheadWarmup   1: 4194304 op, 9692368.00 ns, 2.3108 ns/op
OverheadWarmup   2: 4194304 op, 9666610.00 ns, 2.3047 ns/op
OverheadWarmup   3: 4194304 op, 9759774.00 ns, 2.3269 ns/op
OverheadWarmup   4: 4194304 op, 9729587.00 ns, 2.3197 ns/op
OverheadWarmup   5: 4194304 op, 9674234.00 ns, 2.3065 ns/op
OverheadWarmup   6: 4194304 op, 9670166.00 ns, 2.3055 ns/op
OverheadWarmup   7: 4194304 op, 9795110.00 ns, 2.3353 ns/op
OverheadWarmup   8: 4194304 op, 9704030.00 ns, 2.3136 ns/op

OverheadActual   1: 4194304 op, 9673192.00 ns, 2.3063 ns/op
OverheadActual   2: 4194304 op, 9699070.00 ns, 2.3124 ns/op
OverheadActual   3: 4194304 op, 9709249.00 ns, 2.3149 ns/op
OverheadActual   4: 4194304 op, 9696646.00 ns, 2.3119 ns/op
OverheadActual   5: 4194304 op, 9678522.00 ns, 2.3075 ns/op
OverheadActual   6: 4194304 op, 9697728.00 ns, 2.3121 ns/op
OverheadActual   7: 4194304 op, 9686888.00 ns, 2.3095 ns/op
OverheadActual   8: 4194304 op, 9691727.00 ns, 2.3107 ns/op
OverheadActual   9: 4194304 op, 9687409.00 ns, 2.3097 ns/op
OverheadActual  10: 4194304 op, 9676268.00 ns, 2.3070 ns/op
OverheadActual  11: 4194304 op, 9667742.00 ns, 2.3050 ns/op
OverheadActual  12: 4194304 op, 9844432.00 ns, 2.3471 ns/op
OverheadActual  13: 4194304 op, 9672731.00 ns, 2.3062 ns/op
OverheadActual  14: 4194304 op, 9768700.00 ns, 2.3290 ns/op
OverheadActual  15: 4194304 op, 9713357.00 ns, 2.3158 ns/op

WorkloadWarmup   1: 4194304 op, 1018935243.00 ns, 242.9331 ns/op
WorkloadWarmup   2: 4194304 op, 1009766594.00 ns, 240.7471 ns/op
WorkloadWarmup   3: 4194304 op, 993834239.00 ns, 236.9485 ns/op
WorkloadWarmup   4: 4194304 op, 1002229759.00 ns, 238.9502 ns/op
WorkloadWarmup   5: 4194304 op, 1018863756.00 ns, 242.9160 ns/op
WorkloadWarmup   6: 4194304 op, 991954595.00 ns, 236.5004 ns/op
WorkloadWarmup   7: 4194304 op, 1011573481.00 ns, 241.1779 ns/op
WorkloadWarmup   8: 4194304 op, 992020358.00 ns, 236.5161 ns/op

// BeforeActualRun
WorkloadActual   1: 4194304 op, 993516533.00 ns, 236.8728 ns/op
WorkloadActual   2: 4194304 op, 1014286488.00 ns, 241.8247 ns/op
WorkloadActual   3: 4194304 op, 1023804215.00 ns, 244.0939 ns/op
WorkloadActual   4: 4194304 op, 1018958086.00 ns, 242.9385 ns/op
WorkloadActual   5: 4194304 op, 1032145357.00 ns, 246.0826 ns/op
WorkloadActual   6: 4194304 op, 1016765520.00 ns, 242.4158 ns/op
WorkloadActual   7: 4194304 op, 1021996512.00 ns, 243.6630 ns/op
WorkloadActual   8: 4194304 op, 1023910158.00 ns, 244.1192 ns/op
WorkloadActual   9: 4194304 op, 1028584239.00 ns, 245.2336 ns/op
WorkloadActual  10: 4194304 op, 1013338097.00 ns, 241.5986 ns/op
WorkloadActual  11: 4194304 op, 1002312825.00 ns, 238.9700 ns/op
WorkloadActual  12: 4194304 op, 985044886.00 ns, 234.8530 ns/op
WorkloadActual  13: 4194304 op, 995698617.00 ns, 237.3930 ns/op
WorkloadActual  14: 4194304 op, 993717727.00 ns, 236.9208 ns/op
WorkloadActual  15: 4194304 op, 1014295978.00 ns, 241.8270 ns/op

// AfterActualRun
WorkloadResult   1: 4194304 op, 983824806.00 ns, 234.5621 ns/op
WorkloadResult   2: 4194304 op, 1004594761.00 ns, 239.5141 ns/op
WorkloadResult   3: 4194304 op, 1014112488.00 ns, 241.7833 ns/op
WorkloadResult   4: 4194304 op, 1009266359.00 ns, 240.6279 ns/op
WorkloadResult   5: 4194304 op, 1022453630.00 ns, 243.7719 ns/op
WorkloadResult   6: 4194304 op, 1007073793.00 ns, 240.1051 ns/op
WorkloadResult   7: 4194304 op, 1012304785.00 ns, 241.3523 ns/op
WorkloadResult   8: 4194304 op, 1014218431.00 ns, 241.8085 ns/op
WorkloadResult   9: 4194304 op, 1018892512.00 ns, 242.9229 ns/op
WorkloadResult  10: 4194304 op, 1003646370.00 ns, 239.2879 ns/op
WorkloadResult  11: 4194304 op, 992621098.00 ns, 236.6593 ns/op
WorkloadResult  12: 4194304 op, 975353159.00 ns, 232.5423 ns/op
WorkloadResult  13: 4194304 op, 986006890.00 ns, 235.0824 ns/op
WorkloadResult  14: 4194304 op, 984026000.00 ns, 234.6101 ns/op
WorkloadResult  15: 4194304 op, 1004604251.00 ns, 239.5163 ns/op
// GC:  142 0 0 2382364672 4194304
// Threading:  0 0 4194304

// AfterAll
// Benchmark Process 5377 has exited with code 0.

Mean = 238.943 ns, StdErr = 0.887 ns (0.37%), N = 15, StdDev = 3.436 ns
Min = 232.542 ns, Q1 = 235.871 ns, Median = 239.516 ns, Q3 = 241.568 ns, Max = 243.772 ns
IQR = 5.697 ns, LowerFence = 227.325 ns, UpperFence = 250.113 ns
ConfidenceInterval = [235.270 ns; 242.616 ns] (CI 99.9%), Margin = 3.673 ns (1.54% of Mean)
Skewness = -0.42, Kurtosis = 1.73, MValue = 2

// ** Remained 30 (55.6 %) benchmark(s) to run. Estimated finish 2026-09-20 7:41 (0h 5m from now) **
// Build Error: Standard output: 
  
 Standard error: 
 /usr/share/dotnet/sdk/10.0.401/Microsoft.Common.CurrentVersion.targets(1891,5): error : Project '/home/runner/work/dotnet-concurrency/dotnet-concurrency/benchmarks/EricksonLopez.Concurrency.Benchmarks/EricksonLopez.Concurrency.Benchmarks.csproj' targets 'net10.0'. It cannot be referenced by a project that targets '.NETCoreApp,Version=v8.0'. [/home/runner/work/dotnet-concurrency/dotnet-concurrency/benchmarks/EricksonLopez.Concurrency.Benchmarks/bin/Release/net10.0/EricksonLopez.Concurrency.Benchmarks-.NET 8.0-2/BenchmarkDotNet.Autogenerated.csproj::TargetFramework=net8.0]
Build FAILED.
/usr/share/dotnet/sdk/10.0.401/Microsoft.Common.CurrentVersion.targets(1891,5): error : Project '/home/runner/work/dotnet-concurrency/dotnet-concurrency/benchmarks/EricksonLopez.Concurrency.Benchmarks/EricksonLopez.Concurrency.Benchmarks.csproj' targets 'net10.0'. It cannot be referenced by a project that targets '.NETCoreApp,Version=v8.0'. [/home/runner/work/dotnet-concurrency/dotnet-concurrency/benchmarks/EricksonLopez.Concurrency.Benchmarks/bin/Release/net10.0/EricksonLopez.Concurrency.Benchmarks-.NET 8.0-2/BenchmarkDotNet.Autogenerated.csproj::TargetFramework=net8.0]
    0 Warning(s)
    1 Error(s)
Time Elapsed 00:00:01.37

// BenchmarkDotNet has failed to build the auto-generated boilerplate code.
// It can be found in /home/runner/work/dotnet-concurrency/dotnet-concurrency/benchmarks/EricksonLopez.Concurrency.Benchmarks/bin/Release/net10.0/EricksonLopez.Concurrency.Benchmarks-.NET 8.0-2
// Please follow the troubleshooting guide: https://benchmarkdotnet.org/articles/guides/troubleshooting.html

// ** Remained 29 (53.7 %) benchmark(s) to run. Estimated finish 2026-09-20 7:40 (0h 4m from now) **
// Build Error: Standard output: 
  
 Standard error: 
 /usr/share/dotnet/sdk/10.0.401/Microsoft.Common.CurrentVersion.targets(1891,5): error : Project '/home/runner/work/dotnet-concurrency/dotnet-concurrency/benchmarks/EricksonLopez.Concurrency.Benchmarks/EricksonLopez.Concurrency.Benchmarks.csproj' targets 'net10.0'. It cannot be referenced by a project that targets '.NETCoreApp,Version=v8.0'. [/home/runner/work/dotnet-concurrency/dotnet-concurrency/benchmarks/EricksonLopez.Concurrency.Benchmarks/bin/Release/net10.0/EricksonLopez.Concurrency.Benchmarks-.NET 8.0-2/BenchmarkDotNet.Autogenerated.csproj::TargetFramework=net8.0]
Build FAILED.
/usr/share/dotnet/sdk/10.0.401/Microsoft.Common.CurrentVersion.targets(1891,5): error : Project '/home/runner/work/dotnet-concurrency/dotnet-concurrency/benchmarks/EricksonLopez.Concurrency.Benchmarks/EricksonLopez.Concurrency.Benchmarks.csproj' targets 'net10.0'. It cannot be referenced by a project that targets '.NETCoreApp,Version=v8.0'. [/home/runner/work/dotnet-concurrency/dotnet-concurrency/benchmarks/EricksonLopez.Concurrency.Benchmarks/bin/Release/net10.0/EricksonLopez.Concurrency.Benchmarks-.NET 8.0-2/BenchmarkDotNet.Autogenerated.csproj::TargetFramework=net8.0]
    0 Warning(s)
    1 Error(s)
Time Elapsed 00:00:01.37

// BenchmarkDotNet has failed to build the auto-generated boilerplate code.
// It can be found in /home/runner/work/dotnet-concurrency/dotnet-concurrency/benchmarks/EricksonLopez.Concurrency.Benchmarks/bin/Release/net10.0/EricksonLopez.Concurrency.Benchmarks-.NET 8.0-2
// Please follow the troubleshooting guide: https://benchmarkdotnet.org/articles/guides/troubleshooting.html

// ** Remained 28 (51.9 %) benchmark(s) to run. Estimated finish 2026-09-20 7:40 (0h 4m from now) **
// Build Error: Standard output: 
  
 Standard error: 
 /usr/share/dotnet/sdk/10.0.401/Microsoft.Common.CurrentVersion.targets(1891,5): error : Project '/home/runner/work/dotnet-concurrency/dotnet-concurrency/benchmarks/EricksonLopez.Concurrency.Benchmarks/EricksonLopez.Concurrency.Benchmarks.csproj' targets 'net10.0'. It cannot be referenced by a project that targets '.NETCoreApp,Version=v8.0'. [/home/runner/work/dotnet-concurrency/dotnet-concurrency/benchmarks/EricksonLopez.Concurrency.Benchmarks/bin/Release/net10.0/EricksonLopez.Concurrency.Benchmarks-.NET 8.0-2/BenchmarkDotNet.Autogenerated.csproj::TargetFramework=net8.0]
Build FAILED.
/usr/share/dotnet/sdk/10.0.401/Microsoft.Common.CurrentVersion.targets(1891,5): error : Project '/home/runner/work/dotnet-concurrency/dotnet-concurrency/benchmarks/EricksonLopez.Concurrency.Benchmarks/EricksonLopez.Concurrency.Benchmarks.csproj' targets 'net10.0'. It cannot be referenced by a project that targets '.NETCoreApp,Version=v8.0'. [/home/runner/work/dotnet-concurrency/dotnet-concurrency/benchmarks/EricksonLopez.Concurrency.Benchmarks/bin/Release/net10.0/EricksonLopez.Concurrency.Benchmarks-.NET 8.0-2/BenchmarkDotNet.Autogenerated.csproj::TargetFramework=net8.0]
    0 Warning(s)
    1 Error(s)
Time Elapsed 00:00:01.37

// BenchmarkDotNet has failed to build the auto-generated boilerplate code.
// It can be found in /home/runner/work/dotnet-concurrency/dotnet-concurrency/benchmarks/EricksonLopez.Concurrency.Benchmarks/bin/Release/net10.0/EricksonLopez.Concurrency.Benchmarks-.NET 8.0-2
// Please follow the troubleshooting guide: https://benchmarkdotnet.org/articles/guides/troubleshooting.html

// ** Remained 27 (50.0 %) benchmark(s) to run. Estimated finish 2026-09-20 7:40 (0h 4m from now) **
// Build Error: Standard output: 
  
 Standard error: 
 /usr/share/dotnet/sdk/10.0.401/Microsoft.Common.CurrentVersion.targets(1891,5): error : Project '/home/runner/work/dotnet-concurrency/dotnet-concurrency/benchmarks/EricksonLopez.Concurrency.Benchmarks/EricksonLopez.Concurrency.Benchmarks.csproj' targets 'net10.0'. It cannot be referenced by a project that targets '.NETCoreApp,Version=v9.0'. [/home/runner/work/dotnet-concurrency/dotnet-concurrency/benchmarks/EricksonLopez.Concurrency.Benchmarks/bin/Release/net10.0/EricksonLopez.Concurrency.Benchmarks-.NET 9.0-3/BenchmarkDotNet.Autogenerated.csproj::TargetFramework=net9.0]
Build FAILED.
/usr/share/dotnet/sdk/10.0.401/Microsoft.Common.CurrentVersion.targets(1891,5): error : Project '/home/runner/work/dotnet-concurrency/dotnet-concurrency/benchmarks/EricksonLopez.Concurrency.Benchmarks/EricksonLopez.Concurrency.Benchmarks.csproj' targets 'net10.0'. It cannot be referenced by a project that targets '.NETCoreApp,Version=v9.0'. [/home/runner/work/dotnet-concurrency/dotnet-concurrency/benchmarks/EricksonLopez.Concurrency.Benchmarks/bin/Release/net10.0/EricksonLopez.Concurrency.Benchmarks-.NET 9.0-3/BenchmarkDotNet.Autogenerated.csproj::TargetFramework=net9.0]
    0 Warning(s)
    1 Error(s)
Time Elapsed 00:00:01.35

// BenchmarkDotNet has failed to build the auto-generated boilerplate code.
// It can be found in /home/runner/work/dotnet-concurrency/dotnet-concurrency/benchmarks/EricksonLopez.Concurrency.Benchmarks/bin/Release/net10.0/EricksonLopez.Concurrency.Benchmarks-.NET 9.0-3
// Please follow the troubleshooting guide: https://benchmarkdotnet.org/articles/guides/troubleshooting.html

// ** Remained 26 (48.1 %) benchmark(s) to run. Estimated finish 2026-09-20 7:39 (0h 3m from now) **
// Build Error: Standard output: 
  
 Standard error: 
 /usr/share/dotnet/sdk/10.0.401/Microsoft.Common.CurrentVersion.targets(1891,5): error : Project '/home/runner/work/dotnet-concurrency/dotnet-concurrency/benchmarks/EricksonLopez.Concurrency.Benchmarks/EricksonLopez.Concurrency.Benchmarks.csproj' targets 'net10.0'. It cannot be referenced by a project that targets '.NETCoreApp,Version=v9.0'. [/home/runner/work/dotnet-concurrency/dotnet-concurrency/benchmarks/EricksonLopez.Concurrency.Benchmarks/bin/Release/net10.0/EricksonLopez.Concurrency.Benchmarks-.NET 9.0-3/BenchmarkDotNet.Autogenerated.csproj::TargetFramework=net9.0]
Build FAILED.
/usr/share/dotnet/sdk/10.0.401/Microsoft.Common.CurrentVersion.targets(1891,5): error : Project '/home/runner/work/dotnet-concurrency/dotnet-concurrency/benchmarks/EricksonLopez.Concurrency.Benchmarks/EricksonLopez.Concurrency.Benchmarks.csproj' targets 'net10.0'. It cannot be referenced by a project that targets '.NETCoreApp,Version=v9.0'. [/home/runner/work/dotnet-concurrency/dotnet-concurrency/benchmarks/EricksonLopez.Concurrency.Benchmarks/bin/Release/net10.0/EricksonLopez.Concurrency.Benchmarks-.NET 9.0-3/BenchmarkDotNet.Autogenerated.csproj::TargetFramework=net9.0]
    0 Warning(s)
    1 Error(s)
Time Elapsed 00:00:01.35

// BenchmarkDotNet has failed to build the auto-generated boilerplate code.
// It can be found in /home/runner/work/dotnet-concurrency/dotnet-concurrency/benchmarks/EricksonLopez.Concurrency.Benchmarks/bin/Release/net10.0/EricksonLopez.Concurrency.Benchmarks-.NET 9.0-3
// Please follow the troubleshooting guide: https://benchmarkdotnet.org/articles/guides/troubleshooting.html

// ** Remained 25 (46.3 %) benchmark(s) to run. Estimated finish 2026-09-20 7:39 (0h 3m from now) **
// Build Error: Standard output: 
  
 Standard error: 
 /usr/share/dotnet/sdk/10.0.401/Microsoft.Common.CurrentVersion.targets(1891,5): error : Project '/home/runner/work/dotnet-concurrency/dotnet-concurrency/benchmarks/EricksonLopez.Concurrency.Benchmarks/EricksonLopez.Concurrency.Benchmarks.csproj' targets 'net10.0'. It cannot be referenced by a project that targets '.NETCoreApp,Version=v9.0'. [/home/runner/work/dotnet-concurrency/dotnet-concurrency/benchmarks/EricksonLopez.Concurrency.Benchmarks/bin/Release/net10.0/EricksonLopez.Concurrency.Benchmarks-.NET 9.0-3/BenchmarkDotNet.Autogenerated.csproj::TargetFramework=net9.0]
Build FAILED.
/usr/share/dotnet/sdk/10.0.401/Microsoft.Common.CurrentVersion.targets(1891,5): error : Project '/home/runner/work/dotnet-concurrency/dotnet-concurrency/benchmarks/EricksonLopez.Concurrency.Benchmarks/EricksonLopez.Concurrency.Benchmarks.csproj' targets 'net10.0'. It cannot be referenced by a project that targets '.NETCoreApp,Version=v9.0'. [/home/runner/work/dotnet-concurrency/dotnet-concurrency/benchmarks/EricksonLopez.Concurrency.Benchmarks/bin/Release/net10.0/EricksonLopez.Concurrency.Benchmarks-.NET 9.0-3/BenchmarkDotNet.Autogenerated.csproj::TargetFramework=net9.0]
    0 Warning(s)
    1 Error(s)
Time Elapsed 00:00:01.35

// BenchmarkDotNet has failed to build the auto-generated boilerplate code.
// It can be found in /home/runner/work/dotnet-concurrency/dotnet-concurrency/benchmarks/EricksonLopez.Concurrency.Benchmarks/bin/Release/net10.0/EricksonLopez.Concurrency.Benchmarks-.NET 9.0-3
// Please follow the troubleshooting guide: https://benchmarkdotnet.org/articles/guides/troubleshooting.html

// ** Remained 24 (44.4 %) benchmark(s) to run. Estimated finish 2026-09-20 7:39 (0h 3m from now) **
// ***** BenchmarkRunner: Finish  *****

// * Export *
  benchmarks/results/results/EricksonLopez.Concurrency.Benchmarks.OptimisticContentionBenchmarks-report.csv
  benchmarks/results/results/EricksonLopez.Concurrency.Benchmarks.OptimisticContentionBenchmarks-report-github.md
  benchmarks/results/results/EricksonLopez.Concurrency.Benchmarks.OptimisticContentionBenchmarks-report.html
  benchmarks/results/results/EricksonLopez.Concurrency.Benchmarks.OptimisticContentionBenchmarks-report-full-compressed.json
  benchmarks/results/results/EricksonLopez.Concurrency.Benchmarks.OptimisticContentionBenchmarks-report-default.md

// * Detailed results *
OptimisticContentionBenchmarks.SingleWorkerUncontendedCas: .NET 10.0(Runtime=.NET 10.0, Toolchain=net10.0)
Runtime = .NET 10.0.12 (10.0.12, 10.0.1226.42308), X64 RyuJIT x86-64-v3; GC = Concurrent Workstation
Mean = 201.585 ns, StdErr = 0.063 ns (0.03%), N = 14, StdDev = 0.236 ns
Min = 201.146 ns, Q1 = 201.414 ns, Median = 201.644 ns, Q3 = 201.713 ns, Max = 201.942 ns
IQR = 0.299 ns, LowerFence = 200.965 ns, UpperFence = 202.161 ns
ConfidenceInterval = [201.319 ns; 201.852 ns] (CI 99.9%), Margin = 0.266 ns (0.13% of Mean)
Skewness = -0.29, Kurtosis = 1.96, MValue = 2
-------------------- Histogram --------------------
[201.017 ns ; 202.071 ns) | @@@@@@@@@@@@@@
---------------------------------------------------

OptimisticContentionBenchmarks.ParallelContentionFourWorkers: .NET 10.0(Runtime=.NET 10.0, Toolchain=net10.0)
Runtime = .NET 10.0.12 (10.0.12, 10.0.1226.42308), X64 RyuJIT x86-64-v3; GC = Concurrent Workstation
Mean = 2.629 μs, StdErr = 0.014 μs (0.53%), N = 25, StdDev = 0.069 μs
Min = 2.481 μs, Q1 = 2.592 μs, Median = 2.636 μs, Q3 = 2.677 μs, Max = 2.778 μs
IQR = 0.085 μs, LowerFence = 2.465 μs, UpperFence = 2.804 μs
ConfidenceInterval = [2.577 μs; 2.681 μs] (CI 99.9%), Margin = 0.052 μs (1.98% of Mean)
Skewness = -0.07, Kurtosis = 2.58, MValue = 2
-------------------- Histogram --------------------
[2.450 μs ; 2.517 μs) | @
[2.517 μs ; 2.579 μs) | @@@@
[2.579 μs ; 2.654 μs) | @@@@@@@@@@@@@
[2.654 μs ; 2.736 μs) | @@@@@@
[2.736 μs ; 2.809 μs) | @
---------------------------------------------------

OptimisticContentionBenchmarks.VersionPreconditionMismatchEvaluation: .NET 10.0(Runtime=.NET 10.0, Toolchain=net10.0)
Runtime = .NET 10.0.12 (10.0.12, 10.0.1226.42308), X64 RyuJIT x86-64-v3; GC = Concurrent Workstation
Mean = 238.943 ns, StdErr = 0.887 ns (0.37%), N = 15, StdDev = 3.436 ns
Min = 232.542 ns, Q1 = 235.871 ns, Median = 239.516 ns, Q3 = 241.568 ns, Max = 243.772 ns
IQR = 5.697 ns, LowerFence = 227.325 ns, UpperFence = 250.113 ns
ConfidenceInterval = [235.270 ns; 242.616 ns] (CI 99.9%), Margin = 3.673 ns (1.54% of Mean)
Skewness = -0.42, Kurtosis = 1.73, MValue = 2
-------------------- Histogram --------------------
[230.714 ns ; 237.967 ns) | @@@@@
[237.967 ns ; 245.601 ns) | @@@@@@@@@@
---------------------------------------------------

OptimisticContentionBenchmarks.SingleWorkerUncontendedCas: .NET 8.0(Runtime=.NET 8.0, Toolchain=net8.0)
Runtime = ; GC = 
There are not any results runs

OptimisticContentionBenchmarks.ParallelContentionFourWorkers: .NET 8.0(Runtime=.NET 8.0, Toolchain=net8.0)
Runtime = ; GC = 
There are not any results runs

OptimisticContentionBenchmarks.VersionPreconditionMismatchEvaluation: .NET 8.0(Runtime=.NET 8.0, Toolchain=net8.0)
Runtime = ; GC = 
There are not any results runs

OptimisticContentionBenchmarks.SingleWorkerUncontendedCas: .NET 9.0(Runtime=.NET 9.0, Toolchain=net9.0)
Runtime = ; GC = 
There are not any results runs

OptimisticContentionBenchmarks.ParallelContentionFourWorkers: .NET 9.0(Runtime=.NET 9.0, Toolchain=net9.0)
Runtime = ; GC = 
There are not any results runs

OptimisticContentionBenchmarks.VersionPreconditionMismatchEvaluation: .NET 9.0(Runtime=.NET 9.0, Toolchain=net9.0)
Runtime = ; GC = 
There are not any results runs

// * Summary *

BenchmarkDotNet v0.15.8, Linux Ubuntu 24.04.5 LTS (Noble Numbat)
AMD EPYC 7763 3.15GHz, 1 CPU, 4 logical and 2 physical cores
.NET SDK 10.0.401
  [Host]    : .NET 10.0.12 (10.0.12, 10.0.1226.42308), X64 RyuJIT x86-64-v3
  .NET 10.0 : .NET 10.0.12 (10.0.12, 10.0.1226.42308), X64 RyuJIT x86-64-v3


| Method                                | Job       | Runtime   | Mean       | Error    | StdDev   | Ratio | RatioSD | Gen0   | Allocated | Alloc Ratio |
|-------------------------------------- |---------- |---------- |-----------:|---------:|---------:|------:|--------:|-------:|----------:|------------:|
| SingleWorkerUncontendedCas            | .NET 10.0 | .NET 10.0 |   201.6 ns |  0.27 ns |  0.24 ns |     ? |       ? | 0.0029 |      48 B |           ? |
| ParallelContentionFourWorkers         | .NET 10.0 | .NET 10.0 | 2,629.2 ns | 52.00 ns | 69.42 ns |     ? |       ? | 0.0572 |     976 B |           ? |
| VersionPreconditionMismatchEvaluation | .NET 10.0 | .NET 10.0 |   238.9 ns |  3.67 ns |  3.44 ns |     ? |       ? | 0.0339 |     568 B |           ? |
| SingleWorkerUncontendedCas            | .NET 8.0  | .NET 8.0  |         NA |       NA |       NA |     ? |       ? |     NA |        NA |           ? |
| ParallelContentionFourWorkers         | .NET 8.0  | .NET 8.0  |         NA |       NA |       NA |     ? |       ? |     NA |        NA |           ? |
| VersionPreconditionMismatchEvaluation | .NET 8.0  | .NET 8.0  |         NA |       NA |       NA |     ? |       ? |     NA |        NA |           ? |
| SingleWorkerUncontendedCas            | .NET 9.0  | .NET 9.0  |         NA |       NA |       NA |     ? |       ? |     NA |        NA |           ? |
| ParallelContentionFourWorkers         | .NET 9.0  | .NET 9.0  |         NA |       NA |       NA |     ? |       ? |     NA |        NA |           ? |
| VersionPreconditionMismatchEvaluation | .NET 9.0  | .NET 9.0  |         NA |       NA |       NA |     ? |       ? |     NA |        NA |           ? |

Benchmarks with issues:
  OptimisticContentionBenchmarks.SingleWorkerUncontendedCas: .NET 8.0(Runtime=.NET 8.0, Toolchain=net8.0)
  OptimisticContentionBenchmarks.ParallelContentionFourWorkers: .NET 8.0(Runtime=.NET 8.0, Toolchain=net8.0)
  OptimisticContentionBenchmarks.VersionPreconditionMismatchEvaluation: .NET 8.0(Runtime=.NET 8.0, Toolchain=net8.0)
  OptimisticContentionBenchmarks.SingleWorkerUncontendedCas: .NET 9.0(Runtime=.NET 9.0, Toolchain=net9.0)
  OptimisticContentionBenchmarks.ParallelContentionFourWorkers: .NET 9.0(Runtime=.NET 9.0, Toolchain=net9.0)
  OptimisticContentionBenchmarks.VersionPreconditionMismatchEvaluation: .NET 9.0(Runtime=.NET 9.0, Toolchain=net9.0)

// * Warnings *
BaselineCustomAnalyzer
  Summary -> A question mark '?' symbol indicates that it was not possible to compute the (Ratio, RatioSD, Alloc Ratio) column(s) because the baseline or benchmark could not be found, or the baseline value is too close to zero.

// * Hints *
Outliers
  OptimisticContentionBenchmarks.SingleWorkerUncontendedCas: .NET 10.0    -> 1 outlier  was  removed (205.22 ns)
  OptimisticContentionBenchmarks.ParallelContentionFourWorkers: .NET 10.0 -> 4 outliers were removed (2.93 μs..3.13 μs)

// * Legends *
  Mean        : Arithmetic mean of all measurements
  Error       : Half of 99.9% confidence interval
  StdDev      : Standard deviation of all measurements
  Ratio       : Mean of the ratio distribution ([Current]/[Baseline])
  RatioSD     : Standard deviation of the ratio distribution ([Current]/[Baseline])
  Gen0        : GC Generation 0 collects per 1000 operations
  Allocated   : Allocated memory per single operation (managed only, inclusive, 1KB = 1024B)
  Alloc Ratio : Allocated memory ratio distribution ([Current]/[Baseline])
  1 ns        : 1 Nanosecond (0.000000001 sec)

// * Diagnostic Output - MemoryDiagnoser *


// ***** BenchmarkRunner: End *****
Run time: 00:01:18 (78.97 sec), executed benchmarks: 3

// Found 24 benchmarks:
//   TokenAllocationBenchmarks.CreateStructVersion: .NET 10.0(Runtime=.NET 10.0, Toolchain=net10.0)
//   TokenAllocationBenchmarks.CreateStructToken: .NET 10.0(Runtime=.NET 10.0, Toolchain=net10.0)
//   TokenAllocationBenchmarks.CreateExpectedVersionSpecific: .NET 10.0(Runtime=.NET 10.0, Toolchain=net10.0)
//   TokenAllocationBenchmarks.TryParseSpanVersion: .NET 10.0(Runtime=.NET 10.0, Toolchain=net10.0)
//   TokenAllocationBenchmarks.TryParseStringVersion: .NET 10.0(Runtime=.NET 10.0, Toolchain=net10.0)
//   TokenAllocationBenchmarks.FormatVersionToString: .NET 10.0(Runtime=.NET 10.0, Toolchain=net10.0)
//   TokenAllocationBenchmarks.CompareTokensValueEquality: .NET 10.0(Runtime=.NET 10.0, Toolchain=net10.0)
//   TokenAllocationBenchmarks.CheckExpectedMatchesActual: .NET 10.0(Runtime=.NET 10.0, Toolchain=net10.0)
//   TokenAllocationBenchmarks.CreateStructVersion: .NET 8.0(Runtime=.NET 8.0, Toolchain=net8.0)
//   TokenAllocationBenchmarks.CreateStructToken: .NET 8.0(Runtime=.NET 8.0, Toolchain=net8.0)
//   TokenAllocationBenchmarks.CreateExpectedVersionSpecific: .NET 8.0(Runtime=.NET 8.0, Toolchain=net8.0)
//   TokenAllocationBenchmarks.TryParseSpanVersion: .NET 8.0(Runtime=.NET 8.0, Toolchain=net8.0)
//   TokenAllocationBenchmarks.TryParseStringVersion: .NET 8.0(Runtime=.NET 8.0, Toolchain=net8.0)
//   TokenAllocationBenchmarks.FormatVersionToString: .NET 8.0(Runtime=.NET 8.0, Toolchain=net8.0)
//   TokenAllocationBenchmarks.CompareTokensValueEquality: .NET 8.0(Runtime=.NET 8.0, Toolchain=net8.0)
//   TokenAllocationBenchmarks.CheckExpectedMatchesActual: .NET 8.0(Runtime=.NET 8.0, Toolchain=net8.0)
//   TokenAllocationBenchmarks.CreateStructVersion: .NET 9.0(Runtime=.NET 9.0, Toolchain=net9.0)
//   TokenAllocationBenchmarks.CreateStructToken: .NET 9.0(Runtime=.NET 9.0, Toolchain=net9.0)
//   TokenAllocationBenchmarks.CreateExpectedVersionSpecific: .NET 9.0(Runtime=.NET 9.0, Toolchain=net9.0)
//   TokenAllocationBenchmarks.TryParseSpanVersion: .NET 9.0(Runtime=.NET 9.0, Toolchain=net9.0)
//   TokenAllocationBenchmarks.TryParseStringVersion: .NET 9.0(Runtime=.NET 9.0, Toolchain=net9.0)
//   TokenAllocationBenchmarks.FormatVersionToString: .NET 9.0(Runtime=.NET 9.0, Toolchain=net9.0)
//   TokenAllocationBenchmarks.CompareTokensValueEquality: .NET 9.0(Runtime=.NET 9.0, Toolchain=net9.0)
//   TokenAllocationBenchmarks.CheckExpectedMatchesActual: .NET 9.0(Runtime=.NET 9.0, Toolchain=net9.0)

// **************************
// Benchmark: TokenAllocationBenchmarks.CreateStructVersion: .NET 10.0(Runtime=.NET 10.0, Toolchain=net10.0)
// *** Execute ***
// Launch: 1 / 1
// Execute: dotnet "EricksonLopez.Concurrency.Benchmarks-.NET 10.0-1.dll" --anonymousPipes 118 120 --benchmarkName EricksonLopez.Concurrency.Benchmarks.TokenAllocationBenchmarks.CreateStructVersion --job ".NET 10.0" --benchmarkId 10 in /home/runner/work/dotnet-concurrency/dotnet-concurrency/benchmarks/EricksonLopez.Concurrency.Benchmarks/bin/Release/net10.0/EricksonLopez.Concurrency.Benchmarks-.NET 10.0-1/bin/Release/net10.0
// Failed to set up high priority (Permission denied). In order to run benchmarks with high priority, make sure you have the right permissions.
// BeforeAnythingElse

// Benchmark Process Environment Information:
// BenchmarkDotNet v0.15.8
// Runtime=.NET 10.0.12 (10.0.12, 10.0.1226.42308), X64 RyuJIT x86-64-v3
// GC=Concurrent Workstation
// HardwareIntrinsics=AVX2+BMI1+BMI2+F16C+FMA+LZCNT+MOVBE,AVX,SSE3+SSSE3+SSE4.1+SSE4.2+POPCNT,X86Base+SSE+SSE2,AES+PCLMUL VectorSize=256
// Job: .NET 10.0

OverheadJitting  1: 1 op, 224018.00 ns, 224.0180 us/op
WorkloadJitting  1: 1 op, 211955.00 ns, 211.9550 us/op

OverheadJitting  2: 16 op, 252622.00 ns, 15.7889 us/op
WorkloadJitting  2: 16 op, 217176.00 ns, 13.5735 us/op

WorkloadPilot    1: 16 op, 631.00 ns, 39.4375 ns/op
WorkloadPilot    2: 32 op, 661.00 ns, 20.6563 ns/op
WorkloadPilot    3: 64 op, 761.00 ns, 11.8906 ns/op
WorkloadPilot    4: 128 op, 1022.00 ns, 7.9844 ns/op
WorkloadPilot    5: 256 op, 1513.00 ns, 5.9102 ns/op
WorkloadPilot    6: 512 op, 2514.00 ns, 4.9102 ns/op
WorkloadPilot    7: 1024 op, 4518.00 ns, 4.4121 ns/op
WorkloadPilot    8: 2048 op, 8585.00 ns, 4.1919 ns/op
WorkloadPilot    9: 4096 op, 16510.00 ns, 4.0308 ns/op
WorkloadPilot   10: 8192 op, 32561.00 ns, 3.9747 ns/op
WorkloadPilot   11: 16384 op, 64440.00 ns, 3.9331 ns/op
WorkloadPilot   12: 32768 op, 128631.00 ns, 3.9255 ns/op
WorkloadPilot   13: 65536 op, 256369.00 ns, 3.9119 ns/op
WorkloadPilot   14: 131072 op, 512117.00 ns, 3.9071 ns/op
WorkloadPilot   15: 262144 op, 1056604.00 ns, 4.0306 ns/op
WorkloadPilot   16: 524288 op, 2078452.00 ns, 3.9643 ns/op
WorkloadPilot   17: 1048576 op, 4166654.00 ns, 3.9736 ns/op
WorkloadPilot   18: 2097152 op, 8307539.00 ns, 3.9613 ns/op
WorkloadPilot   19: 4194304 op, 16608465.00 ns, 3.9598 ns/op
WorkloadPilot   20: 8388608 op, 33790972.00 ns, 4.0282 ns/op
WorkloadPilot   21: 16777216 op, 66366214.00 ns, 3.9557 ns/op
WorkloadPilot   22: 33554432 op, 109152130.00 ns, 3.2530 ns/op
WorkloadPilot   23: 67108864 op, 110459451.00 ns, 1.6460 ns/op
WorkloadPilot   24: 134217728 op, 220536953.00 ns, 1.6431 ns/op
WorkloadPilot   25: 268435456 op, 438754567.00 ns, 1.6345 ns/op
WorkloadPilot   26: 536870912 op, 881683763.00 ns, 1.6423 ns/op

OverheadWarmup   1: 536870912 op, 1494671256.00 ns, 2.7840 ns/op
OverheadWarmup   2: 536870912 op, 877549574.00 ns, 1.6346 ns/op
OverheadWarmup   3: 536870912 op, 878134557.00 ns, 1.6357 ns/op
OverheadWarmup   4: 536870912 op, 877287335.00 ns, 1.6341 ns/op
OverheadWarmup   5: 536870912 op, 878033839.00 ns, 1.6355 ns/op
OverheadWarmup   6: 536870912 op, 878796864.00 ns, 1.6369 ns/op
OverheadWarmup   7: 536870912 op, 878102397.00 ns, 1.6356 ns/op

OverheadActual   1: 536870912 op, 878371790.00 ns, 1.6361 ns/op
OverheadActual   2: 536870912 op, 879792661.00 ns, 1.6387 ns/op
OverheadActual   3: 536870912 op, 878015204.00 ns, 1.6354 ns/op
OverheadActual   4: 536870912 op, 883161236.00 ns, 1.6450 ns/op
OverheadActual   5: 536870912 op, 878517282.00 ns, 1.6364 ns/op
OverheadActual   6: 536870912 op, 877138355.00 ns, 1.6338 ns/op
OverheadActual   7: 536870912 op, 877733187.00 ns, 1.6349 ns/op
OverheadActual   8: 536870912 op, 877373064.00 ns, 1.6342 ns/op
OverheadActual   9: 536870912 op, 878238981.00 ns, 1.6358 ns/op
OverheadActual  10: 536870912 op, 878152260.00 ns, 1.6357 ns/op
OverheadActual  11: 536870912 op, 878863047.00 ns, 1.6370 ns/op
OverheadActual  12: 536870912 op, 878324670.00 ns, 1.6360 ns/op
OverheadActual  13: 536870912 op, 878191140.00 ns, 1.6358 ns/op
OverheadActual  14: 536870912 op, 880398011.00 ns, 1.6399 ns/op
OverheadActual  15: 536870912 op, 878562193.00 ns, 1.6364 ns/op

WorkloadWarmup   1: 536870912 op, 878260580.00 ns, 1.6359 ns/op
WorkloadWarmup   2: 536870912 op, 877884187.00 ns, 1.6352 ns/op
WorkloadWarmup   3: 536870912 op, 878433613.00 ns, 1.6362 ns/op
WorkloadWarmup   4: 536870912 op, 878629018.00 ns, 1.6366 ns/op
WorkloadWarmup   5: 536870912 op, 877807576.00 ns, 1.6350 ns/op
WorkloadWarmup   6: 536870912 op, 878305005.00 ns, 1.6360 ns/op
WorkloadWarmup   7: 536870912 op, 877336776.00 ns, 1.6342 ns/op

// BeforeActualRun
WorkloadActual   1: 536870912 op, 878153863.00 ns, 1.6357 ns/op
WorkloadActual   2: 536870912 op, 878516710.00 ns, 1.6364 ns/op
WorkloadActual   3: 536870912 op, 880307797.00 ns, 1.6397 ns/op
WorkloadActual   4: 536870912 op, 881152847.00 ns, 1.6413 ns/op
WorkloadActual   5: 536870912 op, 878029139.00 ns, 1.6355 ns/op
WorkloadActual   6: 536870912 op, 878132894.00 ns, 1.6356 ns/op
WorkloadActual   7: 536870912 op, 877482384.00 ns, 1.6344 ns/op
WorkloadActual   8: 536870912 op, 877062859.00 ns, 1.6337 ns/op
WorkloadActual   9: 536870912 op, 877718423.00 ns, 1.6349 ns/op
WorkloadActual  10: 536870912 op, 878078265.00 ns, 1.6355 ns/op
WorkloadActual  11: 536870912 op, 877558263.00 ns, 1.6346 ns/op
WorkloadActual  12: 536870912 op, 877415608.00 ns, 1.6343 ns/op
WorkloadActual  13: 536870912 op, 878602424.00 ns, 1.6365 ns/op
WorkloadActual  14: 536870912 op, 878727908.00 ns, 1.6368 ns/op
WorkloadActual  15: 536870912 op, 879178349.00 ns, 1.6376 ns/op

// AfterActualRun
WorkloadResult   1: 536870912 op, 0.00 ns, 0.0000 ns/op
WorkloadResult   2: 536870912 op, 192040.00 ns, 0.0004 ns/op
WorkloadResult   3: 536870912 op, 0.00 ns, 0.0000 ns/op
WorkloadResult   4: 536870912 op, 0.00 ns, 0.0000 ns/op
WorkloadResult   5: 536870912 op, 0.00 ns, 0.0000 ns/op
WorkloadResult   6: 536870912 op, 0.00 ns, 0.0000 ns/op
WorkloadResult   7: 536870912 op, 0.00 ns, 0.0000 ns/op
WorkloadResult   8: 536870912 op, 0.00 ns, 0.0000 ns/op
WorkloadResult   9: 536870912 op, 0.00 ns, 0.0000 ns/op
WorkloadResult  10: 536870912 op, 0.00 ns, 0.0000 ns/op
WorkloadResult  11: 536870912 op, 277754.00 ns, 0.0005 ns/op
WorkloadResult  12: 536870912 op, 403238.00 ns, 0.0008 ns/op
WorkloadResult  13: 536870912 op, 853679.00 ns, 0.0016 ns/op
// GC:  0 0 0 0 536870912
// Threading:  0 0 536870912

// AfterAll
// Benchmark Process 5397 has exited with code 0.

Mean = 0.000 ns, StdErr = 0.000 ns (53.10%), N = 13, StdDev = 0.000 ns
Min = 0.000 ns, Q1 = 0.000 ns, Median = 0.000 ns, Q3 = 0.000 ns, Max = 0.002 ns
IQR = 0.000 ns, LowerFence = -0.001 ns, UpperFence = 0.001 ns
ConfidenceInterval = [-0.000 ns; 0.001 ns] (CI 99.9%), Margin = 0.001 ns (229.28% of Mean)
Skewness = 1.76, Kurtosis = 5.12, MValue = 2.22

// ** Remained 23 (42.6 %) benchmark(s) to run. Estimated finish 2026-09-20 7:40 (0h 3m from now) **
// **************************
// Benchmark: TokenAllocationBenchmarks.CreateStructToken: .NET 10.0(Runtime=.NET 10.0, Toolchain=net10.0)
// *** Execute ***
// Launch: 1 / 1
// Execute: dotnet "EricksonLopez.Concurrency.Benchmarks-.NET 10.0-1.dll" --anonymousPipes 118 120 --benchmarkName EricksonLopez.Concurrency.Benchmarks.TokenAllocationBenchmarks.CreateStructToken --job ".NET 10.0" --benchmarkId 11 in /home/runner/work/dotnet-concurrency/dotnet-concurrency/benchmarks/EricksonLopez.Concurrency.Benchmarks/bin/Release/net10.0/EricksonLopez.Concurrency.Benchmarks-.NET 10.0-1/bin/Release/net10.0
// Failed to set up high priority (Permission denied). In order to run benchmarks with high priority, make sure you have the right permissions.
// BeforeAnythingElse

// Benchmark Process Environment Information:
// BenchmarkDotNet v0.15.8
// Runtime=.NET 10.0.12 (10.0.12, 10.0.1226.42308), X64 RyuJIT x86-64-v3
// GC=Concurrent Workstation
// HardwareIntrinsics=AVX2+BMI1+BMI2+F16C+FMA+LZCNT+MOVBE,AVX,SSE3+SSSE3+SSE4.1+SSE4.2+POPCNT,X86Base+SSE+SSE2,AES+PCLMUL VectorSize=256
// Job: .NET 10.0

OverheadJitting  1: 1 op, 229699.00 ns, 229.6990 us/op
WorkloadJitting  1: 1 op, 258724.00 ns, 258.7240 us/op

OverheadJitting  2: 16 op, 216344.00 ns, 13.5215 us/op
WorkloadJitting  2: 16 op, 244597.00 ns, 15.2873 us/op

WorkloadPilot    1: 16 op, 1473.00 ns, 92.0625 ns/op
WorkloadPilot    2: 32 op, 1082.00 ns, 33.8125 ns/op
WorkloadPilot    3: 64 op, 1392.00 ns, 21.7500 ns/op
WorkloadPilot    4: 128 op, 1823.00 ns, 14.2422 ns/op
WorkloadPilot    5: 256 op, 3096.00 ns, 12.0938 ns/op
WorkloadPilot    6: 512 op, 5310.00 ns, 10.3711 ns/op
WorkloadPilot    7: 1024 op, 9909.00 ns, 9.6768 ns/op
WorkloadPilot    8: 2048 op, 19296.00 ns, 9.4219 ns/op
WorkloadPilot    9: 4096 op, 37751.00 ns, 9.2166 ns/op
WorkloadPilot   10: 8192 op, 74799.00 ns, 9.1307 ns/op
WorkloadPilot   11: 16384 op, 148668.00 ns, 9.0740 ns/op
WorkloadPilot   12: 32768 op, 319808.00 ns, 9.7598 ns/op
WorkloadPilot   13: 65536 op, 609849.00 ns, 9.3056 ns/op
WorkloadPilot   14: 131072 op, 1214900.00 ns, 9.2690 ns/op
WorkloadPilot   15: 262144 op, 2411655.00 ns, 9.1997 ns/op
WorkloadPilot   16: 524288 op, 4801640.00 ns, 9.1584 ns/op
WorkloadPilot   17: 1048576 op, 9560981.00 ns, 9.1181 ns/op
WorkloadPilot   18: 2097152 op, 19108277.00 ns, 9.1115 ns/op
WorkloadPilot   19: 4194304 op, 38268581.00 ns, 9.1239 ns/op
WorkloadPilot   20: 8388608 op, 76968868.00 ns, 9.1754 ns/op
WorkloadPilot   21: 16777216 op, 74809845.00 ns, 4.4590 ns/op
WorkloadPilot   22: 33554432 op, 94394611.00 ns, 2.8132 ns/op
WorkloadPilot   23: 67108864 op, 188907815.00 ns, 2.8149 ns/op
WorkloadPilot   24: 134217728 op, 377703399.00 ns, 2.8141 ns/op
WorkloadPilot   25: 268435456 op, 754704405.00 ns, 2.8115 ns/op

OverheadWarmup   1: 268435456 op, 728050433.00 ns, 2.7122 ns/op
OverheadWarmup   2: 268435456 op, 438640116.00 ns, 1.6341 ns/op
OverheadWarmup   3: 268435456 op, 439183702.00 ns, 1.6361 ns/op
OverheadWarmup   4: 268435456 op, 438619228.00 ns, 1.6340 ns/op
OverheadWarmup   5: 268435456 op, 439481408.00 ns, 1.6372 ns/op
OverheadWarmup   6: 268435456 op, 442196290.00 ns, 1.6473 ns/op
OverheadWarmup   7: 268435456 op, 439811084.00 ns, 1.6384 ns/op

OverheadActual   1: 268435456 op, 439570755.00 ns, 1.6375 ns/op
OverheadActual   2: 268435456 op, 439841001.00 ns, 1.6385 ns/op
OverheadActual   3: 268435456 op, 439018384.00 ns, 1.6355 ns/op
OverheadActual   4: 268435456 op, 439052066.00 ns, 1.6356 ns/op
OverheadActual   5: 268435456 op, 439533054.00 ns, 1.6374 ns/op
OverheadActual   6: 268435456 op, 438581587.00 ns, 1.6338 ns/op
OverheadActual   7: 268435456 op, 440220605.00 ns, 1.6399 ns/op
OverheadActual   8: 268435456 op, 438666146.00 ns, 1.6342 ns/op
OverheadActual   9: 268435456 op, 440992033.00 ns, 1.6428 ns/op
OverheadActual  10: 268435456 op, 438874084.00 ns, 1.6349 ns/op
OverheadActual  11: 268435456 op, 439097373.00 ns, 1.6358 ns/op
OverheadActual  12: 268435456 op, 439103283.00 ns, 1.6358 ns/op
OverheadActual  13: 268435456 op, 438860350.00 ns, 1.6349 ns/op
OverheadActual  14: 268435456 op, 439652300.00 ns, 1.6378 ns/op
OverheadActual  15: 268435456 op, 438739323.00 ns, 1.6344 ns/op

WorkloadWarmup   1: 268435456 op, 756105886.00 ns, 2.8167 ns/op
WorkloadWarmup   2: 268435456 op, 755735784.00 ns, 2.8153 ns/op
WorkloadWarmup   3: 268435456 op, 755238625.00 ns, 2.8135 ns/op
WorkloadWarmup   4: 268435456 op, 755444099.00 ns, 2.8142 ns/op
WorkloadWarmup   5: 268435456 op, 769640761.00 ns, 2.8671 ns/op
WorkloadWarmup   6: 268435456 op, 755880639.00 ns, 2.8159 ns/op
WorkloadWarmup   7: 268435456 op, 755919617.00 ns, 2.8160 ns/op
WorkloadWarmup   8: 268435456 op, 755153152.00 ns, 2.8132 ns/op

// BeforeActualRun
WorkloadActual   1: 268435456 op, 757346610.00 ns, 2.8213 ns/op
WorkloadActual   2: 268435456 op, 764172201.00 ns, 2.8468 ns/op
WorkloadActual   3: 268435456 op, 756469488.00 ns, 2.8181 ns/op
WorkloadActual   4: 268435456 op, 755737010.00 ns, 2.8153 ns/op
WorkloadActual   5: 268435456 op, 755717384.00 ns, 2.8153 ns/op
WorkloadActual   6: 268435456 op, 755431971.00 ns, 2.8142 ns/op
WorkloadActual   7: 268435456 op, 755858357.00 ns, 2.8158 ns/op
WorkloadActual   8: 268435456 op, 754699642.00 ns, 2.8115 ns/op
WorkloadActual   9: 268435456 op, 755943671.00 ns, 2.8161 ns/op
WorkloadActual  10: 268435456 op, 755717333.00 ns, 2.8153 ns/op
WorkloadActual  11: 268435456 op, 755277530.00 ns, 2.8136 ns/op
WorkloadActual  12: 268435456 op, 754785010.00 ns, 2.8118 ns/op
WorkloadActual  13: 268435456 op, 756130325.00 ns, 2.8168 ns/op
WorkloadActual  14: 268435456 op, 756638684.00 ns, 2.8187 ns/op
WorkloadActual  15: 268435456 op, 755791362.00 ns, 2.8155 ns/op

// AfterActualRun
WorkloadResult   1: 268435456 op, 318249237.00 ns, 1.1856 ns/op
WorkloadResult   2: 268435456 op, 317372115.00 ns, 1.1823 ns/op
WorkloadResult   3: 268435456 op, 316639637.00 ns, 1.1796 ns/op
WorkloadResult   4: 268435456 op, 316620011.00 ns, 1.1795 ns/op
WorkloadResult   5: 268435456 op, 316334598.00 ns, 1.1784 ns/op
WorkloadResult   6: 268435456 op, 316760984.00 ns, 1.1800 ns/op
WorkloadResult   7: 268435456 op, 315602269.00 ns, 1.1757 ns/op
WorkloadResult   8: 268435456 op, 316846298.00 ns, 1.1803 ns/op
WorkloadResult   9: 268435456 op, 316619960.00 ns, 1.1795 ns/op
WorkloadResult  10: 268435456 op, 316180157.00 ns, 1.1779 ns/op
WorkloadResult  11: 268435456 op, 315687637.00 ns, 1.1760 ns/op
WorkloadResult  12: 268435456 op, 317032952.00 ns, 1.1810 ns/op
WorkloadResult  13: 268435456 op, 317541311.00 ns, 1.1829 ns/op
WorkloadResult  14: 268435456 op, 316693989.00 ns, 1.1798 ns/op
// GC:  0 0 0 0 268435456
// Threading:  0 0 268435456

// AfterAll
// Benchmark Process 5422 has exited with code 0.

Mean = 1.180 ns, StdErr = 0.001 ns (0.06%), N = 14, StdDev = 0.003 ns
Min = 1.176 ns, Q1 = 1.179 ns, Median = 1.180 ns, Q3 = 1.181 ns, Max = 1.186 ns
IQR = 0.002 ns, LowerFence = 1.175 ns, UpperFence = 1.184 ns
ConfidenceInterval = [1.177 ns; 1.183 ns] (CI 99.9%), Margin = 0.003 ns (0.25% of Mean)
Skewness = 0.33, Kurtosis = 2.67, MValue = 2

// ** Remained 22 (40.7 %) benchmark(s) to run. Estimated finish 2026-09-20 7:40 (0h 3m from now) **
// **************************
// Benchmark: TokenAllocationBenchmarks.CreateExpectedVersionSpecific: .NET 10.0(Runtime=.NET 10.0, Toolchain=net10.0)
// *** Execute ***
// Launch: 1 / 1
// Execute: dotnet "EricksonLopez.Concurrency.Benchmarks-.NET 10.0-1.dll" --anonymousPipes 118 120 --benchmarkName EricksonLopez.Concurrency.Benchmarks.TokenAllocationBenchmarks.CreateExpectedVersionSpecific --job ".NET 10.0" --benchmarkId 12 in /home/runner/work/dotnet-concurrency/dotnet-concurrency/benchmarks/EricksonLopez.Concurrency.Benchmarks/bin/Release/net10.0/EricksonLopez.Concurrency.Benchmarks-.NET 10.0-1/bin/Release/net10.0
// Failed to set up high priority (Permission denied). In order to run benchmarks with high priority, make sure you have the right permissions.
// BeforeAnythingElse

// Benchmark Process Environment Information:
// BenchmarkDotNet v0.15.8
// Runtime=.NET 10.0.12 (10.0.12, 10.0.1226.42308), X64 RyuJIT x86-64-v3
// GC=Concurrent Workstation
// HardwareIntrinsics=AVX2+BMI1+BMI2+F16C+FMA+LZCNT+MOVBE,AVX,SSE3+SSSE3+SSE4.1+SSE4.2+POPCNT,X86Base+SSE+SSE2,AES+PCLMUL VectorSize=256
// Job: .NET 10.0

OverheadJitting  1: 1 op, 215492.00 ns, 215.4920 us/op
WorkloadJitting  1: 1 op, 223508.00 ns, 223.5080 us/op

OverheadJitting  2: 16 op, 230560.00 ns, 14.4100 us/op
WorkloadJitting  2: 16 op, 276546.00 ns, 17.2841 us/op

WorkloadPilot    1: 16 op, 762.00 ns, 47.6250 ns/op
WorkloadPilot    2: 32 op, 922.00 ns, 28.8125 ns/op
WorkloadPilot    3: 64 op, 1383.00 ns, 21.6094 ns/op
WorkloadPilot    4: 128 op, 2284.00 ns, 17.8438 ns/op
WorkloadPilot    5: 256 op, 4027.00 ns, 15.7305 ns/op
WorkloadPilot    6: 512 op, 7585.00 ns, 14.8145 ns/op
WorkloadPilot    7: 1024 op, 14597.00 ns, 14.2549 ns/op
WorkloadPilot    8: 2048 op, 28793.00 ns, 14.0591 ns/op
WorkloadPilot    9: 4096 op, 76212.00 ns, 18.6064 ns/op
WorkloadPilot   10: 8192 op, 112620.00 ns, 13.7476 ns/op
WorkloadPilot   11: 16384 op, 225051.00 ns, 13.7360 ns/op
WorkloadPilot   12: 32768 op, 450011.00 ns, 13.7332 ns/op
WorkloadPilot   13: 65536 op, 916293.00 ns, 13.9815 ns/op
WorkloadPilot   14: 131072 op, 1826824.00 ns, 13.9376 ns/op
WorkloadPilot   15: 262144 op, 3639101.00 ns, 13.8821 ns/op
WorkloadPilot   16: 524288 op, 7267981.00 ns, 13.8626 ns/op
WorkloadPilot   17: 1048576 op, 14540662.00 ns, 13.8671 ns/op
WorkloadPilot   18: 2097152 op, 29058521.00 ns, 13.8562 ns/op
WorkloadPilot   19: 4194304 op, 58043084.00 ns, 13.8385 ns/op
WorkloadPilot   20: 8388608 op, 72014893.00 ns, 8.5848 ns/op
WorkloadPilot   21: 16777216 op, 27553078.00 ns, 1.6423 ns/op
WorkloadPilot   22: 33554432 op, 54804372.00 ns, 1.6333 ns/op
WorkloadPilot   23: 67108864 op, 109840968.00 ns, 1.6368 ns/op
WorkloadPilot   24: 134217728 op, 219286306.00 ns, 1.6338 ns/op
WorkloadPilot   25: 268435456 op, 439093275.00 ns, 1.6357 ns/op
WorkloadPilot   26: 536870912 op, 877609699.00 ns, 1.6347 ns/op

OverheadWarmup   1: 536870912 op, 1490922248.00 ns, 2.7771 ns/op
OverheadWarmup   2: 536870912 op, 924034347.00 ns, 1.7211 ns/op
OverheadWarmup   3: 536870912 op, 877646128.00 ns, 1.6347 ns/op
OverheadWarmup   4: 536870912 op, 878438627.00 ns, 1.6362 ns/op
OverheadWarmup   5: 536870912 op, 878583467.00 ns, 1.6365 ns/op
OverheadWarmup   6: 536870912 op, 877030265.00 ns, 1.6336 ns/op
OverheadWarmup   7: 536870912 op, 878583407.00 ns, 1.6365 ns/op
OverheadWarmup   8: 536870912 op, 877985971.00 ns, 1.6354 ns/op

OverheadActual   1: 536870912 op, 878153792.00 ns, 1.6357 ns/op
OverheadActual   2: 536870912 op, 877690592.00 ns, 1.6348 ns/op
OverheadActual   3: 536870912 op, 879015084.00 ns, 1.6373 ns/op
OverheadActual   4: 536870912 op, 878040673.00 ns, 1.6355 ns/op
OverheadActual   5: 536870912 op, 887741570.00 ns, 1.6535 ns/op
OverheadActual   6: 536870912 op, 877325711.00 ns, 1.6341 ns/op
OverheadActual   7: 536870912 op, 877862183.00 ns, 1.6351 ns/op
OverheadActual   8: 536870912 op, 877756797.00 ns, 1.6349 ns/op
OverheadActual   9: 536870912 op, 958832680.00 ns, 1.7860 ns/op
OverheadActual  10: 536870912 op, 880425819.00 ns, 1.6399 ns/op
OverheadActual  11: 536870912 op, 883032056.00 ns, 1.6448 ns/op
OverheadActual  12: 536870912 op, 878832713.00 ns, 1.6370 ns/op
OverheadActual  13: 536870912 op, 878576925.00 ns, 1.6365 ns/op
OverheadActual  14: 536870912 op, 878057475.00 ns, 1.6355 ns/op
OverheadActual  15: 536870912 op, 878044320.00 ns, 1.6355 ns/op

WorkloadWarmup   1: 536870912 op, 879214908.00 ns, 1.6377 ns/op
WorkloadWarmup   2: 536870912 op, 878674207.00 ns, 1.6367 ns/op
WorkloadWarmup   3: 536870912 op, 877907405.00 ns, 1.6352 ns/op
WorkloadWarmup   4: 536870912 op, 887772979.00 ns, 1.6536 ns/op
WorkloadWarmup   5: 536870912 op, 877875890.00 ns, 1.6352 ns/op
WorkloadWarmup   6: 536870912 op, 879511759.00 ns, 1.6382 ns/op
WorkloadWarmup   7: 536870912 op, 877781955.00 ns, 1.6350 ns/op

// BeforeActualRun
WorkloadActual   1: 536870912 op, 880195679.00 ns, 1.6395 ns/op
WorkloadActual   2: 536870912 op, 878700230.00 ns, 1.6367 ns/op
WorkloadActual   3: 536870912 op, 878419009.00 ns, 1.6362 ns/op
WorkloadActual   4: 536870912 op, 879075816.00 ns, 1.6374 ns/op
WorkloadActual   5: 536870912 op, 879988882.00 ns, 1.6391 ns/op
WorkloadActual   6: 536870912 op, 878354006.00 ns, 1.6361 ns/op
WorkloadActual   7: 536870912 op, 878700888.00 ns, 1.6367 ns/op
WorkloadActual   8: 536870912 op, 886252178.00 ns, 1.6508 ns/op
WorkloadActual   9: 536870912 op, 877661747.00 ns, 1.6348 ns/op
WorkloadActual  10: 536870912 op, 878157803.00 ns, 1.6357 ns/op
WorkloadActual  11: 536870912 op, 878703162.00 ns, 1.6367 ns/op
WorkloadActual  12: 536870912 op, 878002783.00 ns, 1.6354 ns/op
WorkloadActual  13: 536870912 op, 878187048.00 ns, 1.6358 ns/op
WorkloadActual  14: 536870912 op, 878084005.00 ns, 1.6356 ns/op
WorkloadActual  15: 536870912 op, 878534652.00 ns, 1.6364 ns/op

// AfterActualRun
WorkloadResult   1: 536870912 op, 546438.00 ns, 0.0010 ns/op
WorkloadResult   2: 536870912 op, 265217.00 ns, 0.0005 ns/op
WorkloadResult   3: 536870912 op, 922024.00 ns, 0.0017 ns/op
WorkloadResult   4: 536870912 op, 200214.00 ns, 0.0004 ns/op
WorkloadResult   5: 536870912 op, 547096.00 ns, 0.0010 ns/op
WorkloadResult   6: 536870912 op, 0.00 ns, 0.0000 ns/op
WorkloadResult   7: 536870912 op, 4011.00 ns, 0.0000 ns/op
WorkloadResult   8: 536870912 op, 549370.00 ns, 0.0010 ns/op
WorkloadResult   9: 536870912 op, 0.00 ns, 0.0000 ns/op
WorkloadResult  10: 536870912 op, 33256.00 ns, 0.0001 ns/op
WorkloadResult  11: 536870912 op, 0.00 ns, 0.0000 ns/op
WorkloadResult  12: 536870912 op, 380860.00 ns, 0.0007 ns/op
// GC:  0 0 0 0 536870912
// Threading:  0 0 536870912

// AfterAll
// Benchmark Process 5439 has exited with code 0.

Mean = 0.001 ns, StdErr = 0.000 ns (30.52%), N = 12, StdDev = 0.001 ns
Min = 0.000 ns, Q1 = 0.000 ns, Median = 0.000 ns, Q3 = 0.001 ns, Max = 0.002 ns
IQR = 0.001 ns, LowerFence = -0.002 ns, UpperFence = 0.003 ns
ConfidenceInterval = [-0.000 ns; 0.001 ns] (CI 99.9%), Margin = 0.001 ns (135.42% of Mean)
Skewness = 0.59, Kurtosis = 2.03, MValue = 2

// ** Remained 21 (38.9 %) benchmark(s) to run. Estimated finish 2026-09-20 7:41 (0h 3m from now) **
// **************************
// Benchmark: TokenAllocationBenchmarks.TryParseSpanVersion: .NET 10.0(Runtime=.NET 10.0, Toolchain=net10.0)
// *** Execute ***
// Launch: 1 / 1
// Execute: dotnet "EricksonLopez.Concurrency.Benchmarks-.NET 10.0-1.dll" --anonymousPipes 118 120 --benchmarkName EricksonLopez.Concurrency.Benchmarks.TokenAllocationBenchmarks.TryParseSpanVersion --job ".NET 10.0" --benchmarkId 13 in /home/runner/work/dotnet-concurrency/dotnet-concurrency/benchmarks/EricksonLopez.Concurrency.Benchmarks/bin/Release/net10.0/EricksonLopez.Concurrency.Benchmarks-.NET 10.0-1/bin/Release/net10.0
// Failed to set up high priority (Permission denied). In order to run benchmarks with high priority, make sure you have the right permissions.
// BeforeAnythingElse

// Benchmark Process Environment Information:
// BenchmarkDotNet v0.15.8
// Runtime=.NET 10.0.12 (10.0.12, 10.0.1226.42308), X64 RyuJIT x86-64-v3
// GC=Concurrent Workstation
// HardwareIntrinsics=AVX2+BMI1+BMI2+F16C+FMA+LZCNT+MOVBE,AVX,SSE3+SSSE3+SSE4.1+SSE4.2+POPCNT,X86Base+SSE+SSE2,AES+PCLMUL VectorSize=256
// Job: .NET 10.0

OverheadJitting  1: 1 op, 206235.00 ns, 206.2350 us/op
WorkloadJitting  1: 1 op, 447276.00 ns, 447.2760 us/op

OverheadJitting  2: 16 op, 365713.00 ns, 22.8571 us/op
WorkloadJitting  2: 16 op, 334365.00 ns, 20.8978 us/op

WorkloadPilot    1: 16 op, 2264.00 ns, 141.5000 ns/op
WorkloadPilot    2: 32 op, 2655.00 ns, 82.9688 ns/op
WorkloadPilot    3: 64 op, 3727.00 ns, 58.2344 ns/op
WorkloadPilot    4: 128 op, 5921.00 ns, 46.2578 ns/op
WorkloadPilot    5: 256 op, 10239.00 ns, 39.9961 ns/op
WorkloadPilot    6: 512 op, 19437.00 ns, 37.9629 ns/op
WorkloadPilot    7: 1024 op, 37410.00 ns, 36.5332 ns/op
WorkloadPilot    8: 2048 op, 72155.00 ns, 35.2319 ns/op
WorkloadPilot    9: 4096 op, 141143.00 ns, 34.4587 ns/op
WorkloadPilot   10: 8192 op, 317353.00 ns, 38.7394 ns/op
WorkloadPilot   11: 16384 op, 592888.00 ns, 36.1870 ns/op
WorkloadPilot   12: 32768 op, 1176458.00 ns, 35.9026 ns/op
WorkloadPilot   13: 65536 op, 2310938.00 ns, 35.2621 ns/op
WorkloadPilot   14: 131072 op, 4728245.00 ns, 36.0736 ns/op
WorkloadPilot   15: 262144 op, 9179091.00 ns, 35.0155 ns/op
WorkloadPilot   16: 524288 op, 18312417.00 ns, 34.9282 ns/op
WorkloadPilot   17: 1048576 op, 36420432.00 ns, 34.7332 ns/op
WorkloadPilot   18: 2097152 op, 72497733.00 ns, 34.5696 ns/op
WorkloadPilot   19: 4194304 op, 92152077.00 ns, 21.9708 ns/op
WorkloadPilot   20: 8388608 op, 134916283.00 ns, 16.0833 ns/op
WorkloadPilot   21: 16777216 op, 269094667.00 ns, 16.0393 ns/op
WorkloadPilot   22: 33554432 op, 539461070.00 ns, 16.0772 ns/op

OverheadWarmup   1: 33554432 op, 77256926.00 ns, 2.3024 ns/op
OverheadWarmup   2: 33554432 op, 77272675.00 ns, 2.3029 ns/op
OverheadWarmup   3: 33554432 op, 85563847.00 ns, 2.5500 ns/op
OverheadWarmup   4: 33554432 op, 62487569.00 ns, 1.8623 ns/op
OverheadWarmup   5: 33554432 op, 63740190.00 ns, 1.8996 ns/op
OverheadWarmup   6: 33554432 op, 62590601.00 ns, 1.8653 ns/op

OverheadActual   1: 33554432 op, 62911340.00 ns, 1.8749 ns/op
OverheadActual   2: 33554432 op, 63506061.00 ns, 1.8926 ns/op
OverheadActual   3: 33554432 op, 63440450.00 ns, 1.8907 ns/op
OverheadActual   4: 33554432 op, 63303423.00 ns, 1.8866 ns/op
OverheadActual   5: 33554432 op, 62387583.00 ns, 1.8593 ns/op
OverheadActual   6: 33554432 op, 63682131.00 ns, 1.8979 ns/op
OverheadActual   7: 33554432 op, 62691580.00 ns, 1.8684 ns/op
OverheadActual   8: 33554432 op, 62659390.00 ns, 1.8674 ns/op
OverheadActual   9: 33554432 op, 63397188.00 ns, 1.8894 ns/op
OverheadActual  10: 33554432 op, 62348008.00 ns, 1.8581 ns/op
OverheadActual  11: 33554432 op, 63165956.00 ns, 1.8825 ns/op
OverheadActual  12: 33554432 op, 62378024.00 ns, 1.8590 ns/op
OverheadActual  13: 33554432 op, 62681381.00 ns, 1.8681 ns/op
OverheadActual  14: 33554432 op, 62591814.00 ns, 1.8654 ns/op
OverheadActual  15: 33554432 op, 62493170.00 ns, 1.8624 ns/op

WorkloadWarmup   1: 33554432 op, 539273761.00 ns, 16.0716 ns/op
WorkloadWarmup   2: 33554432 op, 538222216.00 ns, 16.0403 ns/op
WorkloadWarmup   3: 33554432 op, 538175619.00 ns, 16.0389 ns/op
WorkloadWarmup   4: 33554432 op, 539180566.00 ns, 16.0688 ns/op
WorkloadWarmup   5: 33554432 op, 539339894.00 ns, 16.0736 ns/op
WorkloadWarmup   6: 33554432 op, 539887658.00 ns, 16.0899 ns/op
WorkloadWarmup   7: 33554432 op, 541666360.00 ns, 16.1429 ns/op
WorkloadWarmup   8: 33554432 op, 539270553.00 ns, 16.0715 ns/op
WorkloadWarmup   9: 33554432 op, 538861995.00 ns, 16.0593 ns/op
WorkloadWarmup  10: 33554432 op, 539440926.00 ns, 16.0766 ns/op
WorkloadWarmup  11: 33554432 op, 538961621.00 ns, 16.0623 ns/op

// BeforeActualRun
WorkloadActual   1: 33554432 op, 539520074.00 ns, 16.0790 ns/op
WorkloadActual   2: 33554432 op, 538518913.00 ns, 16.0491 ns/op
WorkloadActual   3: 33554432 op, 538647263.00 ns, 16.0529 ns/op
WorkloadActual   4: 33554432 op, 538491331.00 ns, 16.0483 ns/op
WorkloadActual   5: 33554432 op, 536467667.00 ns, 15.9880 ns/op
WorkloadActual   6: 33554432 op, 539093697.00 ns, 16.0662 ns/op
WorkloadActual   7: 33554432 op, 536825589.00 ns, 15.9986 ns/op
WorkloadActual   8: 33554432 op, 539796681.00 ns, 16.0872 ns/op
WorkloadActual   9: 33554432 op, 538677800.00 ns, 16.0538 ns/op
WorkloadActual  10: 33554432 op, 539192692.00 ns, 16.0692 ns/op
WorkloadActual  11: 33554432 op, 538396906.00 ns, 16.0455 ns/op
WorkloadActual  12: 33554432 op, 539999313.00 ns, 16.0932 ns/op
WorkloadActual  13: 33554432 op, 538372031.00 ns, 16.0447 ns/op
WorkloadActual  14: 33554432 op, 539167636.00 ns, 16.0684 ns/op
WorkloadActual  15: 33554432 op, 543355150.00 ns, 16.1932 ns/op

// AfterActualRun
WorkloadResult   1: 33554432 op, 476828494.00 ns, 14.2106 ns/op
WorkloadResult   2: 33554432 op, 475827333.00 ns, 14.1808 ns/op
WorkloadResult   3: 33554432 op, 475955683.00 ns, 14.1846 ns/op
WorkloadResult   4: 33554432 op, 475799751.00 ns, 14.1799 ns/op
WorkloadResult   5: 33554432 op, 473776087.00 ns, 14.1196 ns/op
WorkloadResult   6: 33554432 op, 476402117.00 ns, 14.1979 ns/op
WorkloadResult   7: 33554432 op, 474134009.00 ns, 14.1303 ns/op
WorkloadResult   8: 33554432 op, 477105101.00 ns, 14.2188 ns/op
WorkloadResult   9: 33554432 op, 475986220.00 ns, 14.1855 ns/op
WorkloadResult  10: 33554432 op, 476501112.00 ns, 14.2008 ns/op
WorkloadResult  11: 33554432 op, 475705326.00 ns, 14.1771 ns/op
WorkloadResult  12: 33554432 op, 477307733.00 ns, 14.2249 ns/op
WorkloadResult  13: 33554432 op, 475680451.00 ns, 14.1764 ns/op
WorkloadResult  14: 33554432 op, 476476056.00 ns, 14.2001 ns/op
// GC:  0 0 0 0 33554432
// Threading:  0 0 33554432

// AfterAll
// Benchmark Process 5460 has exited with code 0.

Mean = 14.185 ns, StdErr = 0.008 ns (0.06%), N = 14, StdDev = 0.030 ns
Min = 14.120 ns, Q1 = 14.178 ns, Median = 14.185 ns, Q3 = 14.201 ns, Max = 14.225 ns
IQR = 0.023 ns, LowerFence = 14.144 ns, UpperFence = 14.235 ns
ConfidenceInterval = [14.151 ns; 14.218 ns] (CI 99.9%), Margin = 0.034 ns (0.24% of Mean)
Skewness = -0.84, Kurtosis = 2.88, MValue = 2

// ** Remained 20 (37.0 %) benchmark(s) to run. Estimated finish 2026-09-20 7:42 (0h 3m from now) **
// **************************
// Benchmark: TokenAllocationBenchmarks.TryParseStringVersion: .NET 10.0(Runtime=.NET 10.0, Toolchain=net10.0)
// *** Execute ***
// Launch: 1 / 1
// Execute: dotnet "EricksonLopez.Concurrency.Benchmarks-.NET 10.0-1.dll" --anonymousPipes 118 120 --benchmarkName EricksonLopez.Concurrency.Benchmarks.TokenAllocationBenchmarks.TryParseStringVersion --job ".NET 10.0" --benchmarkId 14 in /home/runner/work/dotnet-concurrency/dotnet-concurrency/benchmarks/EricksonLopez.Concurrency.Benchmarks/bin/Release/net10.0/EricksonLopez.Concurrency.Benchmarks-.NET 10.0-1/bin/Release/net10.0
// Failed to set up high priority (Permission denied). In order to run benchmarks with high priority, make sure you have the right permissions.
// BeforeAnythingElse

// Benchmark Process Environment Information:
// BenchmarkDotNet v0.15.8
// Runtime=.NET 10.0.12 (10.0.12, 10.0.1226.42308), X64 RyuJIT x86-64-v3
// GC=Concurrent Workstation
// HardwareIntrinsics=AVX2+BMI1+BMI2+F16C+FMA+LZCNT+MOVBE,AVX,SSE3+SSSE3+SSE4.1+SSE4.2+POPCNT,X86Base+SSE+SSE2,AES+PCLMUL VectorSize=256
// Job: .NET 10.0

OverheadJitting  1: 1 op, 237002.00 ns, 237.0020 us/op
WorkloadJitting  1: 1 op, 472852.00 ns, 472.8520 us/op

OverheadJitting  2: 16 op, 385409.00 ns, 24.0881 us/op
WorkloadJitting  2: 16 op, 347889.00 ns, 21.7431 us/op

WorkloadPilot    1: 16 op, 2284.00 ns, 142.7500 ns/op
WorkloadPilot    2: 32 op, 3156.00 ns, 98.6250 ns/op
WorkloadPilot    3: 64 op, 3898.00 ns, 60.9063 ns/op
WorkloadPilot    4: 128 op, 6191.00 ns, 48.3672 ns/op
WorkloadPilot    5: 256 op, 10640.00 ns, 41.5625 ns/op
WorkloadPilot    6: 512 op, 20088.00 ns, 39.2344 ns/op
WorkloadPilot    7: 1024 op, 38552.00 ns, 37.6484 ns/op
WorkloadPilot    8: 2048 op, 74428.00 ns, 36.3418 ns/op
WorkloadPilot    9: 4096 op, 147645.00 ns, 36.0461 ns/op
WorkloadPilot   10: 8192 op, 315690.00 ns, 38.5364 ns/op
WorkloadPilot   11: 16384 op, 602364.00 ns, 36.7654 ns/op
WorkloadPilot   12: 32768 op, 1197656.00 ns, 36.5496 ns/op
WorkloadPilot   13: 65536 op, 2377196.00 ns, 36.2731 ns/op
WorkloadPilot   14: 131072 op, 4722673.00 ns, 36.0311 ns/op
WorkloadPilot   15: 262144 op, 9432413.00 ns, 35.9818 ns/op
WorkloadPilot   16: 524288 op, 18821784.00 ns, 35.8997 ns/op
WorkloadPilot   17: 1048576 op, 37680568.00 ns, 35.9350 ns/op
WorkloadPilot   18: 2097152 op, 75362419.00 ns, 35.9356 ns/op
WorkloadPilot   19: 4194304 op, 97315888.00 ns, 23.2019 ns/op
WorkloadPilot   20: 8388608 op, 152951302.00 ns, 18.2332 ns/op
WorkloadPilot   21: 16777216 op, 304450916.00 ns, 18.1467 ns/op
WorkloadPilot   22: 33554432 op, 604766143.00 ns, 18.0234 ns/op

OverheadWarmup   1: 33554432 op, 78056990.00 ns, 2.3263 ns/op
OverheadWarmup   2: 33554432 op, 77291249.00 ns, 2.3035 ns/op
OverheadWarmup   3: 33554432 op, 85848788.00 ns, 2.5585 ns/op
OverheadWarmup   4: 33554432 op, 62284420.00 ns, 1.8562 ns/op
OverheadWarmup   5: 33554432 op, 61818370.00 ns, 1.8423 ns/op
OverheadWarmup   6: 33554432 op, 62681563.00 ns, 1.8681 ns/op
OverheadWarmup   7: 33554432 op, 62383165.00 ns, 1.8592 ns/op

OverheadActual   1: 33554432 op, 62759248.00 ns, 1.8704 ns/op
OverheadActual   2: 33554432 op, 61828218.00 ns, 1.8426 ns/op
OverheadActual   3: 33554432 op, 62525712.00 ns, 1.8634 ns/op
OverheadActual   4: 33554432 op, 62214890.00 ns, 1.8541 ns/op
OverheadActual   5: 33554432 op, 61803272.00 ns, 1.8419 ns/op
OverheadActual   6: 33554432 op, 62112238.00 ns, 1.8511 ns/op
OverheadActual   7: 33554432 op, 61928215.00 ns, 1.8456 ns/op
OverheadActual   8: 33554432 op, 62783193.00 ns, 1.8711 ns/op
OverheadActual   9: 33554432 op, 62453636.00 ns, 1.8613 ns/op
OverheadActual  10: 33554432 op, 62515723.00 ns, 1.8631 ns/op
OverheadActual  11: 33554432 op, 62150200.00 ns, 1.8522 ns/op
OverheadActual  12: 33554432 op, 62373817.00 ns, 1.8589 ns/op
OverheadActual  13: 33554432 op, 62199682.00 ns, 1.8537 ns/op
OverheadActual  14: 33554432 op, 62679388.00 ns, 1.8680 ns/op
OverheadActual  15: 33554432 op, 61918928.00 ns, 1.8453 ns/op

WorkloadWarmup   1: 33554432 op, 605300397.00 ns, 18.0394 ns/op
WorkloadWarmup   2: 33554432 op, 609617113.00 ns, 18.1680 ns/op
WorkloadWarmup   3: 33554432 op, 608656989.00 ns, 18.1394 ns/op
WorkloadWarmup   4: 33554432 op, 608477613.00 ns, 18.1340 ns/op
WorkloadWarmup   5: 33554432 op, 612879814.00 ns, 18.2652 ns/op
WorkloadWarmup   6: 33554432 op, 608223516.00 ns, 18.1265 ns/op

// BeforeActualRun
WorkloadActual   1: 33554432 op, 608011319.00 ns, 18.1201 ns/op
WorkloadActual   2: 33554432 op, 600467805.00 ns, 17.8953 ns/op
WorkloadActual   3: 33554432 op, 600719215.00 ns, 17.9028 ns/op
WorkloadActual   4: 33554432 op, 609121413.00 ns, 18.1532 ns/op
WorkloadActual   5: 33554432 op, 608525510.00 ns, 18.1355 ns/op
WorkloadActual   6: 33554432 op, 596148364.00 ns, 17.7666 ns/op
WorkloadActual   7: 33554432 op, 610736520.00 ns, 18.2014 ns/op
WorkloadActual   8: 33554432 op, 608304337.00 ns, 18.1289 ns/op
WorkloadActual   9: 33554432 op, 612591967.00 ns, 18.2567 ns/op
WorkloadActual  10: 33554432 op, 608944472.00 ns, 18.1480 ns/op
WorkloadActual  11: 33554432 op, 607691111.00 ns, 18.1106 ns/op
WorkloadActual  12: 33554432 op, 601984767.00 ns, 17.9405 ns/op
WorkloadActual  13: 33554432 op, 612296995.00 ns, 18.2479 ns/op
WorkloadActual  14: 33554432 op, 608870625.00 ns, 18.1458 ns/op
WorkloadActual  15: 33554432 op, 600850657.00 ns, 17.9067 ns/op

// AfterActualRun
WorkloadResult   1: 33554432 op, 545796429.00 ns, 16.2660 ns/op
WorkloadResult   2: 33554432 op, 538252915.00 ns, 16.0412 ns/op
WorkloadResult   3: 33554432 op, 538504325.00 ns, 16.0487 ns/op
WorkloadResult   4: 33554432 op, 546906523.00 ns, 16.2991 ns/op
WorkloadResult   5: 33554432 op, 546310620.00 ns, 16.2813 ns/op
WorkloadResult   6: 33554432 op, 533933474.00 ns, 15.9125 ns/op
WorkloadResult   7: 33554432 op, 548521630.00 ns, 16.3472 ns/op
WorkloadResult   8: 33554432 op, 546089447.00 ns, 16.2747 ns/op
WorkloadResult   9: 33554432 op, 550377077.00 ns, 16.4025 ns/op
WorkloadResult  10: 33554432 op, 546729582.00 ns, 16.2938 ns/op
WorkloadResult  11: 33554432 op, 545476221.00 ns, 16.2565 ns/op
WorkloadResult  12: 33554432 op, 539769877.00 ns, 16.0864 ns/op
WorkloadResult  13: 33554432 op, 550082105.00 ns, 16.3937 ns/op
WorkloadResult  14: 33554432 op, 546655735.00 ns, 16.2916 ns/op
WorkloadResult  15: 33554432 op, 538635767.00 ns, 16.0526 ns/op
// GC:  0 0 0 0 33554432
// Threading:  0 0 33554432

// AfterAll
// Benchmark Process 5471 has exited with code 0.

Mean = 16.217 ns, StdErr = 0.038 ns (0.24%), N = 15, StdDev = 0.148 ns
Min = 15.912 ns, Q1 = 16.069 ns, Median = 16.275 ns, Q3 = 16.296 ns, Max = 16.403 ns
IQR = 0.227 ns, LowerFence = 15.729 ns, UpperFence = 16.637 ns
ConfidenceInterval = [16.058 ns; 16.375 ns] (CI 99.9%), Margin = 0.159 ns (0.98% of Mean)
Skewness = -0.58, Kurtosis = 1.91, MValue = 2

// ** Remained 19 (35.2 %) benchmark(s) to run. Estimated finish 2026-09-20 7:42 (0h 3m from now) **
// **************************
// Benchmark: TokenAllocationBenchmarks.FormatVersionToString: .NET 10.0(Runtime=.NET 10.0, Toolchain=net10.0)
// *** Execute ***
// Launch: 1 / 1
// Execute: dotnet "EricksonLopez.Concurrency.Benchmarks-.NET 10.0-1.dll" --anonymousPipes 118 120 --benchmarkName EricksonLopez.Concurrency.Benchmarks.TokenAllocationBenchmarks.FormatVersionToString --job ".NET 10.0" --benchmarkId 15 in /home/runner/work/dotnet-concurrency/dotnet-concurrency/benchmarks/EricksonLopez.Concurrency.Benchmarks/bin/Release/net10.0/EricksonLopez.Concurrency.Benchmarks-.NET 10.0-1/bin/Release/net10.0
// Failed to set up high priority (Permission denied). In order to run benchmarks with high priority, make sure you have the right permissions.
// BeforeAnythingElse

// Benchmark Process Environment Information:
// BenchmarkDotNet v0.15.8
// Runtime=.NET 10.0.12 (10.0.12, 10.0.1226.42308), X64 RyuJIT x86-64-v3
// GC=Concurrent Workstation
// HardwareIntrinsics=AVX2+BMI1+BMI2+F16C+FMA+LZCNT+MOVBE,AVX,SSE3+SSSE3+SSE4.1+SSE4.2+POPCNT,X86Base+SSE+SSE2,AES+PCLMUL VectorSize=256
// Job: .NET 10.0

OverheadJitting  1: 1 op, 242372.00 ns, 242.3720 us/op
WorkloadJitting  1: 1 op, 382493.00 ns, 382.4930 us/op

OverheadJitting  2: 16 op, 443387.00 ns, 27.7117 us/op
WorkloadJitting  2: 16 op, 497958.00 ns, 31.1224 us/op

WorkloadPilot    1: 16 op, 10980.00 ns, 686.2500 ns/op
WorkloadPilot    2: 32 op, 3517.00 ns, 109.9063 ns/op
WorkloadPilot    3: 64 op, 6403.00 ns, 100.0469 ns/op
WorkloadPilot    4: 128 op, 33181.00 ns, 259.2266 ns/op
WorkloadPilot    5: 256 op, 52679.00 ns, 205.7773 ns/op
WorkloadPilot    6: 512 op, 30397.00 ns, 59.3691 ns/op
WorkloadPilot    7: 1024 op, 60263.00 ns, 58.8506 ns/op
WorkloadPilot    8: 2048 op, 116397.00 ns, 56.8345 ns/op
WorkloadPilot    9: 4096 op, 218608.00 ns, 53.3711 ns/op
WorkloadPilot   10: 8192 op, 316290.00 ns, 38.6096 ns/op
WorkloadPilot   11: 16384 op, 718781.00 ns, 43.8709 ns/op
WorkloadPilot   12: 32768 op, 1483136.00 ns, 45.2617 ns/op
WorkloadPilot   13: 65536 op, 3017788.00 ns, 46.0478 ns/op
WorkloadPilot   14: 131072 op, 5962871.00 ns, 45.4931 ns/op
WorkloadPilot   15: 262144 op, 12079669.00 ns, 46.0803 ns/op
WorkloadPilot   16: 524288 op, 17213584.00 ns, 32.8323 ns/op
WorkloadPilot   17: 1048576 op, 28484415.00 ns, 27.1649 ns/op
WorkloadPilot   18: 2097152 op, 59465075.00 ns, 28.3552 ns/op
WorkloadPilot   19: 4194304 op, 93311351.00 ns, 22.2472 ns/op
WorkloadPilot   20: 8388608 op, 145969561.00 ns, 17.4009 ns/op
WorkloadPilot   21: 16777216 op, 287632480.00 ns, 17.1442 ns/op
WorkloadPilot   22: 33554432 op, 576383654.00 ns, 17.1776 ns/op

OverheadWarmup   1: 33554432 op, 152860999.00 ns, 4.5556 ns/op
OverheadWarmup   2: 33554432 op, 149508566.00 ns, 4.4557 ns/op
OverheadWarmup   3: 33554432 op, 111073818.00 ns, 3.3103 ns/op
OverheadWarmup   4: 33554432 op, 110912216.00 ns, 3.3054 ns/op
OverheadWarmup   5: 33554432 op, 111046747.00 ns, 3.3095 ns/op
OverheadWarmup   6: 33554432 op, 111769037.00 ns, 3.3310 ns/op
OverheadWarmup   7: 33554432 op, 111668579.00 ns, 3.3280 ns/op
OverheadWarmup   8: 33554432 op, 111421485.00 ns, 3.3206 ns/op
OverheadWarmup   9: 33554432 op, 114800440.00 ns, 3.4213 ns/op
OverheadWarmup  10: 33554432 op, 111600422.00 ns, 3.3260 ns/op

OverheadActual   1: 33554432 op, 111120736.00 ns, 3.3117 ns/op
OverheadActual   2: 33554432 op, 111131646.00 ns, 3.3120 ns/op
OverheadActual   3: 33554432 op, 111065302.00 ns, 3.3100 ns/op
OverheadActual   4: 33554432 op, 110889333.00 ns, 3.3048 ns/op
OverheadActual   5: 33554432 op, 111114745.00 ns, 3.3115 ns/op
OverheadActual   6: 33554432 op, 111887959.00 ns, 3.3345 ns/op
OverheadActual   7: 33554432 op, 111185898.00 ns, 3.3136 ns/op
OverheadActual   8: 33554432 op, 110997254.00 ns, 3.3080 ns/op
OverheadActual   9: 33554432 op, 111115589.00 ns, 3.3115 ns/op
OverheadActual  10: 33554432 op, 111057809.00 ns, 3.3098 ns/op
OverheadActual  11: 33554432 op, 111131676.00 ns, 3.3120 ns/op
OverheadActual  12: 33554432 op, 111023553.00 ns, 3.3088 ns/op
OverheadActual  13: 33554432 op, 110930089.00 ns, 3.3060 ns/op
OverheadActual  14: 33554432 op, 112575864.00 ns, 3.3550 ns/op
OverheadActual  15: 33554432 op, 112002333.00 ns, 3.3379 ns/op

WorkloadWarmup   1: 33554432 op, 575217072.00 ns, 17.1428 ns/op
WorkloadWarmup   2: 33554432 op, 576657798.00 ns, 17.1857 ns/op
WorkloadWarmup   3: 33554432 op, 572814369.00 ns, 17.0712 ns/op
WorkloadWarmup   4: 33554432 op, 582860005.00 ns, 17.3706 ns/op
WorkloadWarmup   5: 33554432 op, 579424177.00 ns, 17.2682 ns/op
WorkloadWarmup   6: 33554432 op, 570108656.00 ns, 16.9906 ns/op

// BeforeActualRun
WorkloadActual   1: 33554432 op, 575532694.00 ns, 17.1522 ns/op
WorkloadActual   2: 33554432 op, 581905399.00 ns, 17.3421 ns/op
WorkloadActual   3: 33554432 op, 583923895.00 ns, 17.4023 ns/op
WorkloadActual   4: 33554432 op, 584054080.00 ns, 17.4062 ns/op
WorkloadActual   5: 33554432 op, 583722099.00 ns, 17.3963 ns/op
WorkloadActual   6: 33554432 op, 583094585.00 ns, 17.3776 ns/op
WorkloadActual   7: 33554432 op, 583437905.00 ns, 17.3878 ns/op
WorkloadActual   8: 33554432 op, 581532927.00 ns, 17.3310 ns/op
WorkloadActual   9: 33554432 op, 584033610.00 ns, 17.4056 ns/op
WorkloadActual  10: 33554432 op, 581640745.00 ns, 17.3342 ns/op
WorkloadActual  11: 33554432 op, 582466444.00 ns, 17.3589 ns/op
WorkloadActual  12: 33554432 op, 580658132.00 ns, 17.3050 ns/op
WorkloadActual  13: 33554432 op, 574446079.00 ns, 17.1198 ns/op
WorkloadActual  14: 33554432 op, 578868467.00 ns, 17.2516 ns/op
WorkloadActual  15: 33554432 op, 582422391.00 ns, 17.3575 ns/op

// AfterActualRun
WorkloadResult   1: 33554432 op, 464417105.00 ns, 13.8407 ns/op
WorkloadResult   2: 33554432 op, 470789810.00 ns, 14.0306 ns/op
WorkloadResult   3: 33554432 op, 472808306.00 ns, 14.0908 ns/op
WorkloadResult   4: 33554432 op, 472938491.00 ns, 14.0947 ns/op
WorkloadResult   5: 33554432 op, 472606510.00 ns, 14.0848 ns/op
WorkloadResult   6: 33554432 op, 471978996.00 ns, 14.0661 ns/op
WorkloadResult   7: 33554432 op, 472322316.00 ns, 14.0763 ns/op
WorkloadResult   8: 33554432 op, 470417338.00 ns, 14.0195 ns/op
WorkloadResult   9: 33554432 op, 472918021.00 ns, 14.0941 ns/op
WorkloadResult  10: 33554432 op, 470525156.00 ns, 14.0227 ns/op
WorkloadResult  11: 33554432 op, 471350855.00 ns, 14.0474 ns/op
WorkloadResult  12: 33554432 op, 469542543.00 ns, 13.9935 ns/op
WorkloadResult  13: 33554432 op, 463330490.00 ns, 13.8083 ns/op
WorkloadResult  14: 33554432 op, 467752878.00 ns, 13.9401 ns/op
WorkloadResult  15: 33554432 op, 471306802.00 ns, 14.0460 ns/op
// GC:  96 0 0 1610612736 33554432
// Threading:  0 0 33554432

// AfterAll
// Benchmark Process 5480 has exited with code 0.

Mean = 14.017 ns, StdErr = 0.023 ns (0.16%), N = 15, StdDev = 0.089 ns
Min = 13.808 ns, Q1 = 14.006 ns, Median = 14.046 ns, Q3 = 14.081 ns, Max = 14.095 ns
IQR = 0.074 ns, LowerFence = 13.895 ns, UpperFence = 14.192 ns
ConfidenceInterval = [13.922 ns; 14.112 ns] (CI 99.9%), Margin = 0.095 ns (0.68% of Mean)
Skewness = -1.23, Kurtosis = 3.22, MValue = 2

// ** Remained 18 (33.3 %) benchmark(s) to run. Estimated finish 2026-09-20 7:42 (0h 3m from now) **
// **************************
// Benchmark: TokenAllocationBenchmarks.CompareTokensValueEquality: .NET 10.0(Runtime=.NET 10.0, Toolchain=net10.0)
// *** Execute ***
// Launch: 1 / 1
// Execute: dotnet "EricksonLopez.Concurrency.Benchmarks-.NET 10.0-1.dll" --anonymousPipes 118 120 --benchmarkName EricksonLopez.Concurrency.Benchmarks.TokenAllocationBenchmarks.CompareTokensValueEquality --job ".NET 10.0" --benchmarkId 16 in /home/runner/work/dotnet-concurrency/dotnet-concurrency/benchmarks/EricksonLopez.Concurrency.Benchmarks/bin/Release/net10.0/EricksonLopez.Concurrency.Benchmarks-.NET 10.0-1/bin/Release/net10.0
// Failed to set up high priority (Permission denied). In order to run benchmarks with high priority, make sure you have the right permissions.
// BeforeAnythingElse

// Benchmark Process Environment Information:
// BenchmarkDotNet v0.15.8
// Runtime=.NET 10.0.12 (10.0.12, 10.0.1226.42308), X64 RyuJIT x86-64-v3
// GC=Concurrent Workstation
// HardwareIntrinsics=AVX2+BMI1+BMI2+F16C+FMA+LZCNT+MOVBE,AVX,SSE3+SSSE3+SSE4.1+SSE4.2+POPCNT,X86Base+SSE+SSE2,AES+PCLMUL VectorSize=256
// Job: .NET 10.0

OverheadJitting  1: 1 op, 216275.00 ns, 216.2750 us/op
WorkloadJitting  1: 1 op, 374760.00 ns, 374.7600 us/op

OverheadJitting  2: 16 op, 406921.00 ns, 25.4326 us/op
WorkloadJitting  2: 16 op, 355665.00 ns, 22.2291 us/op

WorkloadPilot    1: 16 op, 2585.00 ns, 161.5625 ns/op
WorkloadPilot    2: 32 op, 2515.00 ns, 78.5938 ns/op
WorkloadPilot    3: 64 op, 3407.00 ns, 53.2344 ns/op
WorkloadPilot    4: 128 op, 5169.00 ns, 40.3828 ns/op
WorkloadPilot    5: 256 op, 8486.00 ns, 33.1484 ns/op
WorkloadPilot    6: 512 op, 14978.00 ns, 29.2539 ns/op
WorkloadPilot    7: 1024 op, 47880.00 ns, 46.7578 ns/op
WorkloadPilot    8: 2048 op, 100408.00 ns, 49.0273 ns/op
WorkloadPilot    9: 4096 op, 107922.00 ns, 26.3481 ns/op
WorkloadPilot   10: 8192 op, 247974.00 ns, 30.2703 ns/op
WorkloadPilot   11: 16384 op, 455111.00 ns, 27.7778 ns/op
WorkloadPilot   12: 32768 op, 881157.00 ns, 26.8908 ns/op
WorkloadPilot   13: 65536 op, 1744621.00 ns, 26.6208 ns/op
WorkloadPilot   14: 131072 op, 3436564.00 ns, 26.2189 ns/op
WorkloadPilot   15: 262144 op, 6982103.00 ns, 26.6346 ns/op
WorkloadPilot   16: 524288 op, 13692689.00 ns, 26.1167 ns/op
WorkloadPilot   17: 1048576 op, 27935314.00 ns, 26.6412 ns/op
WorkloadPilot   18: 2097152 op, 54855671.00 ns, 26.1572 ns/op
WorkloadPilot   19: 4194304 op, 69219724.00 ns, 16.5033 ns/op
WorkloadPilot   20: 8388608 op, 31360758.00 ns, 3.7385 ns/op
WorkloadPilot   21: 16777216 op, 63426575.00 ns, 3.7805 ns/op
WorkloadPilot   22: 33554432 op, 125569809.00 ns, 3.7423 ns/op
WorkloadPilot   23: 67108864 op, 250813408.00 ns, 3.7374 ns/op
WorkloadPilot   24: 134217728 op, 503169620.00 ns, 3.7489 ns/op

OverheadWarmup   1: 134217728 op, 297387277.00 ns, 2.2157 ns/op
OverheadWarmup   2: 134217728 op, 251326337.00 ns, 1.8725 ns/op
OverheadWarmup   3: 134217728 op, 257400044.00 ns, 1.9178 ns/op
OverheadWarmup   4: 134217728 op, 251476557.00 ns, 1.8736 ns/op
OverheadWarmup   5: 134217728 op, 251668076.00 ns, 1.8751 ns/op
OverheadWarmup   6: 134217728 op, 250118198.00 ns, 1.8635 ns/op

OverheadActual   1: 134217728 op, 249121916.00 ns, 1.8561 ns/op
OverheadActual   2: 134217728 op, 249712620.00 ns, 1.8605 ns/op
OverheadActual   3: 134217728 op, 250268279.00 ns, 1.8646 ns/op
OverheadActual   4: 134217728 op, 250726806.00 ns, 1.8681 ns/op
OverheadActual   5: 134217728 op, 250210805.00 ns, 1.8642 ns/op
OverheadActual   6: 134217728 op, 249549812.00 ns, 1.8593 ns/op
OverheadActual   7: 134217728 op, 250170762.00 ns, 1.8639 ns/op
OverheadActual   8: 134217728 op, 248534554.00 ns, 1.8517 ns/op
OverheadActual   9: 134217728 op, 249186513.00 ns, 1.8566 ns/op
OverheadActual  10: 134217728 op, 250856093.00 ns, 1.8690 ns/op
OverheadActual  11: 134217728 op, 250762477.00 ns, 1.8683 ns/op
OverheadActual  12: 134217728 op, 249425239.00 ns, 1.8584 ns/op
OverheadActual  13: 134217728 op, 249024630.00 ns, 1.8554 ns/op
OverheadActual  14: 134217728 op, 249674043.00 ns, 1.8602 ns/op
OverheadActual  15: 134217728 op, 248708059.00 ns, 1.8530 ns/op

WorkloadWarmup   1: 134217728 op, 502338655.00 ns, 3.7427 ns/op
WorkloadWarmup   2: 134217728 op, 505320687.00 ns, 3.7649 ns/op
WorkloadWarmup   3: 134217728 op, 501905355.00 ns, 3.7395 ns/op
WorkloadWarmup   4: 134217728 op, 503961106.00 ns, 3.7548 ns/op
WorkloadWarmup   5: 134217728 op, 502634828.00 ns, 3.7449 ns/op
WorkloadWarmup   6: 134217728 op, 501675095.00 ns, 3.7378 ns/op

// BeforeActualRun
WorkloadActual   1: 134217728 op, 502533820.00 ns, 3.7442 ns/op
WorkloadActual   2: 134217728 op, 501664495.00 ns, 3.7377 ns/op
WorkloadActual   3: 134217728 op, 502674122.00 ns, 3.7452 ns/op
WorkloadActual   4: 134217728 op, 502293200.00 ns, 3.7424 ns/op
WorkloadActual   5: 134217728 op, 502506386.00 ns, 3.7440 ns/op
WorkloadActual   6: 134217728 op, 501851519.00 ns, 3.7391 ns/op
WorkloadActual   7: 134217728 op, 503090454.00 ns, 3.7483 ns/op
WorkloadActual   8: 134217728 op, 501788281.00 ns, 3.7386 ns/op
WorkloadActual   9: 134217728 op, 503393129.00 ns, 3.7506 ns/op
WorkloadActual  10: 134217728 op, 502305677.00 ns, 3.7425 ns/op
WorkloadActual  11: 134217728 op, 502562087.00 ns, 3.7444 ns/op
WorkloadActual  12: 134217728 op, 507284130.00 ns, 3.7796 ns/op
WorkloadActual  13: 134217728 op, 503042804.00 ns, 3.7480 ns/op
WorkloadActual  14: 134217728 op, 502192035.00 ns, 3.7416 ns/op
WorkloadActual  15: 134217728 op, 502911589.00 ns, 3.7470 ns/op

// AfterActualRun
WorkloadResult   1: 134217728 op, 252859777.00 ns, 1.8840 ns/op
WorkloadResult   2: 134217728 op, 251990452.00 ns, 1.8775 ns/op
WorkloadResult   3: 134217728 op, 253000079.00 ns, 1.8850 ns/op
WorkloadResult   4: 134217728 op, 252619157.00 ns, 1.8822 ns/op
WorkloadResult   5: 134217728 op, 252832343.00 ns, 1.8837 ns/op
WorkloadResult   6: 134217728 op, 252177476.00 ns, 1.8789 ns/op
WorkloadResult   7: 134217728 op, 253416411.00 ns, 1.8881 ns/op
WorkloadResult   8: 134217728 op, 252114238.00 ns, 1.8784 ns/op
WorkloadResult   9: 134217728 op, 253719086.00 ns, 1.8904 ns/op
WorkloadResult  10: 134217728 op, 252631634.00 ns, 1.8823 ns/op
WorkloadResult  11: 134217728 op, 252888044.00 ns, 1.8842 ns/op
WorkloadResult  12: 134217728 op, 253368761.00 ns, 1.8877 ns/op
WorkloadResult  13: 134217728 op, 252517992.00 ns, 1.8814 ns/op
WorkloadResult  14: 134217728 op, 253237546.00 ns, 1.8868 ns/op
// GC:  0 0 0 0 134217728
// Threading:  0 0 134217728

// AfterAll
// Benchmark Process 5493 has exited with code 0.

Mean = 1.884 ns, StdErr = 0.001 ns (0.05%), N = 14, StdDev = 0.004 ns
Min = 1.877 ns, Q1 = 1.882 ns, Median = 1.884 ns, Q3 = 1.886 ns, Max = 1.890 ns
IQR = 0.005 ns, LowerFence = 1.874 ns, UpperFence = 1.893 ns
ConfidenceInterval = [1.879 ns; 1.888 ns] (CI 99.9%), Margin = 0.004 ns (0.23% of Mean)
Skewness = 0.02, Kurtosis = 1.84, MValue = 2

// ** Remained 17 (31.5 %) benchmark(s) to run. Estimated finish 2026-09-20 7:42 (0h 3m from now) **
// **************************
// Benchmark: TokenAllocationBenchmarks.CheckExpectedMatchesActual: .NET 10.0(Runtime=.NET 10.0, Toolchain=net10.0)
// *** Execute ***
// Launch: 1 / 1
// Execute: dotnet "EricksonLopez.Concurrency.Benchmarks-.NET 10.0-1.dll" --anonymousPipes 118 120 --benchmarkName EricksonLopez.Concurrency.Benchmarks.TokenAllocationBenchmarks.CheckExpectedMatchesActual --job ".NET 10.0" --benchmarkId 17 in /home/runner/work/dotnet-concurrency/dotnet-concurrency/benchmarks/EricksonLopez.Concurrency.Benchmarks/bin/Release/net10.0/EricksonLopez.Concurrency.Benchmarks-.NET 10.0-1/bin/Release/net10.0
// Failed to set up high priority (Permission denied). In order to run benchmarks with high priority, make sure you have the right permissions.
// BeforeAnythingElse

// Benchmark Process Environment Information:
// BenchmarkDotNet v0.15.8
// Runtime=.NET 10.0.12 (10.0.12, 10.0.1226.42308), X64 RyuJIT x86-64-v3
// GC=Concurrent Workstation
// HardwareIntrinsics=AVX2+BMI1+BMI2+F16C+FMA+LZCNT+MOVBE,AVX,SSE3+SSSE3+SSE4.1+SSE4.2+POPCNT,X86Base+SSE+SSE2,AES+PCLMUL VectorSize=256
// Job: .NET 10.0

OverheadJitting  1: 1 op, 201737.00 ns, 201.7370 us/op
WorkloadJitting  1: 1 op, 475598.00 ns, 475.5980 us/op

OverheadJitting  2: 16 op, 367867.00 ns, 22.9917 us/op
WorkloadJitting  2: 16 op, 346738.00 ns, 21.6711 us/op

WorkloadPilot    1: 16 op, 1062.00 ns, 66.3750 ns/op
WorkloadPilot    2: 32 op, 1383.00 ns, 43.2188 ns/op
WorkloadPilot    3: 64 op, 1813.00 ns, 28.3281 ns/op
WorkloadPilot    4: 128 op, 2795.00 ns, 21.8359 ns/op
WorkloadPilot    5: 256 op, 4709.00 ns, 18.3945 ns/op
WorkloadPilot    6: 512 op, 8666.00 ns, 16.9258 ns/op
WorkloadPilot    7: 1024 op, 16361.00 ns, 15.9775 ns/op
WorkloadPilot    8: 2048 op, 31930.00 ns, 15.5908 ns/op
WorkloadPilot    9: 4096 op, 62867.00 ns, 15.3484 ns/op
WorkloadPilot   10: 8192 op, 123461.00 ns, 15.0709 ns/op
WorkloadPilot   11: 16384 op, 245999.00 ns, 15.0146 ns/op
WorkloadPilot   12: 32768 op, 505665.00 ns, 15.4317 ns/op
WorkloadPilot   13: 65536 op, 996322.00 ns, 15.2027 ns/op
WorkloadPilot   14: 131072 op, 1987193.00 ns, 15.1611 ns/op
WorkloadPilot   15: 262144 op, 3976720.00 ns, 15.1700 ns/op
WorkloadPilot   16: 524288 op, 7942381.00 ns, 15.1489 ns/op
WorkloadPilot   17: 1048576 op, 15981423.00 ns, 15.2411 ns/op
WorkloadPilot   18: 2097152 op, 31680527.00 ns, 15.1065 ns/op
WorkloadPilot   19: 4194304 op, 63410847.00 ns, 15.1183 ns/op
WorkloadPilot   20: 8388608 op, 70953761.00 ns, 8.4583 ns/op
WorkloadPilot   21: 16777216 op, 36710085.00 ns, 2.1881 ns/op
WorkloadPilot   22: 33554432 op, 74607188.00 ns, 2.2235 ns/op
WorkloadPilot   23: 67108864 op, 147606401.00 ns, 2.1995 ns/op
WorkloadPilot   24: 134217728 op, 301840246.00 ns, 2.2489 ns/op
WorkloadPilot   25: 268435456 op, 591885723.00 ns, 2.2049 ns/op

OverheadWarmup   1: 268435456 op, 745989695.00 ns, 2.7790 ns/op
OverheadWarmup   2: 268435456 op, 490908212.00 ns, 1.8288 ns/op
OverheadWarmup   3: 268435456 op, 488837160.00 ns, 1.8211 ns/op
OverheadWarmup   4: 268435456 op, 492628194.00 ns, 1.8352 ns/op
OverheadWarmup   5: 268435456 op, 490714498.00 ns, 1.8281 ns/op
OverheadWarmup   6: 268435456 op, 491342141.00 ns, 1.8304 ns/op
OverheadWarmup   7: 268435456 op, 489934401.00 ns, 1.8251 ns/op

OverheadActual   1: 268435456 op, 491077387.00 ns, 1.8294 ns/op
OverheadActual   2: 268435456 op, 489970819.00 ns, 1.8253 ns/op
OverheadActual   3: 268435456 op, 494140349.00 ns, 1.8408 ns/op
OverheadActual   4: 268435456 op, 490494918.00 ns, 1.8272 ns/op
OverheadActual   5: 268435456 op, 492178084.00 ns, 1.8335 ns/op
OverheadActual   6: 268435456 op, 491820545.00 ns, 1.8322 ns/op
OverheadActual   7: 268435456 op, 492534459.00 ns, 1.8348 ns/op
OverheadActual   8: 268435456 op, 490015232.00 ns, 1.8254 ns/op
OverheadActual   9: 268435456 op, 490958906.00 ns, 1.8290 ns/op
OverheadActual  10: 268435456 op, 490957663.00 ns, 1.8290 ns/op
OverheadActual  11: 268435456 op, 499205232.00 ns, 1.8597 ns/op
OverheadActual  12: 268435456 op, 490396497.00 ns, 1.8269 ns/op
OverheadActual  13: 268435456 op, 491397097.00 ns, 1.8306 ns/op
OverheadActual  14: 268435456 op, 490011228.00 ns, 1.8254 ns/op
OverheadActual  15: 268435456 op, 491029520.00 ns, 1.8292 ns/op

WorkloadWarmup   1: 268435456 op, 592411471.00 ns, 2.2069 ns/op
WorkloadWarmup   2: 268435456 op, 593440253.00 ns, 2.2107 ns/op
WorkloadWarmup   3: 268435456 op, 591923720.00 ns, 2.2051 ns/op
WorkloadWarmup   4: 268435456 op, 591796271.00 ns, 2.2046 ns/op
WorkloadWarmup   5: 268435456 op, 592029507.00 ns, 2.2055 ns/op
WorkloadWarmup   6: 268435456 op, 591064634.00 ns, 2.2019 ns/op

// BeforeActualRun
WorkloadActual   1: 268435456 op, 591915584.00 ns, 2.2051 ns/op
WorkloadActual   2: 268435456 op, 591531617.00 ns, 2.2036 ns/op
WorkloadActual   3: 268435456 op, 590790903.00 ns, 2.2009 ns/op
WorkloadActual   4: 268435456 op, 590781132.00 ns, 2.2008 ns/op
WorkloadActual   5: 268435456 op, 592140155.00 ns, 2.2059 ns/op
WorkloadActual   6: 268435456 op, 591620004.00 ns, 2.2040 ns/op
WorkloadActual   7: 268435456 op, 591799158.00 ns, 2.2046 ns/op
WorkloadActual   8: 268435456 op, 593476211.00 ns, 2.2109 ns/op
WorkloadActual   9: 268435456 op, 594100157.00 ns, 2.2132 ns/op
WorkloadActual  10: 268435456 op, 591447290.00 ns, 2.2033 ns/op
WorkloadActual  11: 268435456 op, 591906047.00 ns, 2.2050 ns/op
WorkloadActual  12: 268435456 op, 592100144.00 ns, 2.2057 ns/op
WorkloadActual  13: 268435456 op, 591752761.00 ns, 2.2045 ns/op
WorkloadActual  14: 268435456 op, 592465182.00 ns, 2.2071 ns/op
WorkloadActual  15: 268435456 op, 591677641.00 ns, 2.2042 ns/op

// AfterActualRun
WorkloadResult   1: 268435456 op, 100886064.00 ns, 0.3758 ns/op
WorkloadResult   2: 268435456 op, 100502097.00 ns, 0.3744 ns/op
WorkloadResult   3: 268435456 op, 99761383.00 ns, 0.3716 ns/op
WorkloadResult   4: 268435456 op, 99751612.00 ns, 0.3716 ns/op
WorkloadResult   5: 268435456 op, 101110635.00 ns, 0.3767 ns/op
WorkloadResult   6: 268435456 op, 100590484.00 ns, 0.3747 ns/op
WorkloadResult   7: 268435456 op, 100769638.00 ns, 0.3754 ns/op
WorkloadResult   8: 268435456 op, 100417770.00 ns, 0.3741 ns/op
WorkloadResult   9: 268435456 op, 100876527.00 ns, 0.3758 ns/op
WorkloadResult  10: 268435456 op, 101070624.00 ns, 0.3765 ns/op
WorkloadResult  11: 268435456 op, 100723241.00 ns, 0.3752 ns/op
WorkloadResult  12: 268435456 op, 101435662.00 ns, 0.3779 ns/op
WorkloadResult  13: 268435456 op, 100648121.00 ns, 0.3749 ns/op
// GC:  0 0 0 0 268435456
// Threading:  0 0 268435456

// AfterAll
// Benchmark Process 5511 has exited with code 0.

Mean = 0.375 ns, StdErr = 0.000 ns (0.13%), N = 13, StdDev = 0.002 ns
Min = 0.372 ns, Q1 = 0.374 ns, Median = 0.375 ns, Q3 = 0.376 ns, Max = 0.378 ns
IQR = 0.001 ns, LowerFence = 0.372 ns, UpperFence = 0.378 ns
ConfidenceInterval = [0.373 ns; 0.377 ns] (CI 99.9%), Margin = 0.002 ns (0.58% of Mean)
Skewness = -0.56, Kurtosis = 2.48, MValue = 2

// ** Remained 16 (29.6 %) benchmark(s) to run. Estimated finish 2026-09-20 7:42 (0h 3m from now) **
// Build Error: Standard output: 
  
 Standard error: 
 /usr/share/dotnet/sdk/10.0.401/Microsoft.Common.CurrentVersion.targets(1891,5): error : Project '/home/runner/work/dotnet-concurrency/dotnet-concurrency/benchmarks/EricksonLopez.Concurrency.Benchmarks/EricksonLopez.Concurrency.Benchmarks.csproj' targets 'net10.0'. It cannot be referenced by a project that targets '.NETCoreApp,Version=v8.0'. [/home/runner/work/dotnet-concurrency/dotnet-concurrency/benchmarks/EricksonLopez.Concurrency.Benchmarks/bin/Release/net10.0/EricksonLopez.Concurrency.Benchmarks-.NET 8.0-2/BenchmarkDotNet.Autogenerated.csproj::TargetFramework=net8.0]
Build FAILED.
/usr/share/dotnet/sdk/10.0.401/Microsoft.Common.CurrentVersion.targets(1891,5): error : Project '/home/runner/work/dotnet-concurrency/dotnet-concurrency/benchmarks/EricksonLopez.Concurrency.Benchmarks/EricksonLopez.Concurrency.Benchmarks.csproj' targets 'net10.0'. It cannot be referenced by a project that targets '.NETCoreApp,Version=v8.0'. [/home/runner/work/dotnet-concurrency/dotnet-concurrency/benchmarks/EricksonLopez.Concurrency.Benchmarks/bin/Release/net10.0/EricksonLopez.Concurrency.Benchmarks-.NET 8.0-2/BenchmarkDotNet.Autogenerated.csproj::TargetFramework=net8.0]
    0 Warning(s)
    1 Error(s)
Time Elapsed 00:00:01.37

// BenchmarkDotNet has failed to build the auto-generated boilerplate code.
// It can be found in /home/runner/work/dotnet-concurrency/dotnet-concurrency/benchmarks/EricksonLopez.Concurrency.Benchmarks/bin/Release/net10.0/EricksonLopez.Concurrency.Benchmarks-.NET 8.0-2
// Please follow the troubleshooting guide: https://benchmarkdotnet.org/articles/guides/troubleshooting.html

// ** Remained 15 (27.8 %) benchmark(s) to run. Estimated finish 2026-09-20 7:42 (0h 2m from now) **
// Build Error: Standard output: 
  
 Standard error: 
 /usr/share/dotnet/sdk/10.0.401/Microsoft.Common.CurrentVersion.targets(1891,5): error : Project '/home/runner/work/dotnet-concurrency/dotnet-concurrency/benchmarks/EricksonLopez.Concurrency.Benchmarks/EricksonLopez.Concurrency.Benchmarks.csproj' targets 'net10.0'. It cannot be referenced by a project that targets '.NETCoreApp,Version=v8.0'. [/home/runner/work/dotnet-concurrency/dotnet-concurrency/benchmarks/EricksonLopez.Concurrency.Benchmarks/bin/Release/net10.0/EricksonLopez.Concurrency.Benchmarks-.NET 8.0-2/BenchmarkDotNet.Autogenerated.csproj::TargetFramework=net8.0]
Build FAILED.
/usr/share/dotnet/sdk/10.0.401/Microsoft.Common.CurrentVersion.targets(1891,5): error : Project '/home/runner/work/dotnet-concurrency/dotnet-concurrency/benchmarks/EricksonLopez.Concurrency.Benchmarks/EricksonLopez.Concurrency.Benchmarks.csproj' targets 'net10.0'. It cannot be referenced by a project that targets '.NETCoreApp,Version=v8.0'. [/home/runner/work/dotnet-concurrency/dotnet-concurrency/benchmarks/EricksonLopez.Concurrency.Benchmarks/bin/Release/net10.0/EricksonLopez.Concurrency.Benchmarks-.NET 8.0-2/BenchmarkDotNet.Autogenerated.csproj::TargetFramework=net8.0]
    0 Warning(s)
    1 Error(s)
Time Elapsed 00:00:01.37

// BenchmarkDotNet has failed to build the auto-generated boilerplate code.
// It can be found in /home/runner/work/dotnet-concurrency/dotnet-concurrency/benchmarks/EricksonLopez.Concurrency.Benchmarks/bin/Release/net10.0/EricksonLopez.Concurrency.Benchmarks-.NET 8.0-2
// Please follow the troubleshooting guide: https://benchmarkdotnet.org/articles/guides/troubleshooting.html

// ** Remained 14 (25.9 %) benchmark(s) to run. Estimated finish 2026-09-20 7:42 (0h 2m from now) **
// Build Error: Standard output: 
  
 Standard error: 
 /usr/share/dotnet/sdk/10.0.401/Microsoft.Common.CurrentVersion.targets(1891,5): error : Project '/home/runner/work/dotnet-concurrency/dotnet-concurrency/benchmarks/EricksonLopez.Concurrency.Benchmarks/EricksonLopez.Concurrency.Benchmarks.csproj' targets 'net10.0'. It cannot be referenced by a project that targets '.NETCoreApp,Version=v8.0'. [/home/runner/work/dotnet-concurrency/dotnet-concurrency/benchmarks/EricksonLopez.Concurrency.Benchmarks/bin/Release/net10.0/EricksonLopez.Concurrency.Benchmarks-.NET 8.0-2/BenchmarkDotNet.Autogenerated.csproj::TargetFramework=net8.0]
Build FAILED.
/usr/share/dotnet/sdk/10.0.401/Microsoft.Common.CurrentVersion.targets(1891,5): error : Project '/home/runner/work/dotnet-concurrency/dotnet-concurrency/benchmarks/EricksonLopez.Concurrency.Benchmarks/EricksonLopez.Concurrency.Benchmarks.csproj' targets 'net10.0'. It cannot be referenced by a project that targets '.NETCoreApp,Version=v8.0'. [/home/runner/work/dotnet-concurrency/dotnet-concurrency/benchmarks/EricksonLopez.Concurrency.Benchmarks/bin/Release/net10.0/EricksonLopez.Concurrency.Benchmarks-.NET 8.0-2/BenchmarkDotNet.Autogenerated.csproj::TargetFramework=net8.0]
    0 Warning(s)
    1 Error(s)
Time Elapsed 00:00:01.37

// BenchmarkDotNet has failed to build the auto-generated boilerplate code.
// It can be found in /home/runner/work/dotnet-concurrency/dotnet-concurrency/benchmarks/EricksonLopez.Concurrency.Benchmarks/bin/Release/net10.0/EricksonLopez.Concurrency.Benchmarks-.NET 8.0-2
// Please follow the troubleshooting guide: https://benchmarkdotnet.org/articles/guides/troubleshooting.html

// ** Remained 13 (24.1 %) benchmark(s) to run. Estimated finish 2026-09-20 7:42 (0h 2m from now) **
// Build Error: Standard output: 
  
 Standard error: 
 /usr/share/dotnet/sdk/10.0.401/Microsoft.Common.CurrentVersion.targets(1891,5): error : Project '/home/runner/work/dotnet-concurrency/dotnet-concurrency/benchmarks/EricksonLopez.Concurrency.Benchmarks/EricksonLopez.Concurrency.Benchmarks.csproj' targets 'net10.0'. It cannot be referenced by a project that targets '.NETCoreApp,Version=v8.0'. [/home/runner/work/dotnet-concurrency/dotnet-concurrency/benchmarks/EricksonLopez.Concurrency.Benchmarks/bin/Release/net10.0/EricksonLopez.Concurrency.Benchmarks-.NET 8.0-2/BenchmarkDotNet.Autogenerated.csproj::TargetFramework=net8.0]
Build FAILED.
/usr/share/dotnet/sdk/10.0.401/Microsoft.Common.CurrentVersion.targets(1891,5): error : Project '/home/runner/work/dotnet-concurrency/dotnet-concurrency/benchmarks/EricksonLopez.Concurrency.Benchmarks/EricksonLopez.Concurrency.Benchmarks.csproj' targets 'net10.0'. It cannot be referenced by a project that targets '.NETCoreApp,Version=v8.0'. [/home/runner/work/dotnet-concurrency/dotnet-concurrency/benchmarks/EricksonLopez.Concurrency.Benchmarks/bin/Release/net10.0/EricksonLopez.Concurrency.Benchmarks-.NET 8.0-2/BenchmarkDotNet.Autogenerated.csproj::TargetFramework=net8.0]
    0 Warning(s)
    1 Error(s)
Time Elapsed 00:00:01.37

// BenchmarkDotNet has failed to build the auto-generated boilerplate code.
// It can be found in /home/runner/work/dotnet-concurrency/dotnet-concurrency/benchmarks/EricksonLopez.Concurrency.Benchmarks/bin/Release/net10.0/EricksonLopez.Concurrency.Benchmarks-.NET 8.0-2
// Please follow the troubleshooting guide: https://benchmarkdotnet.org/articles/guides/troubleshooting.html

// ** Remained 12 (22.2 %) benchmark(s) to run. Estimated finish 2026-09-20 7:41 (0h 2m from now) **
// Build Error: Standard output: 
  
 Standard error: 
 /usr/share/dotnet/sdk/10.0.401/Microsoft.Common.CurrentVersion.targets(1891,5): error : Project '/home/runner/work/dotnet-concurrency/dotnet-concurrency/benchmarks/EricksonLopez.Concurrency.Benchmarks/EricksonLopez.Concurrency.Benchmarks.csproj' targets 'net10.0'. It cannot be referenced by a project that targets '.NETCoreApp,Version=v8.0'. [/home/runner/work/dotnet-concurrency/dotnet-concurrency/benchmarks/EricksonLopez.Concurrency.Benchmarks/bin/Release/net10.0/EricksonLopez.Concurrency.Benchmarks-.NET 8.0-2/BenchmarkDotNet.Autogenerated.csproj::TargetFramework=net8.0]
Build FAILED.
/usr/share/dotnet/sdk/10.0.401/Microsoft.Common.CurrentVersion.targets(1891,5): error : Project '/home/runner/work/dotnet-concurrency/dotnet-concurrency/benchmarks/EricksonLopez.Concurrency.Benchmarks/EricksonLopez.Concurrency.Benchmarks.csproj' targets 'net10.0'. It cannot be referenced by a project that targets '.NETCoreApp,Version=v8.0'. [/home/runner/work/dotnet-concurrency/dotnet-concurrency/benchmarks/EricksonLopez.Concurrency.Benchmarks/bin/Release/net10.0/EricksonLopez.Concurrency.Benchmarks-.NET 8.0-2/BenchmarkDotNet.Autogenerated.csproj::TargetFramework=net8.0]
    0 Warning(s)
    1 Error(s)
Time Elapsed 00:00:01.37

// BenchmarkDotNet has failed to build the auto-generated boilerplate code.
// It can be found in /home/runner/work/dotnet-concurrency/dotnet-concurrency/benchmarks/EricksonLopez.Concurrency.Benchmarks/bin/Release/net10.0/EricksonLopez.Concurrency.Benchmarks-.NET 8.0-2
// Please follow the troubleshooting guide: https://benchmarkdotnet.org/articles/guides/troubleshooting.html

// ** Remained 11 (20.4 %) benchmark(s) to run. Estimated finish 2026-09-20 7:41 (0h 1m from now) **
// Build Error: Standard output: 
  
 Standard error: 
 /usr/share/dotnet/sdk/10.0.401/Microsoft.Common.CurrentVersion.targets(1891,5): error : Project '/home/runner/work/dotnet-concurrency/dotnet-concurrency/benchmarks/EricksonLopez.Concurrency.Benchmarks/EricksonLopez.Concurrency.Benchmarks.csproj' targets 'net10.0'. It cannot be referenced by a project that targets '.NETCoreApp,Version=v8.0'. [/home/runner/work/dotnet-concurrency/dotnet-concurrency/benchmarks/EricksonLopez.Concurrency.Benchmarks/bin/Release/net10.0/EricksonLopez.Concurrency.Benchmarks-.NET 8.0-2/BenchmarkDotNet.Autogenerated.csproj::TargetFramework=net8.0]
Build FAILED.
/usr/share/dotnet/sdk/10.0.401/Microsoft.Common.CurrentVersion.targets(1891,5): error : Project '/home/runner/work/dotnet-concurrency/dotnet-concurrency/benchmarks/EricksonLopez.Concurrency.Benchmarks/EricksonLopez.Concurrency.Benchmarks.csproj' targets 'net10.0'. It cannot be referenced by a project that targets '.NETCoreApp,Version=v8.0'. [/home/runner/work/dotnet-concurrency/dotnet-concurrency/benchmarks/EricksonLopez.Concurrency.Benchmarks/bin/Release/net10.0/EricksonLopez.Concurrency.Benchmarks-.NET 8.0-2/BenchmarkDotNet.Autogenerated.csproj::TargetFramework=net8.0]
    0 Warning(s)
    1 Error(s)
Time Elapsed 00:00:01.37

// BenchmarkDotNet has failed to build the auto-generated boilerplate code.
// It can be found in /home/runner/work/dotnet-concurrency/dotnet-concurrency/benchmarks/EricksonLopez.Concurrency.Benchmarks/bin/Release/net10.0/EricksonLopez.Concurrency.Benchmarks-.NET 8.0-2
// Please follow the troubleshooting guide: https://benchmarkdotnet.org/articles/guides/troubleshooting.html

// ** Remained 10 (18.5 %) benchmark(s) to run. Estimated finish 2026-09-20 7:41 (0h 1m from now) **
// Build Error: Standard output: 
  
 Standard error: 
 /usr/share/dotnet/sdk/10.0.401/Microsoft.Common.CurrentVersion.targets(1891,5): error : Project '/home/runner/work/dotnet-concurrency/dotnet-concurrency/benchmarks/EricksonLopez.Concurrency.Benchmarks/EricksonLopez.Concurrency.Benchmarks.csproj' targets 'net10.0'. It cannot be referenced by a project that targets '.NETCoreApp,Version=v8.0'. [/home/runner/work/dotnet-concurrency/dotnet-concurrency/benchmarks/EricksonLopez.Concurrency.Benchmarks/bin/Release/net10.0/EricksonLopez.Concurrency.Benchmarks-.NET 8.0-2/BenchmarkDotNet.Autogenerated.csproj::TargetFramework=net8.0]
Build FAILED.
/usr/share/dotnet/sdk/10.0.401/Microsoft.Common.CurrentVersion.targets(1891,5): error : Project '/home/runner/work/dotnet-concurrency/dotnet-concurrency/benchmarks/EricksonLopez.Concurrency.Benchmarks/EricksonLopez.Concurrency.Benchmarks.csproj' targets 'net10.0'. It cannot be referenced by a project that targets '.NETCoreApp,Version=v8.0'. [/home/runner/work/dotnet-concurrency/dotnet-concurrency/benchmarks/EricksonLopez.Concurrency.Benchmarks/bin/Release/net10.0/EricksonLopez.Concurrency.Benchmarks-.NET 8.0-2/BenchmarkDotNet.Autogenerated.csproj::TargetFramework=net8.0]
    0 Warning(s)
    1 Error(s)
Time Elapsed 00:00:01.37

// BenchmarkDotNet has failed to build the auto-generated boilerplate code.
// It can be found in /home/runner/work/dotnet-concurrency/dotnet-concurrency/benchmarks/EricksonLopez.Concurrency.Benchmarks/bin/Release/net10.0/EricksonLopez.Concurrency.Benchmarks-.NET 8.0-2
// Please follow the troubleshooting guide: https://benchmarkdotnet.org/articles/guides/troubleshooting.html

// ** Remained 9 (16.7 %) benchmark(s) to run. Estimated finish 2026-09-20 7:41 (0h 1m from now) **
// Build Error: Standard output: 
  
 Standard error: 
 /usr/share/dotnet/sdk/10.0.401/Microsoft.Common.CurrentVersion.targets(1891,5): error : Project '/home/runner/work/dotnet-concurrency/dotnet-concurrency/benchmarks/EricksonLopez.Concurrency.Benchmarks/EricksonLopez.Concurrency.Benchmarks.csproj' targets 'net10.0'. It cannot be referenced by a project that targets '.NETCoreApp,Version=v8.0'. [/home/runner/work/dotnet-concurrency/dotnet-concurrency/benchmarks/EricksonLopez.Concurrency.Benchmarks/bin/Release/net10.0/EricksonLopez.Concurrency.Benchmarks-.NET 8.0-2/BenchmarkDotNet.Autogenerated.csproj::TargetFramework=net8.0]
Build FAILED.
/usr/share/dotnet/sdk/10.0.401/Microsoft.Common.CurrentVersion.targets(1891,5): error : Project '/home/runner/work/dotnet-concurrency/dotnet-concurrency/benchmarks/EricksonLopez.Concurrency.Benchmarks/EricksonLopez.Concurrency.Benchmarks.csproj' targets 'net10.0'. It cannot be referenced by a project that targets '.NETCoreApp,Version=v8.0'. [/home/runner/work/dotnet-concurrency/dotnet-concurrency/benchmarks/EricksonLopez.Concurrency.Benchmarks/bin/Release/net10.0/EricksonLopez.Concurrency.Benchmarks-.NET 8.0-2/BenchmarkDotNet.Autogenerated.csproj::TargetFramework=net8.0]
    0 Warning(s)
    1 Error(s)
Time Elapsed 00:00:01.37

// BenchmarkDotNet has failed to build the auto-generated boilerplate code.
// It can be found in /home/runner/work/dotnet-concurrency/dotnet-concurrency/benchmarks/EricksonLopez.Concurrency.Benchmarks/bin/Release/net10.0/EricksonLopez.Concurrency.Benchmarks-.NET 8.0-2
// Please follow the troubleshooting guide: https://benchmarkdotnet.org/articles/guides/troubleshooting.html

// ** Remained 8 (14.8 %) benchmark(s) to run. Estimated finish 2026-09-20 7:40 (0h 1m from now) **
// Build Error: Standard output: 
  
 Standard error: 
 /usr/share/dotnet/sdk/10.0.401/Microsoft.Common.CurrentVersion.targets(1891,5): error : Project '/home/runner/work/dotnet-concurrency/dotnet-concurrency/benchmarks/EricksonLopez.Concurrency.Benchmarks/EricksonLopez.Concurrency.Benchmarks.csproj' targets 'net10.0'. It cannot be referenced by a project that targets '.NETCoreApp,Version=v9.0'. [/home/runner/work/dotnet-concurrency/dotnet-concurrency/benchmarks/EricksonLopez.Concurrency.Benchmarks/bin/Release/net10.0/EricksonLopez.Concurrency.Benchmarks-.NET 9.0-3/BenchmarkDotNet.Autogenerated.csproj::TargetFramework=net9.0]
Build FAILED.
/usr/share/dotnet/sdk/10.0.401/Microsoft.Common.CurrentVersion.targets(1891,5): error : Project '/home/runner/work/dotnet-concurrency/dotnet-concurrency/benchmarks/EricksonLopez.Concurrency.Benchmarks/EricksonLopez.Concurrency.Benchmarks.csproj' targets 'net10.0'. It cannot be referenced by a project that targets '.NETCoreApp,Version=v9.0'. [/home/runner/work/dotnet-concurrency/dotnet-concurrency/benchmarks/EricksonLopez.Concurrency.Benchmarks/bin/Release/net10.0/EricksonLopez.Concurrency.Benchmarks-.NET 9.0-3/BenchmarkDotNet.Autogenerated.csproj::TargetFramework=net9.0]
    0 Warning(s)
    1 Error(s)
Time Elapsed 00:00:01.35

// BenchmarkDotNet has failed to build the auto-generated boilerplate code.
// It can be found in /home/runner/work/dotnet-concurrency/dotnet-concurrency/benchmarks/EricksonLopez.Concurrency.Benchmarks/bin/Release/net10.0/EricksonLopez.Concurrency.Benchmarks-.NET 9.0-3
// Please follow the troubleshooting guide: https://benchmarkdotnet.org/articles/guides/troubleshooting.html

// ** Remained 7 (13.0 %) benchmark(s) to run. Estimated finish 2026-09-20 7:40 (0h 1m from now) **
// Build Error: Standard output: 
  
 Standard error: 
 /usr/share/dotnet/sdk/10.0.401/Microsoft.Common.CurrentVersion.targets(1891,5): error : Project '/home/runner/work/dotnet-concurrency/dotnet-concurrency/benchmarks/EricksonLopez.Concurrency.Benchmarks/EricksonLopez.Concurrency.Benchmarks.csproj' targets 'net10.0'. It cannot be referenced by a project that targets '.NETCoreApp,Version=v9.0'. [/home/runner/work/dotnet-concurrency/dotnet-concurrency/benchmarks/EricksonLopez.Concurrency.Benchmarks/bin/Release/net10.0/EricksonLopez.Concurrency.Benchmarks-.NET 9.0-3/BenchmarkDotNet.Autogenerated.csproj::TargetFramework=net9.0]
Build FAILED.
/usr/share/dotnet/sdk/10.0.401/Microsoft.Common.CurrentVersion.targets(1891,5): error : Project '/home/runner/work/dotnet-concurrency/dotnet-concurrency/benchmarks/EricksonLopez.Concurrency.Benchmarks/EricksonLopez.Concurrency.Benchmarks.csproj' targets 'net10.0'. It cannot be referenced by a project that targets '.NETCoreApp,Version=v9.0'. [/home/runner/work/dotnet-concurrency/dotnet-concurrency/benchmarks/EricksonLopez.Concurrency.Benchmarks/bin/Release/net10.0/EricksonLopez.Concurrency.Benchmarks-.NET 9.0-3/BenchmarkDotNet.Autogenerated.csproj::TargetFramework=net9.0]
    0 Warning(s)
    1 Error(s)
Time Elapsed 00:00:01.35

// BenchmarkDotNet has failed to build the auto-generated boilerplate code.
// It can be found in /home/runner/work/dotnet-concurrency/dotnet-concurrency/benchmarks/EricksonLopez.Concurrency.Benchmarks/bin/Release/net10.0/EricksonLopez.Concurrency.Benchmarks-.NET 9.0-3
// Please follow the troubleshooting guide: https://benchmarkdotnet.org/articles/guides/troubleshooting.html

// ** Remained 6 (11.1 %) benchmark(s) to run. Estimated finish 2026-09-20 7:40 (0h 0m from now) **
// Build Error: Standard output: 
  
 Standard error: 
 /usr/share/dotnet/sdk/10.0.401/Microsoft.Common.CurrentVersion.targets(1891,5): error : Project '/home/runner/work/dotnet-concurrency/dotnet-concurrency/benchmarks/EricksonLopez.Concurrency.Benchmarks/EricksonLopez.Concurrency.Benchmarks.csproj' targets 'net10.0'. It cannot be referenced by a project that targets '.NETCoreApp,Version=v9.0'. [/home/runner/work/dotnet-concurrency/dotnet-concurrency/benchmarks/EricksonLopez.Concurrency.Benchmarks/bin/Release/net10.0/EricksonLopez.Concurrency.Benchmarks-.NET 9.0-3/BenchmarkDotNet.Autogenerated.csproj::TargetFramework=net9.0]
Build FAILED.
/usr/share/dotnet/sdk/10.0.401/Microsoft.Common.CurrentVersion.targets(1891,5): error : Project '/home/runner/work/dotnet-concurrency/dotnet-concurrency/benchmarks/EricksonLopez.Concurrency.Benchmarks/EricksonLopez.Concurrency.Benchmarks.csproj' targets 'net10.0'. It cannot be referenced by a project that targets '.NETCoreApp,Version=v9.0'. [/home/runner/work/dotnet-concurrency/dotnet-concurrency/benchmarks/EricksonLopez.Concurrency.Benchmarks/bin/Release/net10.0/EricksonLopez.Concurrency.Benchmarks-.NET 9.0-3/BenchmarkDotNet.Autogenerated.csproj::TargetFramework=net9.0]
    0 Warning(s)
    1 Error(s)
Time Elapsed 00:00:01.35

// BenchmarkDotNet has failed to build the auto-generated boilerplate code.
// It can be found in /home/runner/work/dotnet-concurrency/dotnet-concurrency/benchmarks/EricksonLopez.Concurrency.Benchmarks/bin/Release/net10.0/EricksonLopez.Concurrency.Benchmarks-.NET 9.0-3
// Please follow the troubleshooting guide: https://benchmarkdotnet.org/articles/guides/troubleshooting.html

// ** Remained 5 (9.3 %) benchmark(s) to run. Estimated finish 2026-09-20 7:40 (0h 0m from now) **
// Build Error: Standard output: 
  
 Standard error: 
 /usr/share/dotnet/sdk/10.0.401/Microsoft.Common.CurrentVersion.targets(1891,5): error : Project '/home/runner/work/dotnet-concurrency/dotnet-concurrency/benchmarks/EricksonLopez.Concurrency.Benchmarks/EricksonLopez.Concurrency.Benchmarks.csproj' targets 'net10.0'. It cannot be referenced by a project that targets '.NETCoreApp,Version=v9.0'. [/home/runner/work/dotnet-concurrency/dotnet-concurrency/benchmarks/EricksonLopez.Concurrency.Benchmarks/bin/Release/net10.0/EricksonLopez.Concurrency.Benchmarks-.NET 9.0-3/BenchmarkDotNet.Autogenerated.csproj::TargetFramework=net9.0]
Build FAILED.
/usr/share/dotnet/sdk/10.0.401/Microsoft.Common.CurrentVersion.targets(1891,5): error : Project '/home/runner/work/dotnet-concurrency/dotnet-concurrency/benchmarks/EricksonLopez.Concurrency.Benchmarks/EricksonLopez.Concurrency.Benchmarks.csproj' targets 'net10.0'. It cannot be referenced by a project that targets '.NETCoreApp,Version=v9.0'. [/home/runner/work/dotnet-concurrency/dotnet-concurrency/benchmarks/EricksonLopez.Concurrency.Benchmarks/bin/Release/net10.0/EricksonLopez.Concurrency.Benchmarks-.NET 9.0-3/BenchmarkDotNet.Autogenerated.csproj::TargetFramework=net9.0]
    0 Warning(s)
    1 Error(s)
Time Elapsed 00:00:01.35

// BenchmarkDotNet has failed to build the auto-generated boilerplate code.
// It can be found in /home/runner/work/dotnet-concurrency/dotnet-concurrency/benchmarks/EricksonLopez.Concurrency.Benchmarks/bin/Release/net10.0/EricksonLopez.Concurrency.Benchmarks-.NET 9.0-3
// Please follow the troubleshooting guide: https://benchmarkdotnet.org/articles/guides/troubleshooting.html

// ** Remained 4 (7.4 %) benchmark(s) to run. Estimated finish 2026-09-20 7:40 (0h 0m from now) **
// Build Error: Standard output: 
  
 Standard error: 
 /usr/share/dotnet/sdk/10.0.401/Microsoft.Common.CurrentVersion.targets(1891,5): error : Project '/home/runner/work/dotnet-concurrency/dotnet-concurrency/benchmarks/EricksonLopez.Concurrency.Benchmarks/EricksonLopez.Concurrency.Benchmarks.csproj' targets 'net10.0'. It cannot be referenced by a project that targets '.NETCoreApp,Version=v9.0'. [/home/runner/work/dotnet-concurrency/dotnet-concurrency/benchmarks/EricksonLopez.Concurrency.Benchmarks/bin/Release/net10.0/EricksonLopez.Concurrency.Benchmarks-.NET 9.0-3/BenchmarkDotNet.Autogenerated.csproj::TargetFramework=net9.0]
Build FAILED.
/usr/share/dotnet/sdk/10.0.401/Microsoft.Common.CurrentVersion.targets(1891,5): error : Project '/home/runner/work/dotnet-concurrency/dotnet-concurrency/benchmarks/EricksonLopez.Concurrency.Benchmarks/EricksonLopez.Concurrency.Benchmarks.csproj' targets 'net10.0'. It cannot be referenced by a project that targets '.NETCoreApp,Version=v9.0'. [/home/runner/work/dotnet-concurrency/dotnet-concurrency/benchmarks/EricksonLopez.Concurrency.Benchmarks/bin/Release/net10.0/EricksonLopez.Concurrency.Benchmarks-.NET 9.0-3/BenchmarkDotNet.Autogenerated.csproj::TargetFramework=net9.0]
    0 Warning(s)
    1 Error(s)
Time Elapsed 00:00:01.35

// BenchmarkDotNet has failed to build the auto-generated boilerplate code.
// It can be found in /home/runner/work/dotnet-concurrency/dotnet-concurrency/benchmarks/EricksonLopez.Concurrency.Benchmarks/bin/Release/net10.0/EricksonLopez.Concurrency.Benchmarks-.NET 9.0-3
// Please follow the troubleshooting guide: https://benchmarkdotnet.org/articles/guides/troubleshooting.html

// ** Remained 3 (5.6 %) benchmark(s) to run. Estimated finish 2026-09-20 7:40 (0h 0m from now) **
// Build Error: Standard output: 
  
 Standard error: 
 /usr/share/dotnet/sdk/10.0.401/Microsoft.Common.CurrentVersion.targets(1891,5): error : Project '/home/runner/work/dotnet-concurrency/dotnet-concurrency/benchmarks/EricksonLopez.Concurrency.Benchmarks/EricksonLopez.Concurrency.Benchmarks.csproj' targets 'net10.0'. It cannot be referenced by a project that targets '.NETCoreApp,Version=v9.0'. [/home/runner/work/dotnet-concurrency/dotnet-concurrency/benchmarks/EricksonLopez.Concurrency.Benchmarks/bin/Release/net10.0/EricksonLopez.Concurrency.Benchmarks-.NET 9.0-3/BenchmarkDotNet.Autogenerated.csproj::TargetFramework=net9.0]
Build FAILED.
/usr/share/dotnet/sdk/10.0.401/Microsoft.Common.CurrentVersion.targets(1891,5): error : Project '/home/runner/work/dotnet-concurrency/dotnet-concurrency/benchmarks/EricksonLopez.Concurrency.Benchmarks/EricksonLopez.Concurrency.Benchmarks.csproj' targets 'net10.0'. It cannot be referenced by a project that targets '.NETCoreApp,Version=v9.0'. [/home/runner/work/dotnet-concurrency/dotnet-concurrency/benchmarks/EricksonLopez.Concurrency.Benchmarks/bin/Release/net10.0/EricksonLopez.Concurrency.Benchmarks-.NET 9.0-3/BenchmarkDotNet.Autogenerated.csproj::TargetFramework=net9.0]
    0 Warning(s)
    1 Error(s)
Time Elapsed 00:00:01.35

// BenchmarkDotNet has failed to build the auto-generated boilerplate code.
// It can be found in /home/runner/work/dotnet-concurrency/dotnet-concurrency/benchmarks/EricksonLopez.Concurrency.Benchmarks/bin/Release/net10.0/EricksonLopez.Concurrency.Benchmarks-.NET 9.0-3
// Please follow the troubleshooting guide: https://benchmarkdotnet.org/articles/guides/troubleshooting.html

// ** Remained 2 (3.7 %) benchmark(s) to run. Estimated finish 2026-09-20 7:39 (0h 0m from now) **
// Build Error: Standard output: 
  
 Standard error: 
 /usr/share/dotnet/sdk/10.0.401/Microsoft.Common.CurrentVersion.targets(1891,5): error : Project '/home/runner/work/dotnet-concurrency/dotnet-concurrency/benchmarks/EricksonLopez.Concurrency.Benchmarks/EricksonLopez.Concurrency.Benchmarks.csproj' targets 'net10.0'. It cannot be referenced by a project that targets '.NETCoreApp,Version=v9.0'. [/home/runner/work/dotnet-concurrency/dotnet-concurrency/benchmarks/EricksonLopez.Concurrency.Benchmarks/bin/Release/net10.0/EricksonLopez.Concurrency.Benchmarks-.NET 9.0-3/BenchmarkDotNet.Autogenerated.csproj::TargetFramework=net9.0]
Build FAILED.
/usr/share/dotnet/sdk/10.0.401/Microsoft.Common.CurrentVersion.targets(1891,5): error : Project '/home/runner/work/dotnet-concurrency/dotnet-concurrency/benchmarks/EricksonLopez.Concurrency.Benchmarks/EricksonLopez.Concurrency.Benchmarks.csproj' targets 'net10.0'. It cannot be referenced by a project that targets '.NETCoreApp,Version=v9.0'. [/home/runner/work/dotnet-concurrency/dotnet-concurrency/benchmarks/EricksonLopez.Concurrency.Benchmarks/bin/Release/net10.0/EricksonLopez.Concurrency.Benchmarks-.NET 9.0-3/BenchmarkDotNet.Autogenerated.csproj::TargetFramework=net9.0]
    0 Warning(s)
    1 Error(s)
Time Elapsed 00:00:01.35

// BenchmarkDotNet has failed to build the auto-generated boilerplate code.
// It can be found in /home/runner/work/dotnet-concurrency/dotnet-concurrency/benchmarks/EricksonLopez.Concurrency.Benchmarks/bin/Release/net10.0/EricksonLopez.Concurrency.Benchmarks-.NET 9.0-3
// Please follow the troubleshooting guide: https://benchmarkdotnet.org/articles/guides/troubleshooting.html

// ** Remained 1 (1.9 %) benchmark(s) to run. Estimated finish 2026-09-20 7:39 (0h 0m from now) **
// Build Error: Standard output: 
  
 Standard error: 
 /usr/share/dotnet/sdk/10.0.401/Microsoft.Common.CurrentVersion.targets(1891,5): error : Project '/home/runner/work/dotnet-concurrency/dotnet-concurrency/benchmarks/EricksonLopez.Concurrency.Benchmarks/EricksonLopez.Concurrency.Benchmarks.csproj' targets 'net10.0'. It cannot be referenced by a project that targets '.NETCoreApp,Version=v9.0'. [/home/runner/work/dotnet-concurrency/dotnet-concurrency/benchmarks/EricksonLopez.Concurrency.Benchmarks/bin/Release/net10.0/EricksonLopez.Concurrency.Benchmarks-.NET 9.0-3/BenchmarkDotNet.Autogenerated.csproj::TargetFramework=net9.0]
Build FAILED.
/usr/share/dotnet/sdk/10.0.401/Microsoft.Common.CurrentVersion.targets(1891,5): error : Project '/home/runner/work/dotnet-concurrency/dotnet-concurrency/benchmarks/EricksonLopez.Concurrency.Benchmarks/EricksonLopez.Concurrency.Benchmarks.csproj' targets 'net10.0'. It cannot be referenced by a project that targets '.NETCoreApp,Version=v9.0'. [/home/runner/work/dotnet-concurrency/dotnet-concurrency/benchmarks/EricksonLopez.Concurrency.Benchmarks/bin/Release/net10.0/EricksonLopez.Concurrency.Benchmarks-.NET 9.0-3/BenchmarkDotNet.Autogenerated.csproj::TargetFramework=net9.0]
    0 Warning(s)
    1 Error(s)
Time Elapsed 00:00:01.35

// BenchmarkDotNet has failed to build the auto-generated boilerplate code.
// It can be found in /home/runner/work/dotnet-concurrency/dotnet-concurrency/benchmarks/EricksonLopez.Concurrency.Benchmarks/bin/Release/net10.0/EricksonLopez.Concurrency.Benchmarks-.NET 9.0-3
// Please follow the troubleshooting guide: https://benchmarkdotnet.org/articles/guides/troubleshooting.html

// ** Remained 0 (0.0 %) benchmark(s) to run. Estimated finish 2026-09-20 7:39 (0h 0m from now) **
// ***** BenchmarkRunner: Finish  *****

// * Export *
  benchmarks/results/results/EricksonLopez.Concurrency.Benchmarks.TokenAllocationBenchmarks-report.csv
  benchmarks/results/results/EricksonLopez.Concurrency.Benchmarks.TokenAllocationBenchmarks-report-github.md
  benchmarks/results/results/EricksonLopez.Concurrency.Benchmarks.TokenAllocationBenchmarks-report.html
  benchmarks/results/results/EricksonLopez.Concurrency.Benchmarks.TokenAllocationBenchmarks-report-full-compressed.json
  benchmarks/results/results/EricksonLopez.Concurrency.Benchmarks.TokenAllocationBenchmarks-report-default.md

// * Detailed results *
TokenAllocationBenchmarks.CreateStructVersion: .NET 10.0(Runtime=.NET 10.0, Toolchain=net10.0)
Runtime = .NET 10.0.12 (10.0.12, 10.0.1226.42308), X64 RyuJIT x86-64-v3; GC = Concurrent Workstation
Mean = 0.000 ns, StdErr = 0.000 ns (53.10%), N = 13, StdDev = 0.000 ns
Min = 0.000 ns, Q1 = 0.000 ns, Median = 0.000 ns, Q3 = 0.000 ns, Max = 0.002 ns
IQR = 0.000 ns, LowerFence = -0.001 ns, UpperFence = 0.001 ns
ConfidenceInterval = [-0.000 ns; 0.001 ns] (CI 99.9%), Margin = 0.001 ns (229.28% of Mean)
Skewness = 1.76, Kurtosis = 5.12, MValue = 2.22
-------------------- Histogram --------------------
[0.000 ns ; 0.001 ns) | @@@@@@@@@@
[0.001 ns ; 0.001 ns) | @@
[0.001 ns ; 0.001 ns) | 
[0.001 ns ; 0.002 ns) | @
---------------------------------------------------

TokenAllocationBenchmarks.CreateStructToken: .NET 10.0(Runtime=.NET 10.0, Toolchain=net10.0)
Runtime = .NET 10.0.12 (10.0.12, 10.0.1226.42308), X64 RyuJIT x86-64-v3; GC = Concurrent Workstation
Mean = 1.180 ns, StdErr = 0.001 ns (0.06%), N = 14, StdDev = 0.003 ns
Min = 1.176 ns, Q1 = 1.179 ns, Median = 1.180 ns, Q3 = 1.181 ns, Max = 1.186 ns
IQR = 0.002 ns, LowerFence = 1.175 ns, UpperFence = 1.184 ns
ConfidenceInterval = [1.177 ns; 1.183 ns] (CI 99.9%), Margin = 0.003 ns (0.25% of Mean)
Skewness = 0.33, Kurtosis = 2.67, MValue = 2
-------------------- Histogram --------------------
[1.174 ns ; 1.187 ns) | @@@@@@@@@@@@@@
---------------------------------------------------

TokenAllocationBenchmarks.CreateExpectedVersionSpecific: .NET 10.0(Runtime=.NET 10.0, Toolchain=net10.0)
Runtime = .NET 10.0.12 (10.0.12, 10.0.1226.42308), X64 RyuJIT x86-64-v3; GC = Concurrent Workstation
Mean = 0.001 ns, StdErr = 0.000 ns (30.52%), N = 12, StdDev = 0.001 ns
Min = 0.000 ns, Q1 = 0.000 ns, Median = 0.000 ns, Q3 = 0.001 ns, Max = 0.002 ns
IQR = 0.001 ns, LowerFence = -0.002 ns, UpperFence = 0.003 ns
ConfidenceInterval = [-0.000 ns; 0.001 ns] (CI 99.9%), Margin = 0.001 ns (135.42% of Mean)
Skewness = 0.59, Kurtosis = 2.03, MValue = 2
-------------------- Histogram --------------------
[0.000 ns ; 0.001 ns) | @@@@@@@
[0.001 ns ; 0.001 ns) | @@@@
[0.001 ns ; 0.002 ns) | @
---------------------------------------------------

TokenAllocationBenchmarks.TryParseSpanVersion: .NET 10.0(Runtime=.NET 10.0, Toolchain=net10.0)
Runtime = .NET 10.0.12 (10.0.12, 10.0.1226.42308), X64 RyuJIT x86-64-v3; GC = Concurrent Workstation
Mean = 14.185 ns, StdErr = 0.008 ns (0.06%), N = 14, StdDev = 0.030 ns
Min = 14.120 ns, Q1 = 14.178 ns, Median = 14.185 ns, Q3 = 14.201 ns, Max = 14.225 ns
IQR = 0.023 ns, LowerFence = 14.144 ns, UpperFence = 14.235 ns
ConfidenceInterval = [14.151 ns; 14.218 ns] (CI 99.9%), Margin = 0.034 ns (0.24% of Mean)
Skewness = -0.84, Kurtosis = 2.88, MValue = 2
-------------------- Histogram --------------------
[14.103 ns ; 14.241 ns) | @@@@@@@@@@@@@@
---------------------------------------------------

TokenAllocationBenchmarks.TryParseStringVersion: .NET 10.0(Runtime=.NET 10.0, Toolchain=net10.0)
Runtime = .NET 10.0.12 (10.0.12, 10.0.1226.42308), X64 RyuJIT x86-64-v3; GC = Concurrent Workstation
Mean = 16.217 ns, StdErr = 0.038 ns (0.24%), N = 15, StdDev = 0.148 ns
Min = 15.912 ns, Q1 = 16.069 ns, Median = 16.275 ns, Q3 = 16.296 ns, Max = 16.403 ns
IQR = 0.227 ns, LowerFence = 15.729 ns, UpperFence = 16.637 ns
ConfidenceInterval = [16.058 ns; 16.375 ns] (CI 99.9%), Margin = 0.159 ns (0.98% of Mean)
Skewness = -0.58, Kurtosis = 1.91, MValue = 2
-------------------- Histogram --------------------
[15.903 ns ; 16.482 ns) | @@@@@@@@@@@@@@@
---------------------------------------------------

TokenAllocationBenchmarks.FormatVersionToString: .NET 10.0(Runtime=.NET 10.0, Toolchain=net10.0)
Runtime = .NET 10.0.12 (10.0.12, 10.0.1226.42308), X64 RyuJIT x86-64-v3; GC = Concurrent Workstation
Mean = 14.017 ns, StdErr = 0.023 ns (0.16%), N = 15, StdDev = 0.089 ns
Min = 13.808 ns, Q1 = 14.006 ns, Median = 14.046 ns, Q3 = 14.081 ns, Max = 14.095 ns
IQR = 0.074 ns, LowerFence = 13.895 ns, UpperFence = 14.192 ns
ConfidenceInterval = [13.922 ns; 14.112 ns] (CI 99.9%), Margin = 0.095 ns (0.68% of Mean)
Skewness = -1.23, Kurtosis = 3.22, MValue = 2
-------------------- Histogram --------------------
[13.761 ns ; 14.142 ns) | @@@@@@@@@@@@@@@
---------------------------------------------------

TokenAllocationBenchmarks.CompareTokensValueEquality: .NET 10.0(Runtime=.NET 10.0, Toolchain=net10.0)
Runtime = .NET 10.0.12 (10.0.12, 10.0.1226.42308), X64 RyuJIT x86-64-v3; GC = Concurrent Workstation
Mean = 1.884 ns, StdErr = 0.001 ns (0.05%), N = 14, StdDev = 0.004 ns
Min = 1.877 ns, Q1 = 1.882 ns, Median = 1.884 ns, Q3 = 1.886 ns, Max = 1.890 ns
IQR = 0.005 ns, LowerFence = 1.874 ns, UpperFence = 1.893 ns
ConfidenceInterval = [1.879 ns; 1.888 ns] (CI 99.9%), Margin = 0.004 ns (0.23% of Mean)
Skewness = 0.02, Kurtosis = 1.84, MValue = 2
-------------------- Histogram --------------------
[1.875 ns ; 1.893 ns) | @@@@@@@@@@@@@@
---------------------------------------------------

TokenAllocationBenchmarks.CheckExpectedMatchesActual: .NET 10.0(Runtime=.NET 10.0, Toolchain=net10.0)
Runtime = .NET 10.0.12 (10.0.12, 10.0.1226.42308), X64 RyuJIT x86-64-v3; GC = Concurrent Workstation
Mean = 0.375 ns, StdErr = 0.000 ns (0.13%), N = 13, StdDev = 0.002 ns
Min = 0.372 ns, Q1 = 0.374 ns, Median = 0.375 ns, Q3 = 0.376 ns, Max = 0.378 ns
IQR = 0.001 ns, LowerFence = 0.372 ns, UpperFence = 0.378 ns
ConfidenceInterval = [0.373 ns; 0.377 ns] (CI 99.9%), Margin = 0.002 ns (0.58% of Mean)
Skewness = -0.56, Kurtosis = 2.48, MValue = 2
-------------------- Histogram --------------------
[0.371 ns ; 0.379 ns) | @@@@@@@@@@@@@
---------------------------------------------------

TokenAllocationBenchmarks.CreateStructVersion: .NET 8.0(Runtime=.NET 8.0, Toolchain=net8.0)
Runtime = ; GC = 
There are not any results runs

TokenAllocationBenchmarks.CreateStructToken: .NET 8.0(Runtime=.NET 8.0, Toolchain=net8.0)
Runtime = ; GC = 
There are not any results runs

TokenAllocationBenchmarks.CreateExpectedVersionSpecific: .NET 8.0(Runtime=.NET 8.0, Toolchain=net8.0)
Runtime = ; GC = 
There are not any results runs

TokenAllocationBenchmarks.TryParseSpanVersion: .NET 8.0(Runtime=.NET 8.0, Toolchain=net8.0)
Runtime = ; GC = 
There are not any results runs

TokenAllocationBenchmarks.TryParseStringVersion: .NET 8.0(Runtime=.NET 8.0, Toolchain=net8.0)
Runtime = ; GC = 
There are not any results runs

TokenAllocationBenchmarks.FormatVersionToString: .NET 8.0(Runtime=.NET 8.0, Toolchain=net8.0)
Runtime = ; GC = 
There are not any results runs

TokenAllocationBenchmarks.CompareTokensValueEquality: .NET 8.0(Runtime=.NET 8.0, Toolchain=net8.0)
Runtime = ; GC = 
There are not any results runs

TokenAllocationBenchmarks.CheckExpectedMatchesActual: .NET 8.0(Runtime=.NET 8.0, Toolchain=net8.0)
Runtime = ; GC = 
There are not any results runs

TokenAllocationBenchmarks.CreateStructVersion: .NET 9.0(Runtime=.NET 9.0, Toolchain=net9.0)
Runtime = ; GC = 
There are not any results runs

TokenAllocationBenchmarks.CreateStructToken: .NET 9.0(Runtime=.NET 9.0, Toolchain=net9.0)
Runtime = ; GC = 
There are not any results runs

TokenAllocationBenchmarks.CreateExpectedVersionSpecific: .NET 9.0(Runtime=.NET 9.0, Toolchain=net9.0)
Runtime = ; GC = 
There are not any results runs

TokenAllocationBenchmarks.TryParseSpanVersion: .NET 9.0(Runtime=.NET 9.0, Toolchain=net9.0)
Runtime = ; GC = 
There are not any results runs

TokenAllocationBenchmarks.TryParseStringVersion: .NET 9.0(Runtime=.NET 9.0, Toolchain=net9.0)
Runtime = ; GC = 
There are not any results runs

TokenAllocationBenchmarks.FormatVersionToString: .NET 9.0(Runtime=.NET 9.0, Toolchain=net9.0)
Runtime = ; GC = 
There are not any results runs

TokenAllocationBenchmarks.CompareTokensValueEquality: .NET 9.0(Runtime=.NET 9.0, Toolchain=net9.0)
Runtime = ; GC = 
There are not any results runs

TokenAllocationBenchmarks.CheckExpectedMatchesActual: .NET 9.0(Runtime=.NET 9.0, Toolchain=net9.0)
Runtime = ; GC = 
There are not any results runs

// * Summary *

BenchmarkDotNet v0.15.8, Linux Ubuntu 24.04.5 LTS (Noble Numbat)
AMD EPYC 7763 3.15GHz, 1 CPU, 4 logical and 2 physical cores
.NET SDK 10.0.401
  [Host]    : .NET 10.0.12 (10.0.12, 10.0.1226.42308), X64 RyuJIT x86-64-v3
  .NET 10.0 : .NET 10.0.12 (10.0.12, 10.0.1226.42308), X64 RyuJIT x86-64-v3


| Method                        | Job       | Runtime   | Mean       | Error     | StdDev    | Median     | Ratio | RatioSD | Gen0   | Allocated | Alloc Ratio |
|------------------------------ |---------- |---------- |-----------:|----------:|----------:|-----------:|------:|--------:|-------:|----------:|------------:|
| CreateStructVersion           | .NET 10.0 | .NET 10.0 |  0.0002 ns | 0.0006 ns | 0.0005 ns |  0.0000 ns |     ? |       ? |      - |         - |           ? |
| CreateStructToken             | .NET 10.0 | .NET 10.0 |  1.1799 ns | 0.0029 ns | 0.0026 ns |  1.1797 ns |     ? |       ? |      - |         - |           ? |
| CreateExpectedVersionSpecific | .NET 10.0 | .NET 10.0 |  0.0005 ns | 0.0007 ns | 0.0006 ns |  0.0004 ns |     ? |       ? |      - |         - |           ? |
| TryParseSpanVersion           | .NET 10.0 | .NET 10.0 | 14.1848 ns | 0.0335 ns | 0.0297 ns | 14.1850 ns |     ? |       ? |      - |         - |           ? |
| TryParseStringVersion         | .NET 10.0 | .NET 10.0 | 16.2165 ns | 0.1586 ns | 0.1484 ns | 16.2747 ns |     ? |       ? |      - |         - |           ? |
| FormatVersionToString         | .NET 10.0 | .NET 10.0 | 14.0170 ns | 0.0952 ns | 0.0890 ns | 14.0460 ns |     ? |       ? | 0.0029 |      48 B |           ? |
| CompareTokensValueEquality    | .NET 10.0 | .NET 10.0 |  1.8836 ns | 0.0043 ns | 0.0038 ns |  1.8838 ns |     ? |       ? |      - |         - |           ? |
| CheckExpectedMatchesActual    | .NET 10.0 | .NET 10.0 |  0.3750 ns | 0.0022 ns | 0.0018 ns |  0.3752 ns |     ? |       ? |      - |         - |           ? |
| CreateStructVersion           | .NET 8.0  | .NET 8.0  |         NA |        NA |        NA |         NA |     ? |       ? |     NA |        NA |           ? |
| CreateStructToken             | .NET 8.0  | .NET 8.0  |         NA |        NA |        NA |         NA |     ? |       ? |     NA |        NA |           ? |
| CreateExpectedVersionSpecific | .NET 8.0  | .NET 8.0  |         NA |        NA |        NA |         NA |     ? |       ? |     NA |        NA |           ? |
| TryParseSpanVersion           | .NET 8.0  | .NET 8.0  |         NA |        NA |        NA |         NA |     ? |       ? |     NA |        NA |           ? |
| TryParseStringVersion         | .NET 8.0  | .NET 8.0  |         NA |        NA |        NA |         NA |     ? |       ? |     NA |        NA |           ? |
| FormatVersionToString         | .NET 8.0  | .NET 8.0  |         NA |        NA |        NA |         NA |     ? |       ? |     NA |        NA |           ? |
| CompareTokensValueEquality    | .NET 8.0  | .NET 8.0  |         NA |        NA |        NA |         NA |     ? |       ? |     NA |        NA |           ? |
| CheckExpectedMatchesActual    | .NET 8.0  | .NET 8.0  |         NA |        NA |        NA |         NA |     ? |       ? |     NA |        NA |           ? |
| CreateStructVersion           | .NET 9.0  | .NET 9.0  |         NA |        NA |        NA |         NA |     ? |       ? |     NA |        NA |           ? |
| CreateStructToken             | .NET 9.0  | .NET 9.0  |         NA |        NA |        NA |         NA |     ? |       ? |     NA |        NA |           ? |
| CreateExpectedVersionSpecific | .NET 9.0  | .NET 9.0  |         NA |        NA |        NA |         NA |     ? |       ? |     NA |        NA |           ? |
| TryParseSpanVersion           | .NET 9.0  | .NET 9.0  |         NA |        NA |        NA |         NA |     ? |       ? |     NA |        NA |           ? |
| TryParseStringVersion         | .NET 9.0  | .NET 9.0  |         NA |        NA |        NA |         NA |     ? |       ? |     NA |        NA |           ? |
| FormatVersionToString         | .NET 9.0  | .NET 9.0  |         NA |        NA |        NA |         NA |     ? |       ? |     NA |        NA |           ? |
| CompareTokensValueEquality    | .NET 9.0  | .NET 9.0  |         NA |        NA |        NA |         NA |     ? |       ? |     NA |        NA |           ? |
| CheckExpectedMatchesActual    | .NET 9.0  | .NET 9.0  |         NA |        NA |        NA |         NA |     ? |       ? |     NA |        NA |           ? |

Benchmarks with issues:
  TokenAllocationBenchmarks.CreateStructVersion: .NET 8.0(Runtime=.NET 8.0, Toolchain=net8.0)
  TokenAllocationBenchmarks.CreateStructToken: .NET 8.0(Runtime=.NET 8.0, Toolchain=net8.0)
  TokenAllocationBenchmarks.CreateExpectedVersionSpecific: .NET 8.0(Runtime=.NET 8.0, Toolchain=net8.0)
  TokenAllocationBenchmarks.TryParseSpanVersion: .NET 8.0(Runtime=.NET 8.0, Toolchain=net8.0)
  TokenAllocationBenchmarks.TryParseStringVersion: .NET 8.0(Runtime=.NET 8.0, Toolchain=net8.0)
  TokenAllocationBenchmarks.FormatVersionToString: .NET 8.0(Runtime=.NET 8.0, Toolchain=net8.0)
  TokenAllocationBenchmarks.CompareTokensValueEquality: .NET 8.0(Runtime=.NET 8.0, Toolchain=net8.0)
  TokenAllocationBenchmarks.CheckExpectedMatchesActual: .NET 8.0(Runtime=.NET 8.0, Toolchain=net8.0)
  TokenAllocationBenchmarks.CreateStructVersion: .NET 9.0(Runtime=.NET 9.0, Toolchain=net9.0)
  TokenAllocationBenchmarks.CreateStructToken: .NET 9.0(Runtime=.NET 9.0, Toolchain=net9.0)
  TokenAllocationBenchmarks.CreateExpectedVersionSpecific: .NET 9.0(Runtime=.NET 9.0, Toolchain=net9.0)
  TokenAllocationBenchmarks.TryParseSpanVersion: .NET 9.0(Runtime=.NET 9.0, Toolchain=net9.0)
  TokenAllocationBenchmarks.TryParseStringVersion: .NET 9.0(Runtime=.NET 9.0, Toolchain=net9.0)
  TokenAllocationBenchmarks.FormatVersionToString: .NET 9.0(Runtime=.NET 9.0, Toolchain=net9.0)
  TokenAllocationBenchmarks.CompareTokensValueEquality: .NET 9.0(Runtime=.NET 9.0, Toolchain=net9.0)
  TokenAllocationBenchmarks.CheckExpectedMatchesActual: .NET 9.0(Runtime=.NET 9.0, Toolchain=net9.0)

// * Warnings *
BaselineCustomAnalyzer
  Summary -> A question mark '?' symbol indicates that it was not possible to compute the (Ratio, RatioSD, Alloc Ratio) column(s) because the baseline or benchmark could not be found, or the baseline value is too close to zero.
ZeroMeasurement
  TokenAllocationBenchmarks.CreateStructVersion: .NET 10.0           -> The method duration is indistinguishable from the empty method duration
  TokenAllocationBenchmarks.CreateExpectedVersionSpecific: .NET 10.0 -> The method duration is indistinguishable from the empty method duration

// * Hints *
Outliers
  TokenAllocationBenchmarks.CreateStructVersion: .NET 10.0           -> 2 outliers were removed (1.64 ns, 1.64 ns)
  TokenAllocationBenchmarks.CreateStructToken: .NET 10.0             -> 1 outlier  was  removed (2.85 ns)
  TokenAllocationBenchmarks.CreateExpectedVersionSpecific: .NET 10.0 -> 3 outliers were removed (1.64 ns..1.65 ns)
  TokenAllocationBenchmarks.TryParseSpanVersion: .NET 10.0           -> 1 outlier  was  removed, 3 outliers were detected (15.99 ns, 16.00 ns, 16.19 ns)
  TokenAllocationBenchmarks.FormatVersionToString: .NET 10.0         -> 2 outliers were detected (17.12 ns, 17.15 ns)
  TokenAllocationBenchmarks.CompareTokensValueEquality: .NET 10.0    -> 1 outlier  was  removed (3.78 ns)
  TokenAllocationBenchmarks.CheckExpectedMatchesActual: .NET 10.0    -> 2 outliers were removed (2.21 ns, 2.21 ns)

// * Legends *
  Mean        : Arithmetic mean of all measurements
  Error       : Half of 99.9% confidence interval
  StdDev      : Standard deviation of all measurements
  Median      : Value separating the higher half of all measurements (50th percentile)
  Ratio       : Mean of the ratio distribution ([Current]/[Baseline])
  RatioSD     : Standard deviation of the ratio distribution ([Current]/[Baseline])
  Gen0        : GC Generation 0 collects per 1000 operations
  Allocated   : Allocated memory per single operation (managed only, inclusive, 1KB = 1024B)
  Alloc Ratio : Allocated memory ratio distribution ([Current]/[Baseline])
  1 ns        : 1 Nanosecond (0.000000001 sec)

// * Diagnostic Output - MemoryDiagnoser *


// ***** BenchmarkRunner: End *****
Run time: 00:03:29 (209.86 sec), executed benchmarks: 8

Global total time: 00:08:23 (503.67 sec), executed benchmarks: 18
// * Artifacts cleanup *
Artifacts cleanup is finished
