// Validating benchmarks:
// ***** BenchmarkRunner: Start   *****
// ***** Found 54 benchmark(s) in total *****
// ***** Building 3 exe(s) in Parallel: Start   *****
// ***** Done, took 00:00:32 (32.3 sec)   *****
// ***** Failed to build in Parallel, switching to sequential build   *****
// ***** Done, took 00:00:08 (8.86 sec)   *****
// Found 15 benchmarks:
//   ConcurrencyBenchmarks.DirectVersionComparison: .NET 10.0(Runtime=.NET 10.0, Toolchain=net10.0)
//   ConcurrencyBenchmarks.CheckerCheckVersion: .NET 10.0(Runtime=.NET 10.0, Toolchain=net10.0)
//   ConcurrencyBenchmarks.CheckerCheckToken: .NET 10.0(Runtime=.NET 10.0, Toolchain=net10.0)
//   ConcurrencyBenchmarks.ControllerExecuteCasAsync: .NET 10.0(Runtime=.NET 10.0, Toolchain=net10.0)
//   ConcurrencyBenchmarks.ResultConversion: .NET 10.0(Runtime=.NET 10.0, Toolchain=net10.0)
//   ConcurrencyBenchmarks.DirectVersionComparison: .NET 8.0(Runtime=.NET 8.0, Toolchain=net8.0)
//   ConcurrencyBenchmarks.CheckerCheckVersion: .NET 8.0(Runtime=.NET 8.0, Toolchain=net8.0)
//   ConcurrencyBenchmarks.CheckerCheckToken: .NET 8.0(Runtime=.NET 8.0, Toolchain=net8.0)
//   ConcurrencyBenchmarks.ControllerExecuteCasAsync: .NET 8.0(Runtime=.NET 8.0, Toolchain=net8.0)
//   ConcurrencyBenchmarks.ResultConversion: .NET 8.0(Runtime=.NET 8.0, Toolchain=net8.0)
//   ConcurrencyBenchmarks.DirectVersionComparison: .NET 9.0(Runtime=.NET 9.0, Toolchain=net9.0)
//   ConcurrencyBenchmarks.CheckerCheckVersion: .NET 9.0(Runtime=.NET 9.0, Toolchain=net9.0)
//   ConcurrencyBenchmarks.CheckerCheckToken: .NET 9.0(Runtime=.NET 9.0, Toolchain=net9.0)
//   ConcurrencyBenchmarks.ControllerExecuteCasAsync: .NET 9.0(Runtime=.NET 9.0, Toolchain=net9.0)
//   ConcurrencyBenchmarks.ResultConversion: .NET 9.0(Runtime=.NET 9.0, Toolchain=net9.0)

// **************************
// Benchmark: ConcurrencyBenchmarks.DirectVersionComparison: .NET 10.0(Runtime=.NET 10.0, Toolchain=net10.0)
// *** Execute ***
// Launch: 1 / 1
// Execute: dotnet "EricksonLopez.Concurrency.Benchmarks-.NET 10.0-1.dll" --anonymousPipes 111 118 --benchmarkName EricksonLopez.Concurrency.Benchmarks.ConcurrencyBenchmarks.DirectVersionComparison --job ".NET 10.0" --benchmarkId 0 in /home/runner/work/dotnet-concurrency/dotnet-concurrency/benchmarks/EricksonLopez.Concurrency.Benchmarks/bin/Release/net10.0/EricksonLopez.Concurrency.Benchmarks-.NET 10.0-1/bin/Release/net10.0
// Failed to set up high priority (Permission denied). In order to run benchmarks with high priority, make sure you have the right permissions.
// BeforeAnythingElse

// Benchmark Process Environment Information:
// BenchmarkDotNet v0.15.8
// Runtime=.NET 10.0.12 (10.0.12, 10.0.1226.42308), X64 RyuJIT x86-64-v3
// GC=Concurrent Workstation
// HardwareIntrinsics=AVX2+BMI1+BMI2+F16C+FMA+LZCNT+MOVBE,AVX,SSE3+SSSE3+SSE4.1+SSE4.2+POPCNT,X86Base+SSE+SSE2,AES+PCLMUL VectorSize=256
// Job: .NET 10.0

OverheadJitting  1: 1 op, 205836.00 ns, 205.8360 us/op
WorkloadJitting  1: 1 op, 237906.00 ns, 237.9060 us/op

OverheadJitting  2: 16 op, 399070.00 ns, 24.9419 us/op
WorkloadJitting  2: 16 op, 323958.00 ns, 20.2474 us/op

WorkloadPilot    1: 16 op, 531.00 ns, 33.1875 ns/op
WorkloadPilot    2: 32 op, 531.00 ns, 16.5938 ns/op
WorkloadPilot    3: 64 op, 671.00 ns, 10.4844 ns/op
WorkloadPilot    4: 128 op, 942.00 ns, 7.3594 ns/op
WorkloadPilot    5: 256 op, 1403.00 ns, 5.4805 ns/op
WorkloadPilot    6: 512 op, 2394.00 ns, 4.6758 ns/op
WorkloadPilot    7: 1024 op, 4418.00 ns, 4.3145 ns/op
WorkloadPilot    8: 2048 op, 11612.00 ns, 5.6699 ns/op
WorkloadPilot    9: 4096 op, 21740.00 ns, 5.3076 ns/op
WorkloadPilot   10: 8192 op, 38743.00 ns, 4.7294 ns/op
WorkloadPilot   11: 16384 op, 69290.00 ns, 4.2291 ns/op
WorkloadPilot   12: 32768 op, 133660.00 ns, 4.0790 ns/op
WorkloadPilot   13: 65536 op, 253866.00 ns, 3.8737 ns/op
WorkloadPilot   14: 131072 op, 505138.00 ns, 3.8539 ns/op
WorkloadPilot   15: 262144 op, 1032859.00 ns, 3.9400 ns/op
WorkloadPilot   16: 524288 op, 2090004.00 ns, 3.9864 ns/op
WorkloadPilot   17: 1048576 op, 4159329.00 ns, 3.9666 ns/op
WorkloadPilot   18: 2097152 op, 8197239.00 ns, 3.9087 ns/op
WorkloadPilot   19: 4194304 op, 17338763.00 ns, 4.1339 ns/op
WorkloadPilot   20: 8388608 op, 43701241.00 ns, 5.2096 ns/op
WorkloadPilot   21: 16777216 op, 65444759.00 ns, 3.9008 ns/op
WorkloadPilot   22: 33554432 op, 91261086.00 ns, 2.7198 ns/op
WorkloadPilot   23: 67108864 op, 133853313.00 ns, 1.9946 ns/op
WorkloadPilot   24: 134217728 op, 267201138.00 ns, 1.9908 ns/op
WorkloadPilot   25: 268435456 op, 538969271.00 ns, 2.0078 ns/op

OverheadWarmup   1: 268435456 op, 555393556.00 ns, 2.0690 ns/op
OverheadWarmup   2: 268435456 op, 501745505.00 ns, 1.8691 ns/op
OverheadWarmup   3: 268435456 op, 500360724.00 ns, 1.8640 ns/op
OverheadWarmup   4: 268435456 op, 499569730.00 ns, 1.8610 ns/op
OverheadWarmup   5: 268435456 op, 500763741.00 ns, 1.8655 ns/op
OverheadWarmup   6: 268435456 op, 501237044.00 ns, 1.8673 ns/op
OverheadWarmup   7: 268435456 op, 499899504.00 ns, 1.8623 ns/op
OverheadWarmup   8: 268435456 op, 499515883.00 ns, 1.8608 ns/op
OverheadWarmup   9: 268435456 op, 500480715.00 ns, 1.8644 ns/op
OverheadWarmup  10: 268435456 op, 497886636.00 ns, 1.8548 ns/op

OverheadActual   1: 268435456 op, 500272884.00 ns, 1.8637 ns/op
OverheadActual   2: 268435456 op, 499156519.00 ns, 1.8595 ns/op
OverheadActual   3: 268435456 op, 501283271.00 ns, 1.8674 ns/op
OverheadActual   4: 268435456 op, 499368007.00 ns, 1.8603 ns/op
OverheadActual   5: 268435456 op, 499088792.00 ns, 1.8593 ns/op
OverheadActual   6: 268435456 op, 501545494.00 ns, 1.8684 ns/op
OverheadActual   7: 268435456 op, 500445399.00 ns, 1.8643 ns/op
OverheadActual   8: 268435456 op, 499311941.00 ns, 1.8601 ns/op
OverheadActual   9: 268435456 op, 499647772.00 ns, 1.8613 ns/op
OverheadActual  10: 268435456 op, 498407273.00 ns, 1.8567 ns/op
OverheadActual  11: 268435456 op, 500663403.00 ns, 1.8651 ns/op
OverheadActual  12: 268435456 op, 499100827.00 ns, 1.8593 ns/op
OverheadActual  13: 268435456 op, 499723005.00 ns, 1.8616 ns/op
OverheadActual  14: 268435456 op, 499610013.00 ns, 1.8612 ns/op
OverheadActual  15: 268435456 op, 505435263.00 ns, 1.8829 ns/op

WorkloadWarmup   1: 268435456 op, 541963940.00 ns, 2.0190 ns/op
WorkloadWarmup   2: 268435456 op, 540557335.00 ns, 2.0137 ns/op
WorkloadWarmup   3: 268435456 op, 536557403.00 ns, 1.9988 ns/op
WorkloadWarmup   4: 268435456 op, 536912168.00 ns, 2.0002 ns/op
WorkloadWarmup   5: 268435456 op, 537187956.00 ns, 2.0012 ns/op
WorkloadWarmup   6: 268435456 op, 537165764.00 ns, 2.0011 ns/op
WorkloadWarmup   7: 268435456 op, 536526364.00 ns, 1.9987 ns/op
WorkloadWarmup   8: 268435456 op, 536529439.00 ns, 1.9987 ns/op
WorkloadWarmup   9: 268435456 op, 536245686.00 ns, 1.9977 ns/op

// BeforeActualRun
WorkloadActual   1: 268435456 op, 540265984.00 ns, 2.0126 ns/op
WorkloadActual   2: 268435456 op, 535121068.00 ns, 1.9935 ns/op
WorkloadActual   3: 268435456 op, 536750302.00 ns, 1.9996 ns/op
WorkloadActual   4: 268435456 op, 535577390.00 ns, 1.9952 ns/op
WorkloadActual   5: 268435456 op, 537024857.00 ns, 2.0006 ns/op
WorkloadActual   6: 268435456 op, 537130826.00 ns, 2.0010 ns/op
WorkloadActual   7: 268435456 op, 537784945.00 ns, 2.0034 ns/op
WorkloadActual   8: 268435456 op, 536466079.00 ns, 1.9985 ns/op
WorkloadActual   9: 268435456 op, 537150474.00 ns, 2.0010 ns/op
WorkloadActual  10: 268435456 op, 536083761.00 ns, 1.9971 ns/op
WorkloadActual  11: 268435456 op, 537604526.00 ns, 2.0027 ns/op
WorkloadActual  12: 268435456 op, 534848421.00 ns, 1.9925 ns/op
WorkloadActual  13: 268435456 op, 535697466.00 ns, 1.9956 ns/op
WorkloadActual  14: 268435456 op, 536685571.00 ns, 1.9993 ns/op
WorkloadActual  15: 268435456 op, 537021251.00 ns, 2.0006 ns/op

// AfterActualRun
WorkloadResult   1: 268435456 op, 35473296.00 ns, 0.1321 ns/op
WorkloadResult   2: 268435456 op, 37102530.00 ns, 0.1382 ns/op
WorkloadResult   3: 268435456 op, 35929618.00 ns, 0.1338 ns/op
WorkloadResult   4: 268435456 op, 37377085.00 ns, 0.1392 ns/op
WorkloadResult   5: 268435456 op, 37483054.00 ns, 0.1396 ns/op
WorkloadResult   6: 268435456 op, 38137173.00 ns, 0.1421 ns/op
WorkloadResult   7: 268435456 op, 36818307.00 ns, 0.1372 ns/op
WorkloadResult   8: 268435456 op, 37502702.00 ns, 0.1397 ns/op
WorkloadResult   9: 268435456 op, 36435989.00 ns, 0.1357 ns/op
WorkloadResult  10: 268435456 op, 37956754.00 ns, 0.1414 ns/op
WorkloadResult  11: 268435456 op, 35200649.00 ns, 0.1311 ns/op
WorkloadResult  12: 268435456 op, 36049694.00 ns, 0.1343 ns/op
WorkloadResult  13: 268435456 op, 37037799.00 ns, 0.1380 ns/op
WorkloadResult  14: 268435456 op, 37373479.00 ns, 0.1392 ns/op
// GC:  0 0 0 0 268435456
// Threading:  0 0 268435456

// AfterAll
// Benchmark Process 5143 has exited with code 0.

Mean = 0.137 ns, StdErr = 0.001 ns (0.66%), N = 14, StdDev = 0.003 ns
Min = 0.131 ns, Q1 = 0.135 ns, Median = 0.138 ns, Q3 = 0.140 ns, Max = 0.142 ns
IQR = 0.005 ns, LowerFence = 0.127 ns, UpperFence = 0.147 ns
ConfidenceInterval = [0.133 ns; 0.141 ns] (CI 99.9%), Margin = 0.004 ns (2.77% of Mean)
Skewness = -0.39, Kurtosis = 1.8, MValue = 2

// ** Remained 53 (98.1 %) benchmark(s) to run. Estimated finish 2026-09-13 7:40 (0h 24m from now) **
// **************************
// Benchmark: ConcurrencyBenchmarks.CheckerCheckVersion: .NET 10.0(Runtime=.NET 10.0, Toolchain=net10.0)
// *** Execute ***
// Launch: 1 / 1
// Execute: dotnet "EricksonLopez.Concurrency.Benchmarks-.NET 10.0-1.dll" --anonymousPipes 111 118 --benchmarkName EricksonLopez.Concurrency.Benchmarks.ConcurrencyBenchmarks.CheckerCheckVersion --job ".NET 10.0" --benchmarkId 1 in /home/runner/work/dotnet-concurrency/dotnet-concurrency/benchmarks/EricksonLopez.Concurrency.Benchmarks/bin/Release/net10.0/EricksonLopez.Concurrency.Benchmarks-.NET 10.0-1/bin/Release/net10.0
// Failed to set up high priority (Permission denied). In order to run benchmarks with high priority, make sure you have the right permissions.
// BeforeAnythingElse

// Benchmark Process Environment Information:
// BenchmarkDotNet v0.15.8
// Runtime=.NET 10.0.12 (10.0.12, 10.0.1226.42308), X64 RyuJIT x86-64-v3
// GC=Concurrent Workstation
// HardwareIntrinsics=AVX2+BMI1+BMI2+F16C+FMA+LZCNT+MOVBE,AVX,SSE3+SSSE3+SSE4.1+SSE4.2+POPCNT,X86Base+SSE+SSE2,AES+PCLMUL VectorSize=256
// Job: .NET 10.0

OverheadJitting  1: 1 op, 232847.00 ns, 232.8470 us/op
WorkloadJitting  1: 1 op, 930106.00 ns, 930.1060 us/op

OverheadJitting  2: 16 op, 355899.00 ns, 22.2437 us/op
WorkloadJitting  2: 16 op, 336262.00 ns, 21.0164 us/op

WorkloadPilot    1: 16 op, 1573.00 ns, 98.3125 ns/op
WorkloadPilot    2: 32 op, 2435.00 ns, 76.0938 ns/op
WorkloadPilot    3: 64 op, 2073.00 ns, 32.3906 ns/op
WorkloadPilot    4: 128 op, 5671.00 ns, 44.3047 ns/op
WorkloadPilot    5: 256 op, 9758.00 ns, 38.1172 ns/op
WorkloadPilot    6: 512 op, 11101.00 ns, 21.6816 ns/op
WorkloadPilot    7: 1024 op, 21249.00 ns, 20.7510 ns/op
WorkloadPilot    8: 2048 op, 41308.00 ns, 20.1699 ns/op
WorkloadPilot    9: 4096 op, 81884.00 ns, 19.9912 ns/op
WorkloadPilot   10: 8192 op, 162425.00 ns, 19.8273 ns/op
WorkloadPilot   11: 16384 op, 356119.00 ns, 21.7358 ns/op
WorkloadPilot   12: 32768 op, 686929.00 ns, 20.9634 ns/op
WorkloadPilot   13: 65536 op, 1338393.00 ns, 20.4223 ns/op
WorkloadPilot   14: 131072 op, 2685561.00 ns, 20.4892 ns/op
WorkloadPilot   15: 262144 op, 5522988.00 ns, 21.0685 ns/op
WorkloadPilot   16: 524288 op, 11043051.00 ns, 21.0629 ns/op
WorkloadPilot   17: 1048576 op, 21737357.00 ns, 20.7304 ns/op
WorkloadPilot   18: 2097152 op, 41833514.00 ns, 19.9478 ns/op
WorkloadPilot   19: 4194304 op, 83825154.00 ns, 19.9855 ns/op
WorkloadPilot   20: 8388608 op, 30908604.00 ns, 3.6846 ns/op
WorkloadPilot   21: 16777216 op, 41757110.00 ns, 2.4889 ns/op
WorkloadPilot   22: 33554432 op, 79607997.00 ns, 2.3725 ns/op
WorkloadPilot   23: 67108864 op, 160157492.00 ns, 2.3865 ns/op
WorkloadPilot   24: 134217728 op, 321542188.00 ns, 2.3957 ns/op
WorkloadPilot   25: 268435456 op, 643796101.00 ns, 2.3983 ns/op

OverheadWarmup   1: 268435456 op, 575752154.00 ns, 2.1448 ns/op
OverheadWarmup   2: 268435456 op, 530829050.00 ns, 1.9775 ns/op
OverheadWarmup   3: 268435456 op, 500359930.00 ns, 1.8640 ns/op
OverheadWarmup   4: 268435456 op, 500385769.00 ns, 1.8641 ns/op
OverheadWarmup   5: 268435456 op, 504224996.00 ns, 1.8784 ns/op
OverheadWarmup   6: 268435456 op, 515035059.00 ns, 1.9187 ns/op
OverheadWarmup   7: 268435456 op, 502259436.00 ns, 1.8711 ns/op
OverheadWarmup   8: 268435456 op, 516560204.00 ns, 1.9243 ns/op
OverheadWarmup   9: 268435456 op, 501609566.00 ns, 1.8686 ns/op

OverheadActual   1: 268435456 op, 503201004.00 ns, 1.8746 ns/op
OverheadActual   2: 268435456 op, 530005745.00 ns, 1.9744 ns/op
OverheadActual   3: 268435456 op, 529779920.00 ns, 1.9736 ns/op
OverheadActual   4: 268435456 op, 499715235.00 ns, 1.8616 ns/op
OverheadActual   5: 268435456 op, 505490043.00 ns, 1.8831 ns/op
OverheadActual   6: 268435456 op, 529255812.00 ns, 1.9716 ns/op
OverheadActual   7: 268435456 op, 523749443.00 ns, 1.9511 ns/op
OverheadActual   8: 268435456 op, 502348113.00 ns, 1.8714 ns/op
OverheadActual   9: 268435456 op, 512665929.00 ns, 1.9098 ns/op
OverheadActual  10: 268435456 op, 522665577.00 ns, 1.9471 ns/op
OverheadActual  11: 268435456 op, 518656107.00 ns, 1.9321 ns/op
OverheadActual  12: 268435456 op, 502268133.00 ns, 1.8711 ns/op
OverheadActual  13: 268435456 op, 516758034.00 ns, 1.9251 ns/op
OverheadActual  14: 268435456 op, 521015969.00 ns, 1.9409 ns/op
OverheadActual  15: 268435456 op, 515636928.00 ns, 1.9209 ns/op

WorkloadWarmup   1: 268435456 op, 647731348.00 ns, 2.4130 ns/op
WorkloadWarmup   2: 268435456 op, 642621599.00 ns, 2.3940 ns/op
WorkloadWarmup   3: 268435456 op, 644463583.00 ns, 2.4008 ns/op
WorkloadWarmup   4: 268435456 op, 644556245.00 ns, 2.4012 ns/op
WorkloadWarmup   5: 268435456 op, 642073526.00 ns, 2.3919 ns/op
WorkloadWarmup   6: 268435456 op, 645606038.00 ns, 2.4051 ns/op
WorkloadWarmup   7: 268435456 op, 644210488.00 ns, 2.3999 ns/op

// BeforeActualRun
WorkloadActual   1: 268435456 op, 639501528.00 ns, 2.3823 ns/op
WorkloadActual   2: 268435456 op, 646007301.00 ns, 2.4066 ns/op
WorkloadActual   3: 268435456 op, 639783367.00 ns, 2.3834 ns/op
WorkloadActual   4: 268435456 op, 643141030.00 ns, 2.3959 ns/op
WorkloadActual   5: 268435456 op, 646852287.00 ns, 2.4097 ns/op
WorkloadActual   6: 268435456 op, 646211364.00 ns, 2.4073 ns/op
WorkloadActual   7: 268435456 op, 645811453.00 ns, 2.4058 ns/op
WorkloadActual   8: 268435456 op, 644657688.00 ns, 2.4015 ns/op
WorkloadActual   9: 268435456 op, 638761642.00 ns, 2.3796 ns/op
WorkloadActual  10: 268435456 op, 638827513.00 ns, 2.3798 ns/op
WorkloadActual  11: 268435456 op, 641218812.00 ns, 2.3887 ns/op
WorkloadActual  12: 268435456 op, 641258086.00 ns, 2.3889 ns/op
WorkloadActual  13: 268435456 op, 639737452.00 ns, 2.3832 ns/op
WorkloadActual  14: 268435456 op, 644517925.00 ns, 2.4010 ns/op
WorkloadActual  15: 268435456 op, 643843850.00 ns, 2.3985 ns/op

// AfterActualRun
WorkloadResult   1: 268435456 op, 122743494.00 ns, 0.4573 ns/op
WorkloadResult   2: 268435456 op, 129249267.00 ns, 0.4815 ns/op
WorkloadResult   3: 268435456 op, 123025333.00 ns, 0.4583 ns/op
WorkloadResult   4: 268435456 op, 126382996.00 ns, 0.4708 ns/op
WorkloadResult   5: 268435456 op, 130094253.00 ns, 0.4846 ns/op
WorkloadResult   6: 268435456 op, 129453330.00 ns, 0.4823 ns/op
WorkloadResult   7: 268435456 op, 129053419.00 ns, 0.4808 ns/op
WorkloadResult   8: 268435456 op, 127899654.00 ns, 0.4765 ns/op
WorkloadResult   9: 268435456 op, 122003608.00 ns, 0.4545 ns/op
WorkloadResult  10: 268435456 op, 122069479.00 ns, 0.4547 ns/op
WorkloadResult  11: 268435456 op, 124460778.00 ns, 0.4637 ns/op
WorkloadResult  12: 268435456 op, 124500052.00 ns, 0.4638 ns/op
WorkloadResult  13: 268435456 op, 122979418.00 ns, 0.4581 ns/op
WorkloadResult  14: 268435456 op, 127759891.00 ns, 0.4759 ns/op
WorkloadResult  15: 268435456 op, 127085816.00 ns, 0.4734 ns/op
// GC:  0 0 0 0 268435456
// Threading:  0 0 268435456

// AfterAll
// Benchmark Process 5165 has exited with code 0.

Mean = 0.469 ns, StdErr = 0.003 ns (0.60%), N = 15, StdDev = 0.011 ns
Min = 0.454 ns, Q1 = 0.458 ns, Median = 0.471 ns, Q3 = 0.479 ns, Max = 0.485 ns
IQR = 0.020 ns, LowerFence = 0.428 ns, UpperFence = 0.509 ns
ConfidenceInterval = [0.457 ns; 0.481 ns] (CI 99.9%), Margin = 0.012 ns (2.50% of Mean)
Skewness = -0.01, Kurtosis = 1.26, MValue = 2

// ** Remained 52 (96.3 %) benchmark(s) to run. Estimated finish 2026-09-13 7:40 (0h 24m from now) **
// **************************
// Benchmark: ConcurrencyBenchmarks.CheckerCheckToken: .NET 10.0(Runtime=.NET 10.0, Toolchain=net10.0)
// *** Execute ***
// Launch: 1 / 1
// Execute: dotnet "EricksonLopez.Concurrency.Benchmarks-.NET 10.0-1.dll" --anonymousPipes 111 118 --benchmarkName EricksonLopez.Concurrency.Benchmarks.ConcurrencyBenchmarks.CheckerCheckToken --job ".NET 10.0" --benchmarkId 2 in /home/runner/work/dotnet-concurrency/dotnet-concurrency/benchmarks/EricksonLopez.Concurrency.Benchmarks/bin/Release/net10.0/EricksonLopez.Concurrency.Benchmarks-.NET 10.0-1/bin/Release/net10.0
// Failed to set up high priority (Permission denied). In order to run benchmarks with high priority, make sure you have the right permissions.
// BeforeAnythingElse

// Benchmark Process Environment Information:
// BenchmarkDotNet v0.15.8
// Runtime=.NET 10.0.12 (10.0.12, 10.0.1226.42308), X64 RyuJIT x86-64-v3
// GC=Concurrent Workstation
// HardwareIntrinsics=AVX2+BMI1+BMI2+F16C+FMA+LZCNT+MOVBE,AVX,SSE3+SSSE3+SSE4.1+SSE4.2+POPCNT,X86Base+SSE+SSE2,AES+PCLMUL VectorSize=256
// Job: .NET 10.0

OverheadJitting  1: 1 op, 215474.00 ns, 215.4740 us/op
WorkloadJitting  1: 1 op, 829186.00 ns, 829.1860 us/op

OverheadJitting  2: 16 op, 384592.00 ns, 24.0370 us/op
WorkloadJitting  2: 16 op, 465464.00 ns, 29.0915 us/op

WorkloadPilot    1: 16 op, 5279.00 ns, 329.9375 ns/op
WorkloadPilot    2: 32 op, 6492.00 ns, 202.8750 ns/op
WorkloadPilot    3: 64 op, 29606.00 ns, 462.5938 ns/op
WorkloadPilot    4: 128 op, 33242.00 ns, 259.7031 ns/op
WorkloadPilot    5: 256 op, 53311.00 ns, 208.2461 ns/op
WorkloadPilot    6: 512 op, 54973.00 ns, 107.3691 ns/op
WorkloadPilot    7: 1024 op, 162174.00 ns, 158.3730 ns/op
WorkloadPilot    8: 2048 op, 177574.00 ns, 86.7061 ns/op
WorkloadPilot    9: 4096 op, 333215.00 ns, 81.3513 ns/op
WorkloadPilot   10: 8192 op, 552988.00 ns, 67.5034 ns/op
WorkloadPilot   11: 16384 op, 1188631.00 ns, 72.5483 ns/op
WorkloadPilot   12: 32768 op, 2401338.00 ns, 73.2830 ns/op
WorkloadPilot   13: 65536 op, 4892955.00 ns, 74.6606 ns/op
WorkloadPilot   14: 131072 op, 9820053.00 ns, 74.9211 ns/op
WorkloadPilot   15: 262144 op, 19587689.00 ns, 74.7211 ns/op
WorkloadPilot   16: 524288 op, 30719375.00 ns, 58.5926 ns/op
WorkloadPilot   17: 1048576 op, 52261652.00 ns, 49.8406 ns/op
WorkloadPilot   18: 2097152 op, 81711194.00 ns, 38.9629 ns/op
WorkloadPilot   19: 4194304 op, 103986970.00 ns, 24.7924 ns/op
WorkloadPilot   20: 8388608 op, 196726725.00 ns, 23.4517 ns/op
WorkloadPilot   21: 16777216 op, 399397930.00 ns, 23.8060 ns/op
WorkloadPilot   22: 33554432 op, 808328312.00 ns, 24.0901 ns/op

OverheadWarmup   1: 33554432 op, 78182280.00 ns, 2.3300 ns/op
OverheadWarmup   2: 33554432 op, 78569837.00 ns, 2.3416 ns/op
OverheadWarmup   3: 33554432 op, 87477218.00 ns, 2.6070 ns/op
OverheadWarmup   4: 33554432 op, 65440812.00 ns, 1.9503 ns/op
OverheadWarmup   5: 33554432 op, 62618144.00 ns, 1.8662 ns/op
OverheadWarmup   6: 33554432 op, 63088115.00 ns, 1.8802 ns/op
OverheadWarmup   7: 33554432 op, 62990613.00 ns, 1.8773 ns/op

OverheadActual   1: 33554432 op, 62999730.00 ns, 1.8775 ns/op
OverheadActual   2: 33554432 op, 63016622.00 ns, 1.8780 ns/op
OverheadActual   3: 33554432 op, 62573480.00 ns, 1.8648 ns/op
OverheadActual   4: 33554432 op, 63441359.00 ns, 1.8907 ns/op
OverheadActual   5: 33554432 op, 66969011.00 ns, 1.9958 ns/op
OverheadActual   6: 33554432 op, 66597313.00 ns, 1.9848 ns/op
OverheadActual   7: 33554432 op, 67454457.00 ns, 2.0103 ns/op
OverheadActual   8: 33554432 op, 62713713.00 ns, 1.8690 ns/op
OverheadActual   9: 33554432 op, 63211107.00 ns, 1.8838 ns/op
OverheadActual  10: 33554432 op, 62916464.00 ns, 1.8751 ns/op
OverheadActual  11: 33554432 op, 63689835.00 ns, 1.8981 ns/op
OverheadActual  12: 33554432 op, 63303500.00 ns, 1.8866 ns/op
OverheadActual  13: 33554432 op, 62287543.00 ns, 1.8563 ns/op
OverheadActual  14: 33554432 op, 63089278.00 ns, 1.8802 ns/op
OverheadActual  15: 33554432 op, 62308573.00 ns, 1.8569 ns/op

WorkloadWarmup   1: 33554432 op, 801661869.00 ns, 23.8914 ns/op
WorkloadWarmup   2: 33554432 op, 807586130.00 ns, 24.0679 ns/op
WorkloadWarmup   3: 33554432 op, 799472179.00 ns, 23.8261 ns/op
WorkloadWarmup   4: 33554432 op, 795647488.00 ns, 23.7121 ns/op
WorkloadWarmup   5: 33554432 op, 804032961.00 ns, 23.9620 ns/op
WorkloadWarmup   6: 33554432 op, 802055038.00 ns, 23.9031 ns/op

// BeforeActualRun
WorkloadActual   1: 33554432 op, 814385474.00 ns, 24.2706 ns/op
WorkloadActual   2: 33554432 op, 804553858.00 ns, 23.9776 ns/op
WorkloadActual   3: 33554432 op, 799772944.00 ns, 23.8351 ns/op
WorkloadActual   4: 33554432 op, 820293486.00 ns, 24.4467 ns/op
WorkloadActual   5: 33554432 op, 810916602.00 ns, 24.1672 ns/op
WorkloadActual   6: 33554432 op, 812053550.00 ns, 24.2011 ns/op
WorkloadActual   7: 33554432 op, 803712242.00 ns, 23.9525 ns/op
WorkloadActual   8: 33554432 op, 808228790.00 ns, 24.0871 ns/op
WorkloadActual   9: 33554432 op, 809500197.00 ns, 24.1250 ns/op
WorkloadActual  10: 33554432 op, 816583012.00 ns, 24.3361 ns/op
WorkloadActual  11: 33554432 op, 823340106.00 ns, 24.5374 ns/op
WorkloadActual  12: 33554432 op, 829672134.00 ns, 24.7262 ns/op
WorkloadActual  13: 33554432 op, 817778326.00 ns, 24.3717 ns/op
WorkloadActual  14: 33554432 op, 812949530.00 ns, 24.2278 ns/op
WorkloadActual  15: 33554432 op, 818169130.00 ns, 24.3833 ns/op

// AfterActualRun
WorkloadResult   1: 33554432 op, 751296196.00 ns, 22.3904 ns/op
WorkloadResult   2: 33554432 op, 741464580.00 ns, 22.0974 ns/op
WorkloadResult   3: 33554432 op, 736683666.00 ns, 21.9549 ns/op
WorkloadResult   4: 33554432 op, 757204208.00 ns, 22.5664 ns/op
WorkloadResult   5: 33554432 op, 747827324.00 ns, 22.2870 ns/op
WorkloadResult   6: 33554432 op, 748964272.00 ns, 22.3209 ns/op
WorkloadResult   7: 33554432 op, 740622964.00 ns, 22.0723 ns/op
WorkloadResult   8: 33554432 op, 745139512.00 ns, 22.2069 ns/op
WorkloadResult   9: 33554432 op, 746410919.00 ns, 22.2448 ns/op
WorkloadResult  10: 33554432 op, 753493734.00 ns, 22.4559 ns/op
WorkloadResult  11: 33554432 op, 760250828.00 ns, 22.6572 ns/op
WorkloadResult  12: 33554432 op, 766582856.00 ns, 22.8459 ns/op
WorkloadResult  13: 33554432 op, 754689048.00 ns, 22.4915 ns/op
WorkloadResult  14: 33554432 op, 749860252.00 ns, 22.3476 ns/op
WorkloadResult  15: 33554432 op, 755079852.00 ns, 22.5031 ns/op
// GC:  128 0 0 2147483648 33554432
// Threading:  0 0 33554432

// AfterAll
// Benchmark Process 5186 has exited with code 0.

Mean = 22.363 ns, StdErr = 0.061 ns (0.27%), N = 15, StdDev = 0.235 ns
Min = 21.955 ns, Q1 = 22.226 ns, Median = 22.348 ns, Q3 = 22.497 ns, Max = 22.846 ns
IQR = 0.271 ns, LowerFence = 21.819 ns, UpperFence = 22.905 ns
ConfidenceInterval = [22.111 ns; 22.614 ns] (CI 99.9%), Margin = 0.251 ns (1.12% of Mean)
Skewness = 0.18, Kurtosis = 2.29, MValue = 2

// ** Remained 51 (94.4 %) benchmark(s) to run. Estimated finish 2026-09-13 7:38 (0h 21m from now) **
// **************************
// Benchmark: ConcurrencyBenchmarks.ControllerExecuteCasAsync: .NET 10.0(Runtime=.NET 10.0, Toolchain=net10.0)
// *** Execute ***
// Launch: 1 / 1
// Execute: dotnet "EricksonLopez.Concurrency.Benchmarks-.NET 10.0-1.dll" --anonymousPipes 111 118 --benchmarkName EricksonLopez.Concurrency.Benchmarks.ConcurrencyBenchmarks.ControllerExecuteCasAsync --job ".NET 10.0" --benchmarkId 3 in /home/runner/work/dotnet-concurrency/dotnet-concurrency/benchmarks/EricksonLopez.Concurrency.Benchmarks/bin/Release/net10.0/EricksonLopez.Concurrency.Benchmarks-.NET 10.0-1/bin/Release/net10.0
// Failed to set up high priority (Permission denied). In order to run benchmarks with high priority, make sure you have the right permissions.
// BeforeAnythingElse

// Benchmark Process Environment Information:
// BenchmarkDotNet v0.15.8
// Runtime=.NET 10.0.12 (10.0.12, 10.0.1226.42308), X64 RyuJIT x86-64-v3
// GC=Concurrent Workstation
// HardwareIntrinsics=AVX2+BMI1+BMI2+F16C+FMA+LZCNT+MOVBE,AVX,SSE3+SSSE3+SSE4.1+SSE4.2+POPCNT,X86Base+SSE+SSE2,AES+PCLMUL VectorSize=256
// Job: .NET 10.0

OverheadJitting  1: 1 op, 218891.00 ns, 218.8910 us/op
WorkloadJitting  1: 1 op, 9594281.00 ns, 9.5943 ms/op

OverheadJitting  2: 16 op, 220424.00 ns, 13.7765 us/op
WorkloadJitting  2: 16 op, 293411.00 ns, 18.3382 us/op

WorkloadPilot    1: 16 op, 22041.00 ns, 1.3776 us/op
WorkloadPilot    2: 32 op, 57358.00 ns, 1.7924 us/op
WorkloadPilot    3: 64 op, 54984.00 ns, 859.1250 ns/op
WorkloadPilot    4: 128 op, 100549.00 ns, 785.5391 ns/op
WorkloadPilot    5: 256 op, 195967.00 ns, 765.4961 ns/op
WorkloadPilot    6: 512 op, 378831.00 ns, 739.9043 ns/op
WorkloadPilot    7: 1024 op, 770066.00 ns, 752.0176 ns/op
WorkloadPilot    8: 2048 op, 1546143.00 ns, 754.9526 ns/op
WorkloadPilot    9: 4096 op, 3039577.00 ns, 742.0842 ns/op
WorkloadPilot   10: 8192 op, 6068844.00 ns, 740.8257 ns/op
WorkloadPilot   11: 16384 op, 12122197.00 ns, 739.8802 ns/op
WorkloadPilot   12: 32768 op, 23976612.00 ns, 731.7081 ns/op
WorkloadPilot   13: 65536 op, 51369446.00 ns, 783.8355 ns/op
WorkloadPilot   14: 131072 op, 99790796.00 ns, 761.3434 ns/op
WorkloadPilot   15: 262144 op, 50350523.00 ns, 192.0720 ns/op
WorkloadPilot   16: 524288 op, 96999676.00 ns, 185.0122 ns/op
WorkloadPilot   17: 1048576 op, 194001597.00 ns, 185.0143 ns/op
WorkloadPilot   18: 2097152 op, 387987565.00 ns, 185.0069 ns/op
WorkloadPilot   19: 4194304 op, 780251658.00 ns, 186.0265 ns/op

OverheadWarmup   1: 4194304 op, 9521384.00 ns, 2.2701 ns/op
OverheadWarmup   2: 4194304 op, 9490687.00 ns, 2.2628 ns/op
OverheadWarmup   3: 4194304 op, 9503561.00 ns, 2.2658 ns/op
OverheadWarmup   4: 4194304 op, 9572971.00 ns, 2.2824 ns/op
OverheadWarmup   5: 4194304 op, 10379645.00 ns, 2.4747 ns/op
OverheadWarmup   6: 4194304 op, 9497199.00 ns, 2.2643 ns/op
OverheadWarmup   7: 4194304 op, 9484054.00 ns, 2.2612 ns/op
OverheadWarmup   8: 4194304 op, 9469437.00 ns, 2.2577 ns/op
OverheadWarmup   9: 4194304 op, 9471410.00 ns, 2.2582 ns/op
OverheadWarmup  10: 4194304 op, 9484545.00 ns, 2.2613 ns/op

OverheadActual   1: 4194304 op, 10239382.00 ns, 2.4413 ns/op
OverheadActual   2: 4194304 op, 9557733.00 ns, 2.2787 ns/op
OverheadActual   3: 4194304 op, 9511055.00 ns, 2.2676 ns/op
OverheadActual   4: 4194304 op, 9559245.00 ns, 2.2791 ns/op
OverheadActual   5: 4194304 op, 10681612.00 ns, 2.5467 ns/op
OverheadActual   6: 4194304 op, 9505304.00 ns, 2.2662 ns/op
OverheadActual   7: 4194304 op, 9483073.00 ns, 2.2609 ns/op
OverheadActual   8: 4194304 op, 9546181.00 ns, 2.2760 ns/op
OverheadActual   9: 4194304 op, 9702544.00 ns, 2.3133 ns/op
OverheadActual  10: 4194304 op, 9547593.00 ns, 2.2763 ns/op
OverheadActual  11: 4194304 op, 9554587.00 ns, 2.2780 ns/op
OverheadActual  12: 4194304 op, 9487801.00 ns, 2.2621 ns/op
OverheadActual  13: 4194304 op, 9487050.00 ns, 2.2619 ns/op
OverheadActual  14: 4194304 op, 9480016.00 ns, 2.2602 ns/op
OverheadActual  15: 4194304 op, 9481910.00 ns, 2.2607 ns/op

WorkloadWarmup   1: 4194304 op, 776387284.00 ns, 185.1052 ns/op
WorkloadWarmup   2: 4194304 op, 776530303.00 ns, 185.1393 ns/op
WorkloadWarmup   3: 4194304 op, 776088733.00 ns, 185.0340 ns/op
WorkloadWarmup   4: 4194304 op, 775795322.00 ns, 184.9640 ns/op
WorkloadWarmup   5: 4194304 op, 777793804.00 ns, 185.4405 ns/op
WorkloadWarmup   6: 4194304 op, 777879573.00 ns, 185.4609 ns/op
WorkloadWarmup   7: 4194304 op, 776994316.00 ns, 185.2499 ns/op

// BeforeActualRun
WorkloadActual   1: 4194304 op, 776443911.00 ns, 185.1187 ns/op
WorkloadActual   2: 4194304 op, 776707287.00 ns, 185.1814 ns/op
WorkloadActual   3: 4194304 op, 776624482.00 ns, 185.1617 ns/op
WorkloadActual   4: 4194304 op, 777151020.00 ns, 185.2872 ns/op
WorkloadActual   5: 4194304 op, 776489718.00 ns, 185.1296 ns/op
WorkloadActual   6: 4194304 op, 776031268.00 ns, 185.0203 ns/op
WorkloadActual   7: 4194304 op, 774976338.00 ns, 184.7688 ns/op
WorkloadActual   8: 4194304 op, 776905278.00 ns, 185.2287 ns/op
WorkloadActual   9: 4194304 op, 775785483.00 ns, 184.9617 ns/op
WorkloadActual  10: 4194304 op, 775567135.00 ns, 184.9096 ns/op
WorkloadActual  11: 4194304 op, 777814885.00 ns, 185.4455 ns/op
WorkloadActual  12: 4194304 op, 777536722.00 ns, 185.3792 ns/op
WorkloadActual  13: 4194304 op, 776457166.00 ns, 185.1218 ns/op
WorkloadActual  14: 4194304 op, 777049779.00 ns, 185.2631 ns/op
WorkloadActual  15: 4194304 op, 776500006.00 ns, 185.1320 ns/op

// AfterActualRun
WorkloadResult   1: 4194304 op, 766897730.00 ns, 182.8427 ns/op
WorkloadResult   2: 4194304 op, 767161106.00 ns, 182.9055 ns/op
WorkloadResult   3: 4194304 op, 767078301.00 ns, 182.8857 ns/op
WorkloadResult   4: 4194304 op, 767604839.00 ns, 183.0113 ns/op
WorkloadResult   5: 4194304 op, 766943537.00 ns, 182.8536 ns/op
WorkloadResult   6: 4194304 op, 766485087.00 ns, 182.7443 ns/op
WorkloadResult   7: 4194304 op, 765430157.00 ns, 182.4928 ns/op
WorkloadResult   8: 4194304 op, 767359097.00 ns, 182.9527 ns/op
WorkloadResult   9: 4194304 op, 766239302.00 ns, 182.6857 ns/op
WorkloadResult  10: 4194304 op, 766020954.00 ns, 182.6336 ns/op
WorkloadResult  11: 4194304 op, 768268704.00 ns, 183.1695 ns/op
WorkloadResult  12: 4194304 op, 767990541.00 ns, 183.1032 ns/op
WorkloadResult  13: 4194304 op, 766910985.00 ns, 182.8458 ns/op
WorkloadResult  14: 4194304 op, 767503598.00 ns, 182.9871 ns/op
WorkloadResult  15: 4194304 op, 766953825.00 ns, 182.8560 ns/op
// GC:  0 0 0 216 4194304
// Threading:  0 0 4194304

// AfterAll
// Benchmark Process 5206 has exited with code 0.

Mean = 182.865 ns, StdErr = 0.046 ns (0.02%), N = 15, StdDev = 0.176 ns
Min = 182.493 ns, Q1 = 182.793 ns, Median = 182.856 ns, Q3 = 182.970 ns, Max = 183.170 ns
IQR = 0.176 ns, LowerFence = 182.529 ns, UpperFence = 183.235 ns
ConfidenceInterval = [182.676 ns; 183.053 ns] (CI 99.9%), Margin = 0.189 ns (0.10% of Mean)
Skewness = -0.29, Kurtosis = 2.47, MValue = 2

// ** Remained 50 (92.6 %) benchmark(s) to run. Estimated finish 2026-09-13 7:37 (0h 20m from now) **
// **************************
// Benchmark: ConcurrencyBenchmarks.ResultConversion: .NET 10.0(Runtime=.NET 10.0, Toolchain=net10.0)
// *** Execute ***
// Launch: 1 / 1
// Execute: dotnet "EricksonLopez.Concurrency.Benchmarks-.NET 10.0-1.dll" --anonymousPipes 111 118 --benchmarkName EricksonLopez.Concurrency.Benchmarks.ConcurrencyBenchmarks.ResultConversion --job ".NET 10.0" --benchmarkId 4 in /home/runner/work/dotnet-concurrency/dotnet-concurrency/benchmarks/EricksonLopez.Concurrency.Benchmarks/bin/Release/net10.0/EricksonLopez.Concurrency.Benchmarks-.NET 10.0-1/bin/Release/net10.0
// Failed to set up high priority (Permission denied). In order to run benchmarks with high priority, make sure you have the right permissions.
// BeforeAnythingElse

// Benchmark Process Environment Information:
// BenchmarkDotNet v0.15.8
// Runtime=.NET 10.0.12 (10.0.12, 10.0.1226.42308), X64 RyuJIT x86-64-v3
// GC=Concurrent Workstation
// HardwareIntrinsics=AVX2+BMI1+BMI2+F16C+FMA+LZCNT+MOVBE,AVX,SSE3+SSSE3+SSE4.1+SSE4.2+POPCNT,X86Base+SSE+SSE2,AES+PCLMUL VectorSize=256
// Job: .NET 10.0

OverheadJitting  1: 1 op, 237095.00 ns, 237.0950 us/op
WorkloadJitting  1: 1 op, 2055999.00 ns, 2.0560 ms/op

OverheadJitting  2: 16 op, 210605.00 ns, 13.1628 us/op
WorkloadJitting  2: 16 op, 228048.00 ns, 14.2530 us/op

WorkloadPilot    1: 16 op, 2024.00 ns, 126.5000 ns/op
WorkloadPilot    2: 32 op, 2786.00 ns, 87.0625 ns/op
WorkloadPilot    3: 64 op, 4649.00 ns, 72.6406 ns/op
WorkloadPilot    4: 128 op, 8046.00 ns, 62.8594 ns/op
WorkloadPilot    5: 256 op, 15279.00 ns, 59.6836 ns/op
WorkloadPilot    6: 512 op, 29154.00 ns, 56.9414 ns/op
WorkloadPilot    7: 1024 op, 56846.00 ns, 55.5137 ns/op
WorkloadPilot    8: 2048 op, 111910.00 ns, 54.6436 ns/op
WorkloadPilot    9: 4096 op, 221285.00 ns, 54.0247 ns/op
WorkloadPilot   10: 8192 op, 447390.00 ns, 54.6130 ns/op
WorkloadPilot   11: 16384 op, 906292.00 ns, 55.3157 ns/op
WorkloadPilot   12: 32768 op, 1800590.00 ns, 54.9496 ns/op
WorkloadPilot   13: 65536 op, 3641896.00 ns, 55.5709 ns/op
WorkloadPilot   14: 131072 op, 7205166.00 ns, 54.9711 ns/op
WorkloadPilot   15: 262144 op, 14382158.00 ns, 54.8636 ns/op
WorkloadPilot   16: 524288 op, 28861438.00 ns, 55.0488 ns/op
WorkloadPilot   17: 1048576 op, 57485881.00 ns, 54.8228 ns/op
WorkloadPilot   18: 2097152 op, 63123174.00 ns, 30.0995 ns/op
WorkloadPilot   19: 4194304 op, 21303240.00 ns, 5.0791 ns/op
WorkloadPilot   20: 8388608 op, 42623202.00 ns, 5.0811 ns/op
WorkloadPilot   21: 16777216 op, 85548971.00 ns, 5.0991 ns/op
WorkloadPilot   22: 33554432 op, 170550235.00 ns, 5.0828 ns/op
WorkloadPilot   23: 67108864 op, 343850542.00 ns, 5.1238 ns/op
WorkloadPilot   24: 134217728 op, 682386958.00 ns, 5.0842 ns/op

OverheadWarmup   1: 134217728 op, 331765186.00 ns, 2.4718 ns/op
OverheadWarmup   2: 134217728 op, 222045711.00 ns, 1.6544 ns/op
OverheadWarmup   3: 134217728 op, 219881080.00 ns, 1.6382 ns/op
OverheadWarmup   4: 134217728 op, 219480398.00 ns, 1.6353 ns/op
OverheadWarmup   5: 134217728 op, 219184172.00 ns, 1.6330 ns/op
OverheadWarmup   6: 134217728 op, 220459315.00 ns, 1.6425 ns/op
OverheadWarmup   7: 134217728 op, 219367767.00 ns, 1.6344 ns/op
OverheadWarmup   8: 134217728 op, 219759091.00 ns, 1.6373 ns/op
OverheadWarmup   9: 134217728 op, 219349583.00 ns, 1.6343 ns/op

OverheadActual   1: 134217728 op, 219397894.00 ns, 1.6346 ns/op
OverheadActual   2: 134217728 op, 219349773.00 ns, 1.6343 ns/op
OverheadActual   3: 134217728 op, 219952153.00 ns, 1.6388 ns/op
OverheadActual   4: 134217728 op, 219371724.00 ns, 1.6344 ns/op
OverheadActual   5: 134217728 op, 219511677.00 ns, 1.6355 ns/op
OverheadActual   6: 134217728 op, 219446254.00 ns, 1.6350 ns/op
OverheadActual   7: 134217728 op, 220133163.00 ns, 1.6401 ns/op
OverheadActual   8: 134217728 op, 219821509.00 ns, 1.6378 ns/op
OverheadActual   9: 134217728 op, 220141187.00 ns, 1.6402 ns/op
OverheadActual  10: 134217728 op, 219430975.00 ns, 1.6349 ns/op
OverheadActual  11: 134217728 op, 219572241.00 ns, 1.6359 ns/op
OverheadActual  12: 134217728 op, 219912178.00 ns, 1.6385 ns/op
OverheadActual  13: 134217728 op, 220674900.00 ns, 1.6442 ns/op
OverheadActual  14: 134217728 op, 219396771.00 ns, 1.6346 ns/op
OverheadActual  15: 134217728 op, 220221339.00 ns, 1.6408 ns/op

WorkloadWarmup   1: 134217728 op, 701936305.00 ns, 5.2298 ns/op
WorkloadWarmup   2: 134217728 op, 681885374.00 ns, 5.0804 ns/op
WorkloadWarmup   3: 134217728 op, 681472839.00 ns, 5.0774 ns/op
WorkloadWarmup   4: 134217728 op, 682184936.00 ns, 5.0827 ns/op
WorkloadWarmup   5: 134217728 op, 682761575.00 ns, 5.0870 ns/op
WorkloadWarmup   6: 134217728 op, 681671235.00 ns, 5.0788 ns/op
WorkloadWarmup   7: 134217728 op, 685440908.00 ns, 5.1069 ns/op
WorkloadWarmup   8: 134217728 op, 682314682.00 ns, 5.0836 ns/op

// BeforeActualRun
WorkloadActual   1: 134217728 op, 681556069.00 ns, 5.0780 ns/op
WorkloadActual   2: 134217728 op, 682773564.00 ns, 5.0871 ns/op
WorkloadActual   3: 134217728 op, 682323770.00 ns, 5.0837 ns/op
WorkloadActual   4: 134217728 op, 681870989.00 ns, 5.0803 ns/op
WorkloadActual   5: 134217728 op, 682954733.00 ns, 5.0884 ns/op
WorkloadActual   6: 134217728 op, 684028722.00 ns, 5.0964 ns/op
WorkloadActual   7: 134217728 op, 682026034.00 ns, 5.0815 ns/op
WorkloadActual   8: 134217728 op, 683248819.00 ns, 5.0906 ns/op
WorkloadActual   9: 134217728 op, 682486146.00 ns, 5.0849 ns/op
WorkloadActual  10: 134217728 op, 682011214.00 ns, 5.0814 ns/op
WorkloadActual  11: 134217728 op, 683026129.00 ns, 5.0889 ns/op
WorkloadActual  12: 134217728 op, 682811165.00 ns, 5.0873 ns/op
WorkloadActual  13: 134217728 op, 693319732.00 ns, 5.1656 ns/op
WorkloadActual  14: 134217728 op, 682141078.00 ns, 5.0823 ns/op
WorkloadActual  15: 134217728 op, 682608094.00 ns, 5.0858 ns/op

// AfterActualRun
WorkloadResult   1: 134217728 op, 461983828.00 ns, 3.4420 ns/op
WorkloadResult   2: 134217728 op, 463201323.00 ns, 3.4511 ns/op
WorkloadResult   3: 134217728 op, 462751529.00 ns, 3.4478 ns/op
WorkloadResult   4: 134217728 op, 462298748.00 ns, 3.4444 ns/op
WorkloadResult   5: 134217728 op, 463382492.00 ns, 3.4525 ns/op
WorkloadResult   6: 134217728 op, 464456481.00 ns, 3.4605 ns/op
WorkloadResult   7: 134217728 op, 462453793.00 ns, 3.4455 ns/op
WorkloadResult   8: 134217728 op, 463676578.00 ns, 3.4547 ns/op
WorkloadResult   9: 134217728 op, 462913905.00 ns, 3.4490 ns/op
WorkloadResult  10: 134217728 op, 462438973.00 ns, 3.4454 ns/op
WorkloadResult  11: 134217728 op, 463453888.00 ns, 3.4530 ns/op
WorkloadResult  12: 134217728 op, 463238924.00 ns, 3.4514 ns/op
WorkloadResult  13: 134217728 op, 462568837.00 ns, 3.4464 ns/op
WorkloadResult  14: 134217728 op, 463035853.00 ns, 3.4499 ns/op
// GC:  0 0 0 0 134217728
// Threading:  0 0 134217728

// AfterAll
// Benchmark Process 5222 has exited with code 0.

Mean = 3.450 ns, StdErr = 0.001 ns (0.04%), N = 14, StdDev = 0.005 ns
Min = 3.442 ns, Q1 = 3.446 ns, Median = 3.449 ns, Q3 = 3.452 ns, Max = 3.460 ns
IQR = 0.006 ns, LowerFence = 3.436 ns, UpperFence = 3.462 ns
ConfidenceInterval = [3.444 ns; 3.455 ns] (CI 99.9%), Margin = 0.005 ns (0.16% of Mean)
Skewness = 0.51, Kurtosis = 2.62, MValue = 2

// ** Remained 49 (90.7 %) benchmark(s) to run. Estimated finish 2026-09-13 7:37 (0h 19m from now) **
// Build Error: Standard output: 
  
 Standard error: 
 /usr/share/dotnet/sdk/10.0.401/Microsoft.Common.CurrentVersion.targets(1891,5): error : Project '/home/runner/work/dotnet-concurrency/dotnet-concurrency/benchmarks/EricksonLopez.Concurrency.Benchmarks/EricksonLopez.Concurrency.Benchmarks.csproj' targets 'net10.0'. It cannot be referenced by a project that targets '.NETCoreApp,Version=v8.0'. [/home/runner/work/dotnet-concurrency/dotnet-concurrency/benchmarks/EricksonLopez.Concurrency.Benchmarks/bin/Release/net10.0/EricksonLopez.Concurrency.Benchmarks-.NET 8.0-2/BenchmarkDotNet.Autogenerated.csproj::TargetFramework=net8.0]
Build FAILED.
/usr/share/dotnet/sdk/10.0.401/Microsoft.Common.CurrentVersion.targets(1891,5): error : Project '/home/runner/work/dotnet-concurrency/dotnet-concurrency/benchmarks/EricksonLopez.Concurrency.Benchmarks/EricksonLopez.Concurrency.Benchmarks.csproj' targets 'net10.0'. It cannot be referenced by a project that targets '.NETCoreApp,Version=v8.0'. [/home/runner/work/dotnet-concurrency/dotnet-concurrency/benchmarks/EricksonLopez.Concurrency.Benchmarks/bin/Release/net10.0/EricksonLopez.Concurrency.Benchmarks-.NET 8.0-2/BenchmarkDotNet.Autogenerated.csproj::TargetFramework=net8.0]
    0 Warning(s)
    1 Error(s)
Time Elapsed 00:00:01.40

// BenchmarkDotNet has failed to build the auto-generated boilerplate code.
// It can be found in /home/runner/work/dotnet-concurrency/dotnet-concurrency/benchmarks/EricksonLopez.Concurrency.Benchmarks/bin/Release/net10.0/EricksonLopez.Concurrency.Benchmarks-.NET 8.0-2
// Please follow the troubleshooting guide: https://benchmarkdotnet.org/articles/guides/troubleshooting.html

// ** Remained 48 (88.9 %) benchmark(s) to run. Estimated finish 2026-09-13 7:33 (0h 16m from now) **
// Build Error: Standard output: 
  
 Standard error: 
 /usr/share/dotnet/sdk/10.0.401/Microsoft.Common.CurrentVersion.targets(1891,5): error : Project '/home/runner/work/dotnet-concurrency/dotnet-concurrency/benchmarks/EricksonLopez.Concurrency.Benchmarks/EricksonLopez.Concurrency.Benchmarks.csproj' targets 'net10.0'. It cannot be referenced by a project that targets '.NETCoreApp,Version=v8.0'. [/home/runner/work/dotnet-concurrency/dotnet-concurrency/benchmarks/EricksonLopez.Concurrency.Benchmarks/bin/Release/net10.0/EricksonLopez.Concurrency.Benchmarks-.NET 8.0-2/BenchmarkDotNet.Autogenerated.csproj::TargetFramework=net8.0]
Build FAILED.
/usr/share/dotnet/sdk/10.0.401/Microsoft.Common.CurrentVersion.targets(1891,5): error : Project '/home/runner/work/dotnet-concurrency/dotnet-concurrency/benchmarks/EricksonLopez.Concurrency.Benchmarks/EricksonLopez.Concurrency.Benchmarks.csproj' targets 'net10.0'. It cannot be referenced by a project that targets '.NETCoreApp,Version=v8.0'. [/home/runner/work/dotnet-concurrency/dotnet-concurrency/benchmarks/EricksonLopez.Concurrency.Benchmarks/bin/Release/net10.0/EricksonLopez.Concurrency.Benchmarks-.NET 8.0-2/BenchmarkDotNet.Autogenerated.csproj::TargetFramework=net8.0]
    0 Warning(s)
    1 Error(s)
Time Elapsed 00:00:01.40

// BenchmarkDotNet has failed to build the auto-generated boilerplate code.
// It can be found in /home/runner/work/dotnet-concurrency/dotnet-concurrency/benchmarks/EricksonLopez.Concurrency.Benchmarks/bin/Release/net10.0/EricksonLopez.Concurrency.Benchmarks-.NET 8.0-2
// Please follow the troubleshooting guide: https://benchmarkdotnet.org/articles/guides/troubleshooting.html

// ** Remained 47 (87.0 %) benchmark(s) to run. Estimated finish 2026-09-13 7:30 (0h 13m from now) **
// Build Error: Standard output: 
  
 Standard error: 
 /usr/share/dotnet/sdk/10.0.401/Microsoft.Common.CurrentVersion.targets(1891,5): error : Project '/home/runner/work/dotnet-concurrency/dotnet-concurrency/benchmarks/EricksonLopez.Concurrency.Benchmarks/EricksonLopez.Concurrency.Benchmarks.csproj' targets 'net10.0'. It cannot be referenced by a project that targets '.NETCoreApp,Version=v8.0'. [/home/runner/work/dotnet-concurrency/dotnet-concurrency/benchmarks/EricksonLopez.Concurrency.Benchmarks/bin/Release/net10.0/EricksonLopez.Concurrency.Benchmarks-.NET 8.0-2/BenchmarkDotNet.Autogenerated.csproj::TargetFramework=net8.0]
Build FAILED.
/usr/share/dotnet/sdk/10.0.401/Microsoft.Common.CurrentVersion.targets(1891,5): error : Project '/home/runner/work/dotnet-concurrency/dotnet-concurrency/benchmarks/EricksonLopez.Concurrency.Benchmarks/EricksonLopez.Concurrency.Benchmarks.csproj' targets 'net10.0'. It cannot be referenced by a project that targets '.NETCoreApp,Version=v8.0'. [/home/runner/work/dotnet-concurrency/dotnet-concurrency/benchmarks/EricksonLopez.Concurrency.Benchmarks/bin/Release/net10.0/EricksonLopez.Concurrency.Benchmarks-.NET 8.0-2/BenchmarkDotNet.Autogenerated.csproj::TargetFramework=net8.0]
    0 Warning(s)
    1 Error(s)
Time Elapsed 00:00:01.40

// BenchmarkDotNet has failed to build the auto-generated boilerplate code.
// It can be found in /home/runner/work/dotnet-concurrency/dotnet-concurrency/benchmarks/EricksonLopez.Concurrency.Benchmarks/bin/Release/net10.0/EricksonLopez.Concurrency.Benchmarks-.NET 8.0-2
// Please follow the troubleshooting guide: https://benchmarkdotnet.org/articles/guides/troubleshooting.html

// ** Remained 46 (85.2 %) benchmark(s) to run. Estimated finish 2026-09-13 7:28 (0h 11m from now) **
// Build Error: Standard output: 
  
 Standard error: 
 /usr/share/dotnet/sdk/10.0.401/Microsoft.Common.CurrentVersion.targets(1891,5): error : Project '/home/runner/work/dotnet-concurrency/dotnet-concurrency/benchmarks/EricksonLopez.Concurrency.Benchmarks/EricksonLopez.Concurrency.Benchmarks.csproj' targets 'net10.0'. It cannot be referenced by a project that targets '.NETCoreApp,Version=v8.0'. [/home/runner/work/dotnet-concurrency/dotnet-concurrency/benchmarks/EricksonLopez.Concurrency.Benchmarks/bin/Release/net10.0/EricksonLopez.Concurrency.Benchmarks-.NET 8.0-2/BenchmarkDotNet.Autogenerated.csproj::TargetFramework=net8.0]
Build FAILED.
/usr/share/dotnet/sdk/10.0.401/Microsoft.Common.CurrentVersion.targets(1891,5): error : Project '/home/runner/work/dotnet-concurrency/dotnet-concurrency/benchmarks/EricksonLopez.Concurrency.Benchmarks/EricksonLopez.Concurrency.Benchmarks.csproj' targets 'net10.0'. It cannot be referenced by a project that targets '.NETCoreApp,Version=v8.0'. [/home/runner/work/dotnet-concurrency/dotnet-concurrency/benchmarks/EricksonLopez.Concurrency.Benchmarks/bin/Release/net10.0/EricksonLopez.Concurrency.Benchmarks-.NET 8.0-2/BenchmarkDotNet.Autogenerated.csproj::TargetFramework=net8.0]
    0 Warning(s)
    1 Error(s)
Time Elapsed 00:00:01.40

// BenchmarkDotNet has failed to build the auto-generated boilerplate code.
// It can be found in /home/runner/work/dotnet-concurrency/dotnet-concurrency/benchmarks/EricksonLopez.Concurrency.Benchmarks/bin/Release/net10.0/EricksonLopez.Concurrency.Benchmarks-.NET 8.0-2
// Please follow the troubleshooting guide: https://benchmarkdotnet.org/articles/guides/troubleshooting.html

// ** Remained 45 (83.3 %) benchmark(s) to run. Estimated finish 2026-09-13 7:27 (0h 10m from now) **
// Build Error: Standard output: 
  
 Standard error: 
 /usr/share/dotnet/sdk/10.0.401/Microsoft.Common.CurrentVersion.targets(1891,5): error : Project '/home/runner/work/dotnet-concurrency/dotnet-concurrency/benchmarks/EricksonLopez.Concurrency.Benchmarks/EricksonLopez.Concurrency.Benchmarks.csproj' targets 'net10.0'. It cannot be referenced by a project that targets '.NETCoreApp,Version=v8.0'. [/home/runner/work/dotnet-concurrency/dotnet-concurrency/benchmarks/EricksonLopez.Concurrency.Benchmarks/bin/Release/net10.0/EricksonLopez.Concurrency.Benchmarks-.NET 8.0-2/BenchmarkDotNet.Autogenerated.csproj::TargetFramework=net8.0]
Build FAILED.
/usr/share/dotnet/sdk/10.0.401/Microsoft.Common.CurrentVersion.targets(1891,5): error : Project '/home/runner/work/dotnet-concurrency/dotnet-concurrency/benchmarks/EricksonLopez.Concurrency.Benchmarks/EricksonLopez.Concurrency.Benchmarks.csproj' targets 'net10.0'. It cannot be referenced by a project that targets '.NETCoreApp,Version=v8.0'. [/home/runner/work/dotnet-concurrency/dotnet-concurrency/benchmarks/EricksonLopez.Concurrency.Benchmarks/bin/Release/net10.0/EricksonLopez.Concurrency.Benchmarks-.NET 8.0-2/BenchmarkDotNet.Autogenerated.csproj::TargetFramework=net8.0]
    0 Warning(s)
    1 Error(s)
Time Elapsed 00:00:01.40

// BenchmarkDotNet has failed to build the auto-generated boilerplate code.
// It can be found in /home/runner/work/dotnet-concurrency/dotnet-concurrency/benchmarks/EricksonLopez.Concurrency.Benchmarks/bin/Release/net10.0/EricksonLopez.Concurrency.Benchmarks-.NET 8.0-2
// Please follow the troubleshooting guide: https://benchmarkdotnet.org/articles/guides/troubleshooting.html

// ** Remained 44 (81.5 %) benchmark(s) to run. Estimated finish 2026-09-13 7:26 (0h 8m from now) **
// Build Error: Standard output: 
  
 Standard error: 
 /usr/share/dotnet/sdk/10.0.401/Microsoft.Common.CurrentVersion.targets(1891,5): error : Project '/home/runner/work/dotnet-concurrency/dotnet-concurrency/benchmarks/EricksonLopez.Concurrency.Benchmarks/EricksonLopez.Concurrency.Benchmarks.csproj' targets 'net10.0'. It cannot be referenced by a project that targets '.NETCoreApp,Version=v9.0'. [/home/runner/work/dotnet-concurrency/dotnet-concurrency/benchmarks/EricksonLopez.Concurrency.Benchmarks/bin/Release/net10.0/EricksonLopez.Concurrency.Benchmarks-.NET 9.0-3/BenchmarkDotNet.Autogenerated.csproj::TargetFramework=net9.0]
Build FAILED.
/usr/share/dotnet/sdk/10.0.401/Microsoft.Common.CurrentVersion.targets(1891,5): error : Project '/home/runner/work/dotnet-concurrency/dotnet-concurrency/benchmarks/EricksonLopez.Concurrency.Benchmarks/EricksonLopez.Concurrency.Benchmarks.csproj' targets 'net10.0'. It cannot be referenced by a project that targets '.NETCoreApp,Version=v9.0'. [/home/runner/work/dotnet-concurrency/dotnet-concurrency/benchmarks/EricksonLopez.Concurrency.Benchmarks/bin/Release/net10.0/EricksonLopez.Concurrency.Benchmarks-.NET 9.0-3/BenchmarkDotNet.Autogenerated.csproj::TargetFramework=net9.0]
    0 Warning(s)
    1 Error(s)
Time Elapsed 00:00:01.42

// BenchmarkDotNet has failed to build the auto-generated boilerplate code.
// It can be found in /home/runner/work/dotnet-concurrency/dotnet-concurrency/benchmarks/EricksonLopez.Concurrency.Benchmarks/bin/Release/net10.0/EricksonLopez.Concurrency.Benchmarks-.NET 9.0-3
// Please follow the troubleshooting guide: https://benchmarkdotnet.org/articles/guides/troubleshooting.html

// ** Remained 43 (79.6 %) benchmark(s) to run. Estimated finish 2026-09-13 7:25 (0h 7m from now) **
// Build Error: Standard output: 
  
 Standard error: 
 /usr/share/dotnet/sdk/10.0.401/Microsoft.Common.CurrentVersion.targets(1891,5): error : Project '/home/runner/work/dotnet-concurrency/dotnet-concurrency/benchmarks/EricksonLopez.Concurrency.Benchmarks/EricksonLopez.Concurrency.Benchmarks.csproj' targets 'net10.0'. It cannot be referenced by a project that targets '.NETCoreApp,Version=v9.0'. [/home/runner/work/dotnet-concurrency/dotnet-concurrency/benchmarks/EricksonLopez.Concurrency.Benchmarks/bin/Release/net10.0/EricksonLopez.Concurrency.Benchmarks-.NET 9.0-3/BenchmarkDotNet.Autogenerated.csproj::TargetFramework=net9.0]
Build FAILED.
/usr/share/dotnet/sdk/10.0.401/Microsoft.Common.CurrentVersion.targets(1891,5): error : Project '/home/runner/work/dotnet-concurrency/dotnet-concurrency/benchmarks/EricksonLopez.Concurrency.Benchmarks/EricksonLopez.Concurrency.Benchmarks.csproj' targets 'net10.0'. It cannot be referenced by a project that targets '.NETCoreApp,Version=v9.0'. [/home/runner/work/dotnet-concurrency/dotnet-concurrency/benchmarks/EricksonLopez.Concurrency.Benchmarks/bin/Release/net10.0/EricksonLopez.Concurrency.Benchmarks-.NET 9.0-3/BenchmarkDotNet.Autogenerated.csproj::TargetFramework=net9.0]
    0 Warning(s)
    1 Error(s)
Time Elapsed 00:00:01.42

// BenchmarkDotNet has failed to build the auto-generated boilerplate code.
// It can be found in /home/runner/work/dotnet-concurrency/dotnet-concurrency/benchmarks/EricksonLopez.Concurrency.Benchmarks/bin/Release/net10.0/EricksonLopez.Concurrency.Benchmarks-.NET 9.0-3
// Please follow the troubleshooting guide: https://benchmarkdotnet.org/articles/guides/troubleshooting.html

// ** Remained 42 (77.8 %) benchmark(s) to run. Estimated finish 2026-09-13 7:24 (0h 7m from now) **
// Build Error: Standard output: 
  
 Standard error: 
 /usr/share/dotnet/sdk/10.0.401/Microsoft.Common.CurrentVersion.targets(1891,5): error : Project '/home/runner/work/dotnet-concurrency/dotnet-concurrency/benchmarks/EricksonLopez.Concurrency.Benchmarks/EricksonLopez.Concurrency.Benchmarks.csproj' targets 'net10.0'. It cannot be referenced by a project that targets '.NETCoreApp,Version=v9.0'. [/home/runner/work/dotnet-concurrency/dotnet-concurrency/benchmarks/EricksonLopez.Concurrency.Benchmarks/bin/Release/net10.0/EricksonLopez.Concurrency.Benchmarks-.NET 9.0-3/BenchmarkDotNet.Autogenerated.csproj::TargetFramework=net9.0]
Build FAILED.
/usr/share/dotnet/sdk/10.0.401/Microsoft.Common.CurrentVersion.targets(1891,5): error : Project '/home/runner/work/dotnet-concurrency/dotnet-concurrency/benchmarks/EricksonLopez.Concurrency.Benchmarks/EricksonLopez.Concurrency.Benchmarks.csproj' targets 'net10.0'. It cannot be referenced by a project that targets '.NETCoreApp,Version=v9.0'. [/home/runner/work/dotnet-concurrency/dotnet-concurrency/benchmarks/EricksonLopez.Concurrency.Benchmarks/bin/Release/net10.0/EricksonLopez.Concurrency.Benchmarks-.NET 9.0-3/BenchmarkDotNet.Autogenerated.csproj::TargetFramework=net9.0]
    0 Warning(s)
    1 Error(s)
Time Elapsed 00:00:01.42

// BenchmarkDotNet has failed to build the auto-generated boilerplate code.
// It can be found in /home/runner/work/dotnet-concurrency/dotnet-concurrency/benchmarks/EricksonLopez.Concurrency.Benchmarks/bin/Release/net10.0/EricksonLopez.Concurrency.Benchmarks-.NET 9.0-3
// Please follow the troubleshooting guide: https://benchmarkdotnet.org/articles/guides/troubleshooting.html

// ** Remained 41 (75.9 %) benchmark(s) to run. Estimated finish 2026-09-13 7:23 (0h 6m from now) **
// Build Error: Standard output: 
  
 Standard error: 
 /usr/share/dotnet/sdk/10.0.401/Microsoft.Common.CurrentVersion.targets(1891,5): error : Project '/home/runner/work/dotnet-concurrency/dotnet-concurrency/benchmarks/EricksonLopez.Concurrency.Benchmarks/EricksonLopez.Concurrency.Benchmarks.csproj' targets 'net10.0'. It cannot be referenced by a project that targets '.NETCoreApp,Version=v9.0'. [/home/runner/work/dotnet-concurrency/dotnet-concurrency/benchmarks/EricksonLopez.Concurrency.Benchmarks/bin/Release/net10.0/EricksonLopez.Concurrency.Benchmarks-.NET 9.0-3/BenchmarkDotNet.Autogenerated.csproj::TargetFramework=net9.0]
Build FAILED.
/usr/share/dotnet/sdk/10.0.401/Microsoft.Common.CurrentVersion.targets(1891,5): error : Project '/home/runner/work/dotnet-concurrency/dotnet-concurrency/benchmarks/EricksonLopez.Concurrency.Benchmarks/EricksonLopez.Concurrency.Benchmarks.csproj' targets 'net10.0'. It cannot be referenced by a project that targets '.NETCoreApp,Version=v9.0'. [/home/runner/work/dotnet-concurrency/dotnet-concurrency/benchmarks/EricksonLopez.Concurrency.Benchmarks/bin/Release/net10.0/EricksonLopez.Concurrency.Benchmarks-.NET 9.0-3/BenchmarkDotNet.Autogenerated.csproj::TargetFramework=net9.0]
    0 Warning(s)
    1 Error(s)
Time Elapsed 00:00:01.42

// BenchmarkDotNet has failed to build the auto-generated boilerplate code.
// It can be found in /home/runner/work/dotnet-concurrency/dotnet-concurrency/benchmarks/EricksonLopez.Concurrency.Benchmarks/bin/Release/net10.0/EricksonLopez.Concurrency.Benchmarks-.NET 9.0-3
// Please follow the troubleshooting guide: https://benchmarkdotnet.org/articles/guides/troubleshooting.html

// ** Remained 40 (74.1 %) benchmark(s) to run. Estimated finish 2026-09-13 7:23 (0h 5m from now) **
// Build Error: Standard output: 
  
 Standard error: 
 /usr/share/dotnet/sdk/10.0.401/Microsoft.Common.CurrentVersion.targets(1891,5): error : Project '/home/runner/work/dotnet-concurrency/dotnet-concurrency/benchmarks/EricksonLopez.Concurrency.Benchmarks/EricksonLopez.Concurrency.Benchmarks.csproj' targets 'net10.0'. It cannot be referenced by a project that targets '.NETCoreApp,Version=v9.0'. [/home/runner/work/dotnet-concurrency/dotnet-concurrency/benchmarks/EricksonLopez.Concurrency.Benchmarks/bin/Release/net10.0/EricksonLopez.Concurrency.Benchmarks-.NET 9.0-3/BenchmarkDotNet.Autogenerated.csproj::TargetFramework=net9.0]
Build FAILED.
/usr/share/dotnet/sdk/10.0.401/Microsoft.Common.CurrentVersion.targets(1891,5): error : Project '/home/runner/work/dotnet-concurrency/dotnet-concurrency/benchmarks/EricksonLopez.Concurrency.Benchmarks/EricksonLopez.Concurrency.Benchmarks.csproj' targets 'net10.0'. It cannot be referenced by a project that targets '.NETCoreApp,Version=v9.0'. [/home/runner/work/dotnet-concurrency/dotnet-concurrency/benchmarks/EricksonLopez.Concurrency.Benchmarks/bin/Release/net10.0/EricksonLopez.Concurrency.Benchmarks-.NET 9.0-3/BenchmarkDotNet.Autogenerated.csproj::TargetFramework=net9.0]
    0 Warning(s)
    1 Error(s)
Time Elapsed 00:00:01.42

// BenchmarkDotNet has failed to build the auto-generated boilerplate code.
// It can be found in /home/runner/work/dotnet-concurrency/dotnet-concurrency/benchmarks/EricksonLopez.Concurrency.Benchmarks/bin/Release/net10.0/EricksonLopez.Concurrency.Benchmarks-.NET 9.0-3
// Please follow the troubleshooting guide: https://benchmarkdotnet.org/articles/guides/troubleshooting.html

// ** Remained 39 (72.2 %) benchmark(s) to run. Estimated finish 2026-09-13 7:22 (0h 5m from now) **
// ***** BenchmarkRunner: Finish  *****

// * Export *
  benchmarks/results/results/EricksonLopez.Concurrency.Benchmarks.ConcurrencyBenchmarks-report.csv
  benchmarks/results/results/EricksonLopez.Concurrency.Benchmarks.ConcurrencyBenchmarks-report-github.md
  benchmarks/results/results/EricksonLopez.Concurrency.Benchmarks.ConcurrencyBenchmarks-report.html
  benchmarks/results/results/EricksonLopez.Concurrency.Benchmarks.ConcurrencyBenchmarks-report-full-compressed.json
  benchmarks/results/results/EricksonLopez.Concurrency.Benchmarks.ConcurrencyBenchmarks-report-default.md

// * Detailed results *
ConcurrencyBenchmarks.DirectVersionComparison: .NET 10.0(Runtime=.NET 10.0, Toolchain=net10.0)
Runtime = .NET 10.0.12 (10.0.12, 10.0.1226.42308), X64 RyuJIT x86-64-v3; GC = Concurrent Workstation
Mean = 0.137 ns, StdErr = 0.001 ns (0.66%), N = 14, StdDev = 0.003 ns
Min = 0.131 ns, Q1 = 0.135 ns, Median = 0.138 ns, Q3 = 0.140 ns, Max = 0.142 ns
IQR = 0.005 ns, LowerFence = 0.127 ns, UpperFence = 0.147 ns
ConfidenceInterval = [0.133 ns; 0.141 ns] (CI 99.9%), Margin = 0.004 ns (2.77% of Mean)
Skewness = -0.39, Kurtosis = 1.8, MValue = 2
-------------------- Histogram --------------------
[0.131 ns ; 0.135 ns) | @@@@
[0.135 ns ; 0.140 ns) | @@@@@@@@
[0.140 ns ; 0.144 ns) | @@
---------------------------------------------------

ConcurrencyBenchmarks.CheckerCheckVersion: .NET 10.0(Runtime=.NET 10.0, Toolchain=net10.0)
Runtime = .NET 10.0.12 (10.0.12, 10.0.1226.42308), X64 RyuJIT x86-64-v3; GC = Concurrent Workstation
Mean = 0.469 ns, StdErr = 0.003 ns (0.60%), N = 15, StdDev = 0.011 ns
Min = 0.454 ns, Q1 = 0.458 ns, Median = 0.471 ns, Q3 = 0.479 ns, Max = 0.485 ns
IQR = 0.020 ns, LowerFence = 0.428 ns, UpperFence = 0.509 ns
ConfidenceInterval = [0.457 ns; 0.481 ns] (CI 99.9%), Margin = 0.012 ns (2.50% of Mean)
Skewness = -0.01, Kurtosis = 1.26, MValue = 2
-------------------- Histogram --------------------
[0.453 ns ; 0.465 ns) | @@@@@@@
[0.465 ns ; 0.485 ns) | @@@@@@@@
---------------------------------------------------

ConcurrencyBenchmarks.CheckerCheckToken: .NET 10.0(Runtime=.NET 10.0, Toolchain=net10.0)
Runtime = .NET 10.0.12 (10.0.12, 10.0.1226.42308), X64 RyuJIT x86-64-v3; GC = Concurrent Workstation
Mean = 22.363 ns, StdErr = 0.061 ns (0.27%), N = 15, StdDev = 0.235 ns
Min = 21.955 ns, Q1 = 22.226 ns, Median = 22.348 ns, Q3 = 22.497 ns, Max = 22.846 ns
IQR = 0.271 ns, LowerFence = 21.819 ns, UpperFence = 22.905 ns
ConfidenceInterval = [22.111 ns; 22.614 ns] (CI 99.9%), Margin = 0.251 ns (1.12% of Mean)
Skewness = 0.18, Kurtosis = 2.29, MValue = 2
-------------------- Histogram --------------------
[21.830 ns ; 22.971 ns) | @@@@@@@@@@@@@@@
---------------------------------------------------

ConcurrencyBenchmarks.ControllerExecuteCasAsync: .NET 10.0(Runtime=.NET 10.0, Toolchain=net10.0)
Runtime = .NET 10.0.12 (10.0.12, 10.0.1226.42308), X64 RyuJIT x86-64-v3; GC = Concurrent Workstation
Mean = 182.865 ns, StdErr = 0.046 ns (0.02%), N = 15, StdDev = 0.176 ns
Min = 182.493 ns, Q1 = 182.793 ns, Median = 182.856 ns, Q3 = 182.970 ns, Max = 183.170 ns
IQR = 0.176 ns, LowerFence = 182.529 ns, UpperFence = 183.235 ns
ConfidenceInterval = [182.676 ns; 183.053 ns] (CI 99.9%), Margin = 0.189 ns (0.10% of Mean)
Skewness = -0.29, Kurtosis = 2.47, MValue = 2
-------------------- Histogram --------------------
[182.399 ns ; 183.264 ns) | @@@@@@@@@@@@@@@
---------------------------------------------------

ConcurrencyBenchmarks.ResultConversion: .NET 10.0(Runtime=.NET 10.0, Toolchain=net10.0)
Runtime = .NET 10.0.12 (10.0.12, 10.0.1226.42308), X64 RyuJIT x86-64-v3; GC = Concurrent Workstation
Mean = 3.450 ns, StdErr = 0.001 ns (0.04%), N = 14, StdDev = 0.005 ns
Min = 3.442 ns, Q1 = 3.446 ns, Median = 3.449 ns, Q3 = 3.452 ns, Max = 3.460 ns
IQR = 0.006 ns, LowerFence = 3.436 ns, UpperFence = 3.462 ns
ConfidenceInterval = [3.444 ns; 3.455 ns] (CI 99.9%), Margin = 0.005 ns (0.16% of Mean)
Skewness = 0.51, Kurtosis = 2.62, MValue = 2
-------------------- Histogram --------------------
[3.439 ns ; 3.463 ns) | @@@@@@@@@@@@@@
---------------------------------------------------

ConcurrencyBenchmarks.DirectVersionComparison: .NET 8.0(Runtime=.NET 8.0, Toolchain=net8.0)
Runtime = ; GC = 
There are not any results runs

ConcurrencyBenchmarks.CheckerCheckVersion: .NET 8.0(Runtime=.NET 8.0, Toolchain=net8.0)
Runtime = ; GC = 
There are not any results runs

ConcurrencyBenchmarks.CheckerCheckToken: .NET 8.0(Runtime=.NET 8.0, Toolchain=net8.0)
Runtime = ; GC = 
There are not any results runs

ConcurrencyBenchmarks.ControllerExecuteCasAsync: .NET 8.0(Runtime=.NET 8.0, Toolchain=net8.0)
Runtime = ; GC = 
There are not any results runs

ConcurrencyBenchmarks.ResultConversion: .NET 8.0(Runtime=.NET 8.0, Toolchain=net8.0)
Runtime = ; GC = 
There are not any results runs

ConcurrencyBenchmarks.DirectVersionComparison: .NET 9.0(Runtime=.NET 9.0, Toolchain=net9.0)
Runtime = ; GC = 
There are not any results runs

ConcurrencyBenchmarks.CheckerCheckVersion: .NET 9.0(Runtime=.NET 9.0, Toolchain=net9.0)
Runtime = ; GC = 
There are not any results runs

ConcurrencyBenchmarks.CheckerCheckToken: .NET 9.0(Runtime=.NET 9.0, Toolchain=net9.0)
Runtime = ; GC = 
There are not any results runs

ConcurrencyBenchmarks.ControllerExecuteCasAsync: .NET 9.0(Runtime=.NET 9.0, Toolchain=net9.0)
Runtime = ; GC = 
There are not any results runs

ConcurrencyBenchmarks.ResultConversion: .NET 9.0(Runtime=.NET 9.0, Toolchain=net9.0)
Runtime = ; GC = 
There are not any results runs

// * Summary *

BenchmarkDotNet v0.15.8, Linux Ubuntu 24.04.5 LTS (Noble Numbat)
AMD EPYC 7763 2.45GHz, 1 CPU, 4 logical and 2 physical cores
.NET SDK 10.0.401
  [Host]    : .NET 10.0.12 (10.0.12, 10.0.1226.42308), X64 RyuJIT x86-64-v3
  .NET 10.0 : .NET 10.0.12 (10.0.12, 10.0.1226.42308), X64 RyuJIT x86-64-v3


| Method                    | Job       | Runtime   | Mean        | Error     | StdDev    | Ratio | RatioSD | Gen0   | Allocated | Alloc Ratio |
|-------------------------- |---------- |---------- |------------:|----------:|----------:|------:|--------:|-------:|----------:|------------:|
| DirectVersionComparison   | .NET 10.0 | .NET 10.0 |   0.1373 ns | 0.0038 ns | 0.0034 ns |     ? |       ? |      - |         - |           ? |
| CheckerCheckVersion       | .NET 10.0 | .NET 10.0 |   0.4691 ns | 0.0117 ns | 0.0110 ns |     ? |       ? |      - |         - |           ? |
| CheckerCheckToken         | .NET 10.0 | .NET 10.0 |  22.3628 ns | 0.2514 ns | 0.2352 ns |     ? |       ? | 0.0038 |      64 B |           ? |
| ControllerExecuteCasAsync | .NET 10.0 | .NET 10.0 | 182.8646 ns | 0.1885 ns | 0.1764 ns |     ? |       ? |      - |         - |           ? |
| ResultConversion          | .NET 10.0 | .NET 10.0 |   3.4495 ns | 0.0054 ns | 0.0048 ns |     ? |       ? |      - |         - |           ? |
| DirectVersionComparison   | .NET 8.0  | .NET 8.0  |          NA |        NA |        NA |     ? |       ? |     NA |        NA |           ? |
| CheckerCheckVersion       | .NET 8.0  | .NET 8.0  |          NA |        NA |        NA |     ? |       ? |     NA |        NA |           ? |
| CheckerCheckToken         | .NET 8.0  | .NET 8.0  |          NA |        NA |        NA |     ? |       ? |     NA |        NA |           ? |
| ControllerExecuteCasAsync | .NET 8.0  | .NET 8.0  |          NA |        NA |        NA |     ? |       ? |     NA |        NA |           ? |
| ResultConversion          | .NET 8.0  | .NET 8.0  |          NA |        NA |        NA |     ? |       ? |     NA |        NA |           ? |
| DirectVersionComparison   | .NET 9.0  | .NET 9.0  |          NA |        NA |        NA |     ? |       ? |     NA |        NA |           ? |
| CheckerCheckVersion       | .NET 9.0  | .NET 9.0  |          NA |        NA |        NA |     ? |       ? |     NA |        NA |           ? |
| CheckerCheckToken         | .NET 9.0  | .NET 9.0  |          NA |        NA |        NA |     ? |       ? |     NA |        NA |           ? |
| ControllerExecuteCasAsync | .NET 9.0  | .NET 9.0  |          NA |        NA |        NA |     ? |       ? |     NA |        NA |           ? |
| ResultConversion          | .NET 9.0  | .NET 9.0  |          NA |        NA |        NA |     ? |       ? |     NA |        NA |           ? |

Benchmarks with issues:
  ConcurrencyBenchmarks.DirectVersionComparison: .NET 8.0(Runtime=.NET 8.0, Toolchain=net8.0)
  ConcurrencyBenchmarks.CheckerCheckVersion: .NET 8.0(Runtime=.NET 8.0, Toolchain=net8.0)
  ConcurrencyBenchmarks.CheckerCheckToken: .NET 8.0(Runtime=.NET 8.0, Toolchain=net8.0)
  ConcurrencyBenchmarks.ControllerExecuteCasAsync: .NET 8.0(Runtime=.NET 8.0, Toolchain=net8.0)
  ConcurrencyBenchmarks.ResultConversion: .NET 8.0(Runtime=.NET 8.0, Toolchain=net8.0)
  ConcurrencyBenchmarks.DirectVersionComparison: .NET 9.0(Runtime=.NET 9.0, Toolchain=net9.0)
  ConcurrencyBenchmarks.CheckerCheckVersion: .NET 9.0(Runtime=.NET 9.0, Toolchain=net9.0)
  ConcurrencyBenchmarks.CheckerCheckToken: .NET 9.0(Runtime=.NET 9.0, Toolchain=net9.0)
  ConcurrencyBenchmarks.ControllerExecuteCasAsync: .NET 9.0(Runtime=.NET 9.0, Toolchain=net9.0)
  ConcurrencyBenchmarks.ResultConversion: .NET 9.0(Runtime=.NET 9.0, Toolchain=net9.0)

// * Warnings *
BaselineCustomAnalyzer
  Summary -> A question mark '?' symbol indicates that it was not possible to compute the (Ratio, RatioSD, Alloc Ratio) column(s) because the baseline or benchmark could not be found, or the baseline value is too close to zero.

// * Hints *
Outliers
  ConcurrencyBenchmarks.DirectVersionComparison: .NET 10.0   -> 1 outlier  was  removed (2.01 ns)
  ConcurrencyBenchmarks.ControllerExecuteCasAsync: .NET 10.0 -> 1 outlier  was  detected (184.77 ns)
  ConcurrencyBenchmarks.ResultConversion: .NET 10.0          -> 1 outlier  was  removed (5.17 ns)

// * Legends *
  Mean        : Arithmetic mean of all measurements
  Error       : Half of 99.9% confidence interval
  StdDev      : Standard deviation of all measurements
  Ratio       : Mean of the ratio distribution ([Current]/[Baseline])
  RatioSD     : Standard deviation of the ratio distribution ([Current]/[Baseline])
  Gen0        : GC Generation 0 collects per 1000 operations
  Allocated   : Allocated memory per single operation (managed only, inclusive, 1KB = 1024B)
  Alloc Ratio : Allocated memory ratio distribution ([Current]/[Baseline])
  1 ns        : 1 Nanosecond (0.000000001 sec)

// * Diagnostic Output - MemoryDiagnoser *


// ***** BenchmarkRunner: End *****
Run time: 00:02:01 (121.18 sec), executed benchmarks: 5

// Found 6 benchmarks:
//   ConflictResolutionBenchmarks.ResolveTransientConflictWithMerge: .NET 10.0(Runtime=.NET 10.0, Toolchain=net10.0)
//   ConflictResolutionBenchmarks.RejectFatalConflictImmediately: .NET 10.0(Runtime=.NET 10.0, Toolchain=net10.0)
//   ConflictResolutionBenchmarks.ResolveTransientConflictWithMerge: .NET 8.0(Runtime=.NET 8.0, Toolchain=net8.0)
//   ConflictResolutionBenchmarks.RejectFatalConflictImmediately: .NET 8.0(Runtime=.NET 8.0, Toolchain=net8.0)
//   ConflictResolutionBenchmarks.ResolveTransientConflictWithMerge: .NET 9.0(Runtime=.NET 9.0, Toolchain=net9.0)
//   ConflictResolutionBenchmarks.RejectFatalConflictImmediately: .NET 9.0(Runtime=.NET 9.0, Toolchain=net9.0)

// **************************
// Benchmark: ConflictResolutionBenchmarks.ResolveTransientConflictWithMerge: .NET 10.0(Runtime=.NET 10.0, Toolchain=net10.0)
// *** Execute ***
// Launch: 1 / 1
// Execute: dotnet "EricksonLopez.Concurrency.Benchmarks-.NET 10.0-1.dll" --anonymousPipes 125 126 --benchmarkName EricksonLopez.Concurrency.Benchmarks.ConflictResolutionBenchmarks.ResolveTransientConflictWithMerge --job ".NET 10.0" --benchmarkId 5 in /home/runner/work/dotnet-concurrency/dotnet-concurrency/benchmarks/EricksonLopez.Concurrency.Benchmarks/bin/Release/net10.0/EricksonLopez.Concurrency.Benchmarks-.NET 10.0-1/bin/Release/net10.0
// Failed to set up high priority (Permission denied). In order to run benchmarks with high priority, make sure you have the right permissions.
// BeforeAnythingElse

// Benchmark Process Environment Information:
// BenchmarkDotNet v0.15.8
// Runtime=.NET 10.0.12 (10.0.12, 10.0.1226.42308), X64 RyuJIT x86-64-v3
// GC=Concurrent Workstation
// HardwareIntrinsics=AVX2+BMI1+BMI2+F16C+FMA+LZCNT+MOVBE,AVX,SSE3+SSSE3+SSE4.1+SSE4.2+POPCNT,X86Base+SSE+SSE2,AES+PCLMUL VectorSize=256
// Job: .NET 10.0

OverheadJitting  1: 1 op, 217418.00 ns, 217.4180 us/op
WorkloadJitting  1: 1 op, 9351936.00 ns, 9.3519 ms/op

OverheadJitting  2: 16 op, 220624.00 ns, 13.7890 us/op
WorkloadJitting  2: 16 op, 306165.00 ns, 19.1353 us/op

WorkloadPilot    1: 16 op, 37571.00 ns, 2.3482 us/op
WorkloadPilot    2: 32 op, 48682.00 ns, 1.5213 us/op
WorkloadPilot    3: 64 op, 74550.00 ns, 1.1648 us/op
WorkloadPilot    4: 128 op, 134653.00 ns, 1.0520 us/op
WorkloadPilot    5: 256 op, 240441.00 ns, 939.2227 ns/op
WorkloadPilot    6: 512 op, 492565.00 ns, 962.0410 ns/op
WorkloadPilot    7: 1024 op, 956886.00 ns, 934.4590 ns/op
WorkloadPilot    8: 2048 op, 1761186.00 ns, 859.9541 ns/op
WorkloadPilot    9: 4096 op, 3626528.00 ns, 885.3828 ns/op
WorkloadPilot   10: 8192 op, 7320592.00 ns, 893.6270 ns/op
WorkloadPilot   11: 16384 op, 14793000.00 ns, 902.8931 ns/op
WorkloadPilot   12: 32768 op, 29156083.00 ns, 889.7730 ns/op
WorkloadPilot   13: 65536 op, 58237014.00 ns, 888.6263 ns/op
WorkloadPilot   14: 131072 op, 106868356.00 ns, 815.3409 ns/op
WorkloadPilot   15: 262144 op, 37319457.00 ns, 142.3624 ns/op
WorkloadPilot   16: 524288 op, 59948967.00 ns, 114.3436 ns/op
WorkloadPilot   17: 1048576 op, 120546101.00 ns, 114.9617 ns/op
WorkloadPilot   18: 2097152 op, 247628157.00 ns, 118.0783 ns/op
WorkloadPilot   19: 4194304 op, 479472374.00 ns, 114.3151 ns/op
WorkloadPilot   20: 8388608 op, 946638997.00 ns, 112.8482 ns/op

OverheadWarmup   1: 8388608 op, 21640604.00 ns, 2.5798 ns/op
OverheadWarmup   2: 8388608 op, 21646455.00 ns, 2.5805 ns/op
OverheadWarmup   3: 8388608 op, 21662154.00 ns, 2.5823 ns/op
OverheadWarmup   4: 8388608 op, 21736083.00 ns, 2.5911 ns/op
OverheadWarmup   5: 8388608 op, 21590019.00 ns, 2.5737 ns/op
OverheadWarmup   6: 8388608 op, 21571685.00 ns, 2.5715 ns/op
OverheadWarmup   7: 8388608 op, 21642979.00 ns, 2.5800 ns/op
OverheadWarmup   8: 8388608 op, 21562157.00 ns, 2.5704 ns/op

OverheadActual   1: 8388608 op, 21645924.00 ns, 2.5804 ns/op
OverheadActual   2: 8388608 op, 21666753.00 ns, 2.5829 ns/op
OverheadActual   3: 8388608 op, 21534846.00 ns, 2.5672 ns/op
OverheadActual   4: 8388608 op, 21628211.00 ns, 2.5783 ns/op
OverheadActual   5: 8388608 op, 21605909.00 ns, 2.5756 ns/op
OverheadActual   6: 8388608 op, 21563348.00 ns, 2.5706 ns/op
OverheadActual   7: 8388608 op, 21565233.00 ns, 2.5708 ns/op
OverheadActual   8: 8388608 op, 21585220.00 ns, 2.5732 ns/op
OverheadActual   9: 8388608 op, 21561766.00 ns, 2.5704 ns/op
OverheadActual  10: 8388608 op, 29088085.00 ns, 3.4676 ns/op
OverheadActual  11: 8388608 op, 16459799.00 ns, 1.9622 ns/op
OverheadActual  12: 8388608 op, 16340144.00 ns, 1.9479 ns/op
OverheadActual  13: 8388608 op, 17045698.00 ns, 2.0320 ns/op
OverheadActual  14: 8388608 op, 16305348.00 ns, 1.9437 ns/op
OverheadActual  15: 8388608 op, 16310167.00 ns, 1.9443 ns/op
OverheadActual  16: 8388608 op, 17809713.00 ns, 2.1231 ns/op
OverheadActual  17: 8388608 op, 18992092.00 ns, 2.2640 ns/op
OverheadActual  18: 8388608 op, 13803361.00 ns, 1.6455 ns/op
OverheadActual  19: 8388608 op, 13785910.00 ns, 1.6434 ns/op
OverheadActual  20: 8388608 op, 13730205.00 ns, 1.6368 ns/op

WorkloadWarmup   1: 8388608 op, 942076382.00 ns, 112.3043 ns/op
WorkloadWarmup   2: 8388608 op, 929534216.00 ns, 110.8091 ns/op
WorkloadWarmup   3: 8388608 op, 912764076.00 ns, 108.8100 ns/op
WorkloadWarmup   4: 8388608 op, 921106647.00 ns, 109.8045 ns/op
WorkloadWarmup   5: 8388608 op, 915091324.00 ns, 109.0874 ns/op
WorkloadWarmup   6: 8388608 op, 919823618.00 ns, 109.6515 ns/op
WorkloadWarmup   7: 8388608 op, 913312375.00 ns, 108.8753 ns/op

// BeforeActualRun
WorkloadActual   1: 8388608 op, 917569075.00 ns, 109.3828 ns/op
WorkloadActual   2: 8388608 op, 925547485.00 ns, 110.3339 ns/op
WorkloadActual   3: 8388608 op, 943138228.00 ns, 112.4308 ns/op
WorkloadActual   4: 8388608 op, 939673333.00 ns, 112.0178 ns/op
WorkloadActual   5: 8388608 op, 936879620.00 ns, 111.6848 ns/op
WorkloadActual   6: 8388608 op, 918672671.00 ns, 109.5143 ns/op
WorkloadActual   7: 8388608 op, 930637512.00 ns, 110.9406 ns/op
WorkloadActual   8: 8388608 op, 935758484.00 ns, 111.5511 ns/op
WorkloadActual   9: 8388608 op, 928338015.00 ns, 110.6665 ns/op
WorkloadActual  10: 8388608 op, 944429703.00 ns, 112.5848 ns/op
WorkloadActual  11: 8388608 op, 933879261.00 ns, 111.3271 ns/op
WorkloadActual  12: 8388608 op, 948320370.00 ns, 113.0486 ns/op
WorkloadActual  13: 8388608 op, 949454279.00 ns, 113.1838 ns/op
WorkloadActual  14: 8388608 op, 967955891.00 ns, 115.3893 ns/op
WorkloadActual  15: 8388608 op, 959746430.00 ns, 114.4107 ns/op

// AfterActualRun
WorkloadResult   1: 8388608 op, 897305606.00 ns, 106.9672 ns/op
WorkloadResult   2: 8388608 op, 905284016.00 ns, 107.9183 ns/op
WorkloadResult   3: 8388608 op, 922874759.00 ns, 110.0152 ns/op
WorkloadResult   4: 8388608 op, 919409864.00 ns, 109.6022 ns/op
WorkloadResult   5: 8388608 op, 916616151.00 ns, 109.2692 ns/op
WorkloadResult   6: 8388608 op, 898409202.00 ns, 107.0987 ns/op
WorkloadResult   7: 8388608 op, 910374043.00 ns, 108.5250 ns/op
WorkloadResult   8: 8388608 op, 915495015.00 ns, 109.1355 ns/op
WorkloadResult   9: 8388608 op, 908074546.00 ns, 108.2509 ns/op
WorkloadResult  10: 8388608 op, 924166234.00 ns, 110.1692 ns/op
WorkloadResult  11: 8388608 op, 913615792.00 ns, 108.9115 ns/op
WorkloadResult  12: 8388608 op, 928056901.00 ns, 110.6330 ns/op
WorkloadResult  13: 8388608 op, 929190810.00 ns, 110.7682 ns/op
WorkloadResult  14: 8388608 op, 947692422.00 ns, 112.9737 ns/op
WorkloadResult  15: 8388608 op, 939482961.00 ns, 111.9951 ns/op
// GC:  112 0 0 1879132296 8388608
// Threading:  0 0 8388608

// AfterAll
// Benchmark Process 5253 has exited with code 0.

Mean = 109.482 ns, StdErr = 0.434 ns (0.40%), N = 15, StdDev = 1.682 ns
Min = 106.967 ns, Q1 = 108.388 ns, Median = 109.269 ns, Q3 = 110.401 ns, Max = 112.974 ns
IQR = 2.013 ns, LowerFence = 105.368 ns, UpperFence = 113.421 ns
ConfidenceInterval = [107.684 ns; 111.281 ns] (CI 99.9%), Margin = 1.799 ns (1.64% of Mean)
Skewness = 0.37, Kurtosis = 2.29, MValue = 2

// ** Remained 38 (70.4 %) benchmark(s) to run. Estimated finish 2026-09-13 7:23 (0h 5m from now) **
// **************************
// Benchmark: ConflictResolutionBenchmarks.RejectFatalConflictImmediately: .NET 10.0(Runtime=.NET 10.0, Toolchain=net10.0)
// *** Execute ***
// Launch: 1 / 1
// Execute: dotnet "EricksonLopez.Concurrency.Benchmarks-.NET 10.0-1.dll" --anonymousPipes 125 126 --benchmarkName EricksonLopez.Concurrency.Benchmarks.ConflictResolutionBenchmarks.RejectFatalConflictImmediately --job ".NET 10.0" --benchmarkId 6 in /home/runner/work/dotnet-concurrency/dotnet-concurrency/benchmarks/EricksonLopez.Concurrency.Benchmarks/bin/Release/net10.0/EricksonLopez.Concurrency.Benchmarks-.NET 10.0-1/bin/Release/net10.0
// Failed to set up high priority (Permission denied). In order to run benchmarks with high priority, make sure you have the right permissions.
// BeforeAnythingElse

// Benchmark Process Environment Information:
// BenchmarkDotNet v0.15.8
// Runtime=.NET 10.0.12 (10.0.12, 10.0.1226.42308), X64 RyuJIT x86-64-v3
// GC=Concurrent Workstation
// HardwareIntrinsics=AVX2+BMI1+BMI2+F16C+FMA+LZCNT+MOVBE,AVX,SSE3+SSSE3+SSE4.1+SSE4.2+POPCNT,X86Base+SSE+SSE2,AES+PCLMUL VectorSize=256
// Job: .NET 10.0

OverheadJitting  1: 1 op, 219112.00 ns, 219.1120 us/op
WorkloadJitting  1: 1 op, 6265632.00 ns, 6.2656 ms/op

OverheadJitting  2: 16 op, 245441.00 ns, 15.3401 us/op
WorkloadJitting  2: 16 op, 326082.00 ns, 20.3801 us/op

WorkloadPilot    1: 16 op, 45125.00 ns, 2.8203 us/op
WorkloadPilot    2: 32 op, 78647.00 ns, 2.4577 us/op
WorkloadPilot    3: 64 op, 70132.00 ns, 1.0958 us/op
WorkloadPilot    4: 128 op, 123843.00 ns, 967.5234 ns/op
WorkloadPilot    5: 256 op, 211407.00 ns, 825.8086 ns/op
WorkloadPilot    6: 512 op, 454393.00 ns, 887.4863 ns/op
WorkloadPilot    7: 1024 op, 825870.00 ns, 806.5137 ns/op
WorkloadPilot    8: 2048 op, 1488645.00 ns, 726.8774 ns/op
WorkloadPilot    9: 4096 op, 3087837.00 ns, 753.8665 ns/op
WorkloadPilot   10: 8192 op, 6328440.00 ns, 772.5146 ns/op
WorkloadPilot   11: 16384 op, 12383006.00 ns, 755.7987 ns/op
WorkloadPilot   12: 32768 op, 24548723.00 ns, 749.1676 ns/op
WorkloadPilot   13: 65536 op, 49540856.00 ns, 755.9335 ns/op
WorkloadPilot   14: 131072 op, 90707929.00 ns, 692.0466 ns/op
WorkloadPilot   15: 262144 op, 41744314.00 ns, 159.2419 ns/op
WorkloadPilot   16: 524288 op, 59848098.00 ns, 114.1512 ns/op
WorkloadPilot   17: 1048576 op, 119506319.00 ns, 113.9701 ns/op
WorkloadPilot   18: 2097152 op, 244784403.00 ns, 116.7223 ns/op
WorkloadPilot   19: 4194304 op, 487270110.00 ns, 116.1742 ns/op
WorkloadPilot   20: 8388608 op, 965391564.00 ns, 115.0836 ns/op

OverheadWarmup   1: 8388608 op, 21606769.00 ns, 2.5757 ns/op
OverheadWarmup   2: 8388608 op, 21693703.00 ns, 2.5861 ns/op
OverheadWarmup   3: 8388608 op, 21607261.00 ns, 2.5758 ns/op
OverheadWarmup   4: 8388608 op, 21578046.00 ns, 2.5723 ns/op
OverheadWarmup   5: 8388608 op, 22412973.00 ns, 2.6718 ns/op
OverheadWarmup   6: 8388608 op, 21587354.00 ns, 2.5734 ns/op

OverheadActual   1: 8388608 op, 21769415.00 ns, 2.5951 ns/op
OverheadActual   2: 8388608 op, 21729951.00 ns, 2.5904 ns/op
OverheadActual   3: 8388608 op, 21673585.00 ns, 2.5837 ns/op
OverheadActual   4: 8388608 op, 21638900.00 ns, 2.5796 ns/op
OverheadActual   5: 8388608 op, 21576303.00 ns, 2.5721 ns/op
OverheadActual   6: 8388608 op, 21569180.00 ns, 2.5712 ns/op
OverheadActual   7: 8388608 op, 21601200.00 ns, 2.5751 ns/op
OverheadActual   8: 8388608 op, 21639451.00 ns, 2.5796 ns/op
OverheadActual   9: 8388608 op, 21607762.00 ns, 2.5758 ns/op
OverheadActual  10: 8388608 op, 21582243.00 ns, 2.5728 ns/op
OverheadActual  11: 8388608 op, 21579780.00 ns, 2.5725 ns/op
OverheadActual  12: 8388608 op, 24828024.00 ns, 2.9597 ns/op
OverheadActual  13: 8388608 op, 13987938.00 ns, 1.6675 ns/op
OverheadActual  14: 8388608 op, 14125186.00 ns, 1.6839 ns/op
OverheadActual  15: 8388608 op, 14237818.00 ns, 1.6973 ns/op
OverheadActual  16: 8388608 op, 14210425.00 ns, 1.6940 ns/op
OverheadActual  17: 8388608 op, 14171522.00 ns, 1.6894 ns/op
OverheadActual  18: 8388608 op, 14246894.00 ns, 1.6984 ns/op
OverheadActual  19: 8388608 op, 14257153.00 ns, 1.6996 ns/op
OverheadActual  20: 8388608 op, 14197872.00 ns, 1.6925 ns/op

WorkloadWarmup   1: 8388608 op, 967407779.00 ns, 115.3240 ns/op
WorkloadWarmup   2: 8388608 op, 960384936.00 ns, 114.4868 ns/op
WorkloadWarmup   3: 8388608 op, 971456213.00 ns, 115.8066 ns/op
WorkloadWarmup   4: 8388608 op, 946589680.00 ns, 112.8423 ns/op
WorkloadWarmup   5: 8388608 op, 934079206.00 ns, 111.3509 ns/op
WorkloadWarmup   6: 8388608 op, 954366538.00 ns, 113.7694 ns/op
WorkloadWarmup   7: 8388608 op, 945663160.00 ns, 112.7318 ns/op

// BeforeActualRun
WorkloadActual   1: 8388608 op, 935012098.00 ns, 111.4621 ns/op
WorkloadActual   2: 8388608 op, 941779343.00 ns, 112.2688 ns/op
WorkloadActual   3: 8388608 op, 966374090.00 ns, 115.2008 ns/op
WorkloadActual   4: 8388608 op, 959997036.00 ns, 114.4406 ns/op
WorkloadActual   5: 8388608 op, 969427083.00 ns, 115.5647 ns/op
WorkloadActual   6: 8388608 op, 998878519.00 ns, 119.0756 ns/op
WorkloadActual   7: 8388608 op, 992645175.00 ns, 118.3325 ns/op
WorkloadActual   8: 8388608 op, 980795708.00 ns, 116.9200 ns/op
WorkloadActual   9: 8388608 op, 990228040.00 ns, 118.0444 ns/op
WorkloadActual  10: 8388608 op, 1001904935.00 ns, 119.4364 ns/op
WorkloadActual  11: 8388608 op, 998264330.00 ns, 119.0024 ns/op
WorkloadActual  12: 8388608 op, 996420810.00 ns, 118.7826 ns/op
WorkloadActual  13: 8388608 op, 986339605.00 ns, 117.5808 ns/op
WorkloadActual  14: 8388608 op, 977493368.00 ns, 116.5263 ns/op
WorkloadActual  15: 8388608 op, 993449020.00 ns, 118.4284 ns/op
WorkloadActual  16: 8388608 op, 975745126.00 ns, 116.3179 ns/op
WorkloadActual  17: 8388608 op, 955993047.00 ns, 113.9633 ns/op
WorkloadActual  18: 8388608 op, 944557019.00 ns, 112.6000 ns/op
WorkloadActual  19: 8388608 op, 956641637.00 ns, 114.0406 ns/op

// AfterActualRun
WorkloadResult   1: 8388608 op, 913434056.50 ns, 108.8898 ns/op
WorkloadResult   2: 8388608 op, 920201301.50 ns, 109.6965 ns/op
WorkloadResult   3: 8388608 op, 944796048.50 ns, 112.6285 ns/op
WorkloadResult   4: 8388608 op, 938418994.50 ns, 111.8683 ns/op
WorkloadResult   5: 8388608 op, 947849041.50 ns, 112.9924 ns/op
WorkloadResult   6: 8388608 op, 977300477.50 ns, 116.5033 ns/op
WorkloadResult   7: 8388608 op, 971067133.50 ns, 115.7602 ns/op
WorkloadResult   8: 8388608 op, 959217666.50 ns, 114.3477 ns/op
WorkloadResult   9: 8388608 op, 968649998.50 ns, 115.4721 ns/op
WorkloadResult  10: 8388608 op, 980326893.50 ns, 116.8641 ns/op
WorkloadResult  11: 8388608 op, 976686288.50 ns, 116.4301 ns/op
WorkloadResult  12: 8388608 op, 974842768.50 ns, 116.2103 ns/op
WorkloadResult  13: 8388608 op, 964761563.50 ns, 115.0085 ns/op
WorkloadResult  14: 8388608 op, 955915326.50 ns, 113.9540 ns/op
WorkloadResult  15: 8388608 op, 971870978.50 ns, 115.8560 ns/op
WorkloadResult  16: 8388608 op, 954167084.50 ns, 113.7456 ns/op
WorkloadResult  17: 8388608 op, 934415005.50 ns, 111.3909 ns/op
WorkloadResult  18: 8388608 op, 922978977.50 ns, 110.0277 ns/op
WorkloadResult  19: 8388608 op, 935063595.50 ns, 111.4683 ns/op
// GC:  108 0 0 1812074520 8388608
// Threading:  0 0 8388608

// AfterAll
// Benchmark Process 5271 has exited with code 0.

Mean = 113.638 ns, StdErr = 0.577 ns (0.51%), N = 19, StdDev = 2.514 ns
Min = 108.890 ns, Q1 = 111.668 ns, Median = 113.954 ns, Q3 = 115.808 ns, Max = 116.864 ns
IQR = 4.140 ns, LowerFence = 105.458 ns, UpperFence = 122.018 ns
ConfidenceInterval = [111.376 ns; 115.899 ns] (CI 99.9%), Margin = 2.262 ns (1.99% of Mean)
Skewness = -0.39, Kurtosis = 1.74, MValue = 2

// ** Remained 37 (68.5 %) benchmark(s) to run. Estimated finish 2026-09-13 7:24 (0h 6m from now) **
// Build Error: Standard output: 
  
 Standard error: 
 /usr/share/dotnet/sdk/10.0.401/Microsoft.Common.CurrentVersion.targets(1891,5): error : Project '/home/runner/work/dotnet-concurrency/dotnet-concurrency/benchmarks/EricksonLopez.Concurrency.Benchmarks/EricksonLopez.Concurrency.Benchmarks.csproj' targets 'net10.0'. It cannot be referenced by a project that targets '.NETCoreApp,Version=v8.0'. [/home/runner/work/dotnet-concurrency/dotnet-concurrency/benchmarks/EricksonLopez.Concurrency.Benchmarks/bin/Release/net10.0/EricksonLopez.Concurrency.Benchmarks-.NET 8.0-2/BenchmarkDotNet.Autogenerated.csproj::TargetFramework=net8.0]
Build FAILED.
/usr/share/dotnet/sdk/10.0.401/Microsoft.Common.CurrentVersion.targets(1891,5): error : Project '/home/runner/work/dotnet-concurrency/dotnet-concurrency/benchmarks/EricksonLopez.Concurrency.Benchmarks/EricksonLopez.Concurrency.Benchmarks.csproj' targets 'net10.0'. It cannot be referenced by a project that targets '.NETCoreApp,Version=v8.0'. [/home/runner/work/dotnet-concurrency/dotnet-concurrency/benchmarks/EricksonLopez.Concurrency.Benchmarks/bin/Release/net10.0/EricksonLopez.Concurrency.Benchmarks-.NET 8.0-2/BenchmarkDotNet.Autogenerated.csproj::TargetFramework=net8.0]
    0 Warning(s)
    1 Error(s)
Time Elapsed 00:00:01.40

// BenchmarkDotNet has failed to build the auto-generated boilerplate code.
// It can be found in /home/runner/work/dotnet-concurrency/dotnet-concurrency/benchmarks/EricksonLopez.Concurrency.Benchmarks/bin/Release/net10.0/EricksonLopez.Concurrency.Benchmarks-.NET 8.0-2
// Please follow the troubleshooting guide: https://benchmarkdotnet.org/articles/guides/troubleshooting.html

// ** Remained 36 (66.7 %) benchmark(s) to run. Estimated finish 2026-09-13 7:24 (0h 5m from now) **
// Build Error: Standard output: 
  
 Standard error: 
 /usr/share/dotnet/sdk/10.0.401/Microsoft.Common.CurrentVersion.targets(1891,5): error : Project '/home/runner/work/dotnet-concurrency/dotnet-concurrency/benchmarks/EricksonLopez.Concurrency.Benchmarks/EricksonLopez.Concurrency.Benchmarks.csproj' targets 'net10.0'. It cannot be referenced by a project that targets '.NETCoreApp,Version=v8.0'. [/home/runner/work/dotnet-concurrency/dotnet-concurrency/benchmarks/EricksonLopez.Concurrency.Benchmarks/bin/Release/net10.0/EricksonLopez.Concurrency.Benchmarks-.NET 8.0-2/BenchmarkDotNet.Autogenerated.csproj::TargetFramework=net8.0]
Build FAILED.
/usr/share/dotnet/sdk/10.0.401/Microsoft.Common.CurrentVersion.targets(1891,5): error : Project '/home/runner/work/dotnet-concurrency/dotnet-concurrency/benchmarks/EricksonLopez.Concurrency.Benchmarks/EricksonLopez.Concurrency.Benchmarks.csproj' targets 'net10.0'. It cannot be referenced by a project that targets '.NETCoreApp,Version=v8.0'. [/home/runner/work/dotnet-concurrency/dotnet-concurrency/benchmarks/EricksonLopez.Concurrency.Benchmarks/bin/Release/net10.0/EricksonLopez.Concurrency.Benchmarks-.NET 8.0-2/BenchmarkDotNet.Autogenerated.csproj::TargetFramework=net8.0]
    0 Warning(s)
    1 Error(s)
Time Elapsed 00:00:01.40

// BenchmarkDotNet has failed to build the auto-generated boilerplate code.
// It can be found in /home/runner/work/dotnet-concurrency/dotnet-concurrency/benchmarks/EricksonLopez.Concurrency.Benchmarks/bin/Release/net10.0/EricksonLopez.Concurrency.Benchmarks-.NET 8.0-2
// Please follow the troubleshooting guide: https://benchmarkdotnet.org/articles/guides/troubleshooting.html

// ** Remained 35 (64.8 %) benchmark(s) to run. Estimated finish 2026-09-13 7:23 (0h 5m from now) **
// Build Error: Standard output: 
  
 Standard error: 
 /usr/share/dotnet/sdk/10.0.401/Microsoft.Common.CurrentVersion.targets(1891,5): error : Project '/home/runner/work/dotnet-concurrency/dotnet-concurrency/benchmarks/EricksonLopez.Concurrency.Benchmarks/EricksonLopez.Concurrency.Benchmarks.csproj' targets 'net10.0'. It cannot be referenced by a project that targets '.NETCoreApp,Version=v9.0'. [/home/runner/work/dotnet-concurrency/dotnet-concurrency/benchmarks/EricksonLopez.Concurrency.Benchmarks/bin/Release/net10.0/EricksonLopez.Concurrency.Benchmarks-.NET 9.0-3/BenchmarkDotNet.Autogenerated.csproj::TargetFramework=net9.0]
Build FAILED.
/usr/share/dotnet/sdk/10.0.401/Microsoft.Common.CurrentVersion.targets(1891,5): error : Project '/home/runner/work/dotnet-concurrency/dotnet-concurrency/benchmarks/EricksonLopez.Concurrency.Benchmarks/EricksonLopez.Concurrency.Benchmarks.csproj' targets 'net10.0'. It cannot be referenced by a project that targets '.NETCoreApp,Version=v9.0'. [/home/runner/work/dotnet-concurrency/dotnet-concurrency/benchmarks/EricksonLopez.Concurrency.Benchmarks/bin/Release/net10.0/EricksonLopez.Concurrency.Benchmarks-.NET 9.0-3/BenchmarkDotNet.Autogenerated.csproj::TargetFramework=net9.0]
    0 Warning(s)
    1 Error(s)
Time Elapsed 00:00:01.42

// BenchmarkDotNet has failed to build the auto-generated boilerplate code.
// It can be found in /home/runner/work/dotnet-concurrency/dotnet-concurrency/benchmarks/EricksonLopez.Concurrency.Benchmarks/bin/Release/net10.0/EricksonLopez.Concurrency.Benchmarks-.NET 9.0-3
// Please follow the troubleshooting guide: https://benchmarkdotnet.org/articles/guides/troubleshooting.html

// ** Remained 34 (63.0 %) benchmark(s) to run. Estimated finish 2026-09-13 7:23 (0h 4m from now) **
// Build Error: Standard output: 
  
 Standard error: 
 /usr/share/dotnet/sdk/10.0.401/Microsoft.Common.CurrentVersion.targets(1891,5): error : Project '/home/runner/work/dotnet-concurrency/dotnet-concurrency/benchmarks/EricksonLopez.Concurrency.Benchmarks/EricksonLopez.Concurrency.Benchmarks.csproj' targets 'net10.0'. It cannot be referenced by a project that targets '.NETCoreApp,Version=v9.0'. [/home/runner/work/dotnet-concurrency/dotnet-concurrency/benchmarks/EricksonLopez.Concurrency.Benchmarks/bin/Release/net10.0/EricksonLopez.Concurrency.Benchmarks-.NET 9.0-3/BenchmarkDotNet.Autogenerated.csproj::TargetFramework=net9.0]
Build FAILED.
/usr/share/dotnet/sdk/10.0.401/Microsoft.Common.CurrentVersion.targets(1891,5): error : Project '/home/runner/work/dotnet-concurrency/dotnet-concurrency/benchmarks/EricksonLopez.Concurrency.Benchmarks/EricksonLopez.Concurrency.Benchmarks.csproj' targets 'net10.0'. It cannot be referenced by a project that targets '.NETCoreApp,Version=v9.0'. [/home/runner/work/dotnet-concurrency/dotnet-concurrency/benchmarks/EricksonLopez.Concurrency.Benchmarks/bin/Release/net10.0/EricksonLopez.Concurrency.Benchmarks-.NET 9.0-3/BenchmarkDotNet.Autogenerated.csproj::TargetFramework=net9.0]
    0 Warning(s)
    1 Error(s)
Time Elapsed 00:00:01.42

// BenchmarkDotNet has failed to build the auto-generated boilerplate code.
// It can be found in /home/runner/work/dotnet-concurrency/dotnet-concurrency/benchmarks/EricksonLopez.Concurrency.Benchmarks/bin/Release/net10.0/EricksonLopez.Concurrency.Benchmarks-.NET 9.0-3
// Please follow the troubleshooting guide: https://benchmarkdotnet.org/articles/guides/troubleshooting.html

// ** Remained 33 (61.1 %) benchmark(s) to run. Estimated finish 2026-09-13 7:22 (0h 4m from now) **
// ***** BenchmarkRunner: Finish  *****

// * Export *
  benchmarks/results/results/EricksonLopez.Concurrency.Benchmarks.ConflictResolutionBenchmarks-report.csv
  benchmarks/results/results/EricksonLopez.Concurrency.Benchmarks.ConflictResolutionBenchmarks-report-github.md
  benchmarks/results/results/EricksonLopez.Concurrency.Benchmarks.ConflictResolutionBenchmarks-report.html
  benchmarks/results/results/EricksonLopez.Concurrency.Benchmarks.ConflictResolutionBenchmarks-report-full-compressed.json
  benchmarks/results/results/EricksonLopez.Concurrency.Benchmarks.ConflictResolutionBenchmarks-report-default.md

// * Detailed results *
ConflictResolutionBenchmarks.ResolveTransientConflictWithMerge: .NET 10.0(Runtime=.NET 10.0, Toolchain=net10.0)
Runtime = .NET 10.0.12 (10.0.12, 10.0.1226.42308), X64 RyuJIT x86-64-v3; GC = Concurrent Workstation
Mean = 109.482 ns, StdErr = 0.434 ns (0.40%), N = 15, StdDev = 1.682 ns
Min = 106.967 ns, Q1 = 108.388 ns, Median = 109.269 ns, Q3 = 110.401 ns, Max = 112.974 ns
IQR = 2.013 ns, LowerFence = 105.368 ns, UpperFence = 113.421 ns
ConfidenceInterval = [107.684 ns; 111.281 ns] (CI 99.9%), Margin = 1.799 ns (1.64% of Mean)
Skewness = 0.37, Kurtosis = 2.29, MValue = 2
-------------------- Histogram --------------------
[106.669 ns ; 108.852 ns) | @@@@@
[108.852 ns ; 113.609 ns) | @@@@@@@@@@
---------------------------------------------------

ConflictResolutionBenchmarks.RejectFatalConflictImmediately: .NET 10.0(Runtime=.NET 10.0, Toolchain=net10.0)
Runtime = .NET 10.0.12 (10.0.12, 10.0.1226.42308), X64 RyuJIT x86-64-v3; GC = Concurrent Workstation
Mean = 113.638 ns, StdErr = 0.577 ns (0.51%), N = 19, StdDev = 2.514 ns
Min = 108.890 ns, Q1 = 111.668 ns, Median = 113.954 ns, Q3 = 115.808 ns, Max = 116.864 ns
IQR = 4.140 ns, LowerFence = 105.458 ns, UpperFence = 122.018 ns
ConfidenceInterval = [111.376 ns; 115.899 ns] (CI 99.9%), Margin = 2.262 ns (1.99% of Mean)
Skewness = -0.39, Kurtosis = 1.74, MValue = 2
-------------------- Histogram --------------------
[108.222 ns ; 110.695 ns) | @@@
[110.695 ns ; 113.805 ns) | @@@@@@
[113.805 ns ; 117.173 ns) | @@@@@@@@@@
---------------------------------------------------

ConflictResolutionBenchmarks.ResolveTransientConflictWithMerge: .NET 8.0(Runtime=.NET 8.0, Toolchain=net8.0)
Runtime = ; GC = 
There are not any results runs

ConflictResolutionBenchmarks.RejectFatalConflictImmediately: .NET 8.0(Runtime=.NET 8.0, Toolchain=net8.0)
Runtime = ; GC = 
There are not any results runs

ConflictResolutionBenchmarks.ResolveTransientConflictWithMerge: .NET 9.0(Runtime=.NET 9.0, Toolchain=net9.0)
Runtime = ; GC = 
There are not any results runs

ConflictResolutionBenchmarks.RejectFatalConflictImmediately: .NET 9.0(Runtime=.NET 9.0, Toolchain=net9.0)
Runtime = ; GC = 
There are not any results runs

// * Summary *

BenchmarkDotNet v0.15.8, Linux Ubuntu 24.04.5 LTS (Noble Numbat)
AMD EPYC 7763 2.45GHz, 1 CPU, 4 logical and 2 physical cores
.NET SDK 10.0.401
  [Host]    : .NET 10.0.12 (10.0.12, 10.0.1226.42308), X64 RyuJIT x86-64-v3
  .NET 10.0 : .NET 10.0.12 (10.0.12, 10.0.1226.42308), X64 RyuJIT x86-64-v3


| Method                            | Job       | Runtime   | Mean     | Error   | StdDev  | Ratio | RatioSD | Gen0   | Allocated | Alloc Ratio |
|---------------------------------- |---------- |---------- |---------:|--------:|--------:|------:|--------:|-------:|----------:|------------:|
| ResolveTransientConflictWithMerge | .NET 10.0 | .NET 10.0 | 109.5 ns | 1.80 ns | 1.68 ns |     ? |       ? | 0.0134 |     224 B |           ? |
| RejectFatalConflictImmediately    | .NET 10.0 | .NET 10.0 | 113.6 ns | 2.26 ns | 2.51 ns |     ? |       ? | 0.0129 |     216 B |           ? |
| ResolveTransientConflictWithMerge | .NET 8.0  | .NET 8.0  |       NA |      NA |      NA |     ? |       ? |     NA |        NA |           ? |
| RejectFatalConflictImmediately    | .NET 8.0  | .NET 8.0  |       NA |      NA |      NA |     ? |       ? |     NA |        NA |           ? |
| ResolveTransientConflictWithMerge | .NET 9.0  | .NET 9.0  |       NA |      NA |      NA |     ? |       ? |     NA |        NA |           ? |
| RejectFatalConflictImmediately    | .NET 9.0  | .NET 9.0  |       NA |      NA |      NA |     ? |       ? |     NA |        NA |           ? |

Benchmarks with issues:
  ConflictResolutionBenchmarks.ResolveTransientConflictWithMerge: .NET 8.0(Runtime=.NET 8.0, Toolchain=net8.0)
  ConflictResolutionBenchmarks.RejectFatalConflictImmediately: .NET 8.0(Runtime=.NET 8.0, Toolchain=net8.0)
  ConflictResolutionBenchmarks.ResolveTransientConflictWithMerge: .NET 9.0(Runtime=.NET 9.0, Toolchain=net9.0)
  ConflictResolutionBenchmarks.RejectFatalConflictImmediately: .NET 9.0(Runtime=.NET 9.0, Toolchain=net9.0)

// * Warnings *
BaselineCustomAnalyzer
  Summary -> A question mark '?' symbol indicates that it was not possible to compute the (Ratio, RatioSD, Alloc Ratio) column(s) because the baseline or benchmark could not be found, or the baseline value is too close to zero.

// * Legends *
  Mean        : Arithmetic mean of all measurements
  Error       : Half of 99.9% confidence interval
  StdDev      : Standard deviation of all measurements
  Ratio       : Mean of the ratio distribution ([Current]/[Baseline])
  RatioSD     : Standard deviation of the ratio distribution ([Current]/[Baseline])
  Gen0        : GC Generation 0 collects per 1000 operations
  Allocated   : Allocated memory per single operation (managed only, inclusive, 1KB = 1024B)
  Alloc Ratio : Allocated memory ratio distribution ([Current]/[Baseline])
  1 ns        : 1 Nanosecond (0.000000001 sec)

// * Diagnostic Output - MemoryDiagnoser *


// ***** BenchmarkRunner: End *****
Run time: 00:00:53 (53.43 sec), executed benchmarks: 2

// Found 9 benchmarks:
//   OptimisticContentionBenchmarks.SingleWorkerUncontendedCas: .NET 10.0(Runtime=.NET 10.0, Toolchain=net10.0)
//   OptimisticContentionBenchmarks.ParallelContentionFourWorkers: .NET 10.0(Runtime=.NET 10.0, Toolchain=net10.0)
//   OptimisticContentionBenchmarks.VersionPreconditionMismatchEvaluation: .NET 10.0(Runtime=.NET 10.0, Toolchain=net10.0)
//   OptimisticContentionBenchmarks.SingleWorkerUncontendedCas: .NET 8.0(Runtime=.NET 8.0, Toolchain=net8.0)
//   OptimisticContentionBenchmarks.ParallelContentionFourWorkers: .NET 8.0(Runtime=.NET 8.0, Toolchain=net8.0)
//   OptimisticContentionBenchmarks.VersionPreconditionMismatchEvaluation: .NET 8.0(Runtime=.NET 8.0, Toolchain=net8.0)
//   OptimisticContentionBenchmarks.SingleWorkerUncontendedCas: .NET 9.0(Runtime=.NET 9.0, Toolchain=net9.0)
//   OptimisticContentionBenchmarks.ParallelContentionFourWorkers: .NET 9.0(Runtime=.NET 9.0, Toolchain=net9.0)
//   OptimisticContentionBenchmarks.VersionPreconditionMismatchEvaluation: .NET 9.0(Runtime=.NET 9.0, Toolchain=net9.0)

// **************************
// Benchmark: OptimisticContentionBenchmarks.SingleWorkerUncontendedCas: .NET 10.0(Runtime=.NET 10.0, Toolchain=net10.0)
// *** Execute ***
// Launch: 1 / 1
// Execute: dotnet "EricksonLopez.Concurrency.Benchmarks-.NET 10.0-1.dll" --anonymousPipes 125 126 --benchmarkName EricksonLopez.Concurrency.Benchmarks.OptimisticContentionBenchmarks.SingleWorkerUncontendedCas --job ".NET 10.0" --benchmarkId 7 in /home/runner/work/dotnet-concurrency/dotnet-concurrency/benchmarks/EricksonLopez.Concurrency.Benchmarks/bin/Release/net10.0/EricksonLopez.Concurrency.Benchmarks-.NET 10.0-1/bin/Release/net10.0
// Failed to set up high priority (Permission denied). In order to run benchmarks with high priority, make sure you have the right permissions.
// BeforeAnythingElse

// Benchmark Process Environment Information:
// BenchmarkDotNet v0.15.8
// Runtime=.NET 10.0.12 (10.0.12, 10.0.1226.42308), X64 RyuJIT x86-64-v3
// GC=Concurrent Workstation
// HardwareIntrinsics=AVX2+BMI1+BMI2+F16C+FMA+LZCNT+MOVBE,AVX,SSE3+SSSE3+SSE4.1+SSE4.2+POPCNT,X86Base+SSE+SSE2,AES+PCLMUL VectorSize=256
// Job: .NET 10.0

OverheadJitting  1: 1 op, 246693.00 ns, 246.6930 us/op
WorkloadJitting  1: 1 op, 10026052.00 ns, 10.0261 ms/op

OverheadJitting  2: 16 op, 219793.00 ns, 13.7371 us/op
WorkloadJitting  2: 16 op, 295515.00 ns, 18.4697 us/op

WorkloadPilot    1: 16 op, 24286.00 ns, 1.5179 us/op
WorkloadPilot    2: 32 op, 38383.00 ns, 1.1995 us/op
WorkloadPilot    3: 64 op, 64441.00 ns, 1.0069 us/op
WorkloadPilot    4: 128 op, 126577.00 ns, 988.8828 ns/op
WorkloadPilot    5: 256 op, 242616.00 ns, 947.7188 ns/op
WorkloadPilot    6: 512 op, 492916.00 ns, 962.7266 ns/op
WorkloadPilot    7: 1024 op, 944964.00 ns, 922.8164 ns/op
WorkloadPilot    8: 2048 op, 1887212.00 ns, 921.4902 ns/op
WorkloadPilot    9: 4096 op, 3732366.00 ns, 911.2222 ns/op
WorkloadPilot   10: 8192 op, 7271581.00 ns, 887.6442 ns/op
WorkloadPilot   11: 16384 op, 14615548.00 ns, 892.0623 ns/op
WorkloadPilot   12: 32768 op, 32150248.00 ns, 981.1477 ns/op
WorkloadPilot   13: 65536 op, 58528073.00 ns, 893.0675 ns/op
WorkloadPilot   14: 131072 op, 98842493.00 ns, 754.1084 ns/op
WorkloadPilot   15: 262144 op, 59311804.00 ns, 226.2566 ns/op
WorkloadPilot   16: 524288 op, 110848423.00 ns, 211.4266 ns/op
WorkloadPilot   17: 1048576 op, 212903463.00 ns, 203.0406 ns/op
WorkloadPilot   18: 2097152 op, 423218782.00 ns, 201.8064 ns/op
WorkloadPilot   19: 4194304 op, 846385286.00 ns, 201.7940 ns/op

OverheadWarmup   1: 4194304 op, 12156721.00 ns, 2.8984 ns/op
OverheadWarmup   2: 4194304 op, 12128778.00 ns, 2.8917 ns/op
OverheadWarmup   3: 4194304 op, 12103421.00 ns, 2.8857 ns/op
OverheadWarmup   4: 4194304 op, 12120524.00 ns, 2.8898 ns/op
OverheadWarmup   5: 4194304 op, 12165468.00 ns, 2.9005 ns/op
OverheadWarmup   6: 4194304 op, 12089426.00 ns, 2.8823 ns/op
OverheadWarmup   7: 4194304 op, 12095196.00 ns, 2.8837 ns/op
OverheadWarmup   8: 4194304 op, 12095586.00 ns, 2.8838 ns/op
OverheadWarmup   9: 4194304 op, 12150359.00 ns, 2.8969 ns/op
OverheadWarmup  10: 4194304 op, 12115764.00 ns, 2.8886 ns/op

OverheadActual   1: 4194304 op, 12153576.00 ns, 2.8976 ns/op
OverheadActual   2: 4194304 op, 12187358.00 ns, 2.9057 ns/op
OverheadActual   3: 4194304 op, 12132656.00 ns, 2.8927 ns/op
OverheadActual   4: 4194304 op, 12187649.00 ns, 2.9058 ns/op
OverheadActual   5: 4194304 op, 12099253.00 ns, 2.8847 ns/op
OverheadActual   6: 4194304 op, 12086960.00 ns, 2.8818 ns/op
OverheadActual   7: 4194304 op, 12089595.00 ns, 2.8824 ns/op
OverheadActual   8: 4194304 op, 12092291.00 ns, 2.8830 ns/op
OverheadActual   9: 4194304 op, 12088724.00 ns, 2.8822 ns/op
OverheadActual  10: 4194304 op, 12089375.00 ns, 2.8823 ns/op
OverheadActual  11: 4194304 op, 12088714.00 ns, 2.8822 ns/op
OverheadActual  12: 4194304 op, 12116346.00 ns, 2.8888 ns/op
OverheadActual  13: 4194304 op, 12146072.00 ns, 2.8958 ns/op
OverheadActual  14: 4194304 op, 6967289.00 ns, 1.6611 ns/op
OverheadActual  15: 4194304 op, 6892539.00 ns, 1.6433 ns/op
OverheadActual  16: 4194304 op, 6895825.00 ns, 1.6441 ns/op
OverheadActual  17: 4194304 op, 6867883.00 ns, 1.6374 ns/op
OverheadActual  18: 4194304 op, 6843848.00 ns, 1.6317 ns/op
OverheadActual  19: 4194304 op, 6863985.00 ns, 1.6365 ns/op
OverheadActual  20: 4194304 op, 6858765.00 ns, 1.6353 ns/op

WorkloadWarmup   1: 4194304 op, 853935961.00 ns, 203.5942 ns/op
WorkloadWarmup   2: 4194304 op, 853840271.00 ns, 203.5714 ns/op
WorkloadWarmup   3: 4194304 op, 846350902.00 ns, 201.7858 ns/op
WorkloadWarmup   4: 4194304 op, 843548379.00 ns, 201.1176 ns/op
WorkloadWarmup   5: 4194304 op, 843735667.00 ns, 201.1623 ns/op
WorkloadWarmup   6: 4194304 op, 844979442.00 ns, 201.4588 ns/op
WorkloadWarmup   7: 4194304 op, 845117400.00 ns, 201.4917 ns/op
WorkloadWarmup   8: 4194304 op, 845793530.00 ns, 201.6529 ns/op
WorkloadWarmup   9: 4194304 op, 845640203.00 ns, 201.6163 ns/op
WorkloadWarmup  10: 4194304 op, 844785227.00 ns, 201.4125 ns/op
WorkloadWarmup  11: 4194304 op, 845437090.00 ns, 201.5679 ns/op
WorkloadWarmup  12: 4194304 op, 844740122.00 ns, 201.4017 ns/op

// BeforeActualRun
WorkloadActual   1: 4194304 op, 847187836.00 ns, 201.9853 ns/op
WorkloadActual   2: 4194304 op, 844371995.00 ns, 201.3140 ns/op
WorkloadActual   3: 4194304 op, 844544709.00 ns, 201.3551 ns/op
WorkloadActual   4: 4194304 op, 844748562.00 ns, 201.4038 ns/op
WorkloadActual   5: 4194304 op, 845745262.00 ns, 201.6414 ns/op
WorkloadActual   6: 4194304 op, 845224255.00 ns, 201.5172 ns/op
WorkloadActual   7: 4194304 op, 845887350.00 ns, 201.6753 ns/op
WorkloadActual   8: 4194304 op, 846328097.00 ns, 201.7803 ns/op
WorkloadActual   9: 4194304 op, 850967992.00 ns, 202.8866 ns/op
WorkloadActual  10: 4194304 op, 846428946.00 ns, 201.8044 ns/op
WorkloadActual  11: 4194304 op, 846119292.00 ns, 201.7306 ns/op
WorkloadActual  12: 4194304 op, 845427632.00 ns, 201.5657 ns/op
WorkloadActual  13: 4194304 op, 844837495.00 ns, 201.4250 ns/op
WorkloadActual  14: 4194304 op, 847377644.00 ns, 202.0306 ns/op
WorkloadActual  15: 4194304 op, 846088544.00 ns, 201.7232 ns/op

// AfterActualRun
WorkloadResult   1: 4194304 op, 835098786.50 ns, 199.1031 ns/op
WorkloadResult   2: 4194304 op, 832282945.50 ns, 198.4317 ns/op
WorkloadResult   3: 4194304 op, 832455659.50 ns, 198.4729 ns/op
WorkloadResult   4: 4194304 op, 832659512.50 ns, 198.5215 ns/op
WorkloadResult   5: 4194304 op, 833656212.50 ns, 198.7591 ns/op
WorkloadResult   6: 4194304 op, 833135205.50 ns, 198.6349 ns/op
WorkloadResult   7: 4194304 op, 833798300.50 ns, 198.7930 ns/op
WorkloadResult   8: 4194304 op, 834239047.50 ns, 198.8981 ns/op
WorkloadResult   9: 4194304 op, 834339896.50 ns, 198.9221 ns/op
WorkloadResult  10: 4194304 op, 834030242.50 ns, 198.8483 ns/op
WorkloadResult  11: 4194304 op, 833338582.50 ns, 198.6834 ns/op
WorkloadResult  12: 4194304 op, 832748445.50 ns, 198.5427 ns/op
WorkloadResult  13: 4194304 op, 835288594.50 ns, 199.1483 ns/op
WorkloadResult  14: 4194304 op, 833999494.50 ns, 198.8410 ns/op
// GC:  12 0 0 201329536 4194304
// Threading:  0 0 4194304

// AfterAll
// Benchmark Process 5320 has exited with code 0.

Mean = 198.757 ns, StdErr = 0.060 ns (0.03%), N = 14, StdDev = 0.223 ns
Min = 198.432 ns, Q1 = 198.566 ns, Median = 198.776 ns, Q3 = 198.886 ns, Max = 199.148 ns
IQR = 0.320 ns, LowerFence = 198.086 ns, UpperFence = 199.365 ns
ConfidenceInterval = [198.506 ns; 199.008 ns] (CI 99.9%), Margin = 0.251 ns (0.13% of Mean)
Skewness = 0.18, Kurtosis = 1.8, MValue = 2

// ** Remained 32 (59.3 %) benchmark(s) to run. Estimated finish 2026-09-13 7:23 (0h 4m from now) **
// **************************
// Benchmark: OptimisticContentionBenchmarks.ParallelContentionFourWorkers: .NET 10.0(Runtime=.NET 10.0, Toolchain=net10.0)
// *** Execute ***
// Launch: 1 / 1
// Execute: dotnet "EricksonLopez.Concurrency.Benchmarks-.NET 10.0-1.dll" --anonymousPipes 125 126 --benchmarkName EricksonLopez.Concurrency.Benchmarks.OptimisticContentionBenchmarks.ParallelContentionFourWorkers --job ".NET 10.0" --benchmarkId 8 in /home/runner/work/dotnet-concurrency/dotnet-concurrency/benchmarks/EricksonLopez.Concurrency.Benchmarks/bin/Release/net10.0/EricksonLopez.Concurrency.Benchmarks-.NET 10.0-1/bin/Release/net10.0
// Failed to set up high priority (Permission denied). In order to run benchmarks with high priority, make sure you have the right permissions.
// BeforeAnythingElse

// Benchmark Process Environment Information:
// BenchmarkDotNet v0.15.8
// Runtime=.NET 10.0.12 (10.0.12, 10.0.1226.42308), X64 RyuJIT x86-64-v3
// GC=Concurrent Workstation
// HardwareIntrinsics=AVX2+BMI1+BMI2+F16C+FMA+LZCNT+MOVBE,AVX,SSE3+SSSE3+SSE4.1+SSE4.2+POPCNT,X86Base+SSE+SSE2,AES+PCLMUL VectorSize=256
// Job: .NET 10.0

OverheadJitting  1: 1 op, 235422.00 ns, 235.4220 us/op
WorkloadJitting  1: 1 op, 15354524.00 ns, 15.3545 ms/op

OverheadJitting  2: 16 op, 343104.00 ns, 21.4440 us/op
WorkloadJitting  2: 16 op, 927130.00 ns, 57.9456 us/op

WorkloadPilot    1: 16 op, 195631.00 ns, 12.2269 us/op
WorkloadPilot    2: 32 op, 355878.00 ns, 11.1212 us/op
WorkloadPilot    3: 64 op, 431249.00 ns, 6.7383 us/op
WorkloadPilot    4: 128 op, 864092.00 ns, 6.7507 us/op
WorkloadPilot    5: 256 op, 1362067.00 ns, 5.3206 us/op
WorkloadPilot    6: 512 op, 2723853.00 ns, 5.3200 us/op
WorkloadPilot    7: 1024 op, 5530151.00 ns, 5.4005 us/op
WorkloadPilot    8: 2048 op, 11287409.00 ns, 5.5114 us/op
WorkloadPilot    9: 4096 op, 22292889.00 ns, 5.4426 us/op
WorkloadPilot   10: 8192 op, 44870773.00 ns, 5.4774 us/op
WorkloadPilot   11: 16384 op, 91950953.00 ns, 5.6122 us/op
WorkloadPilot   12: 32768 op, 305004203.00 ns, 9.3080 us/op
WorkloadPilot   13: 65536 op, 233727599.00 ns, 3.5664 us/op
WorkloadPilot   14: 131072 op, 557561131.00 ns, 4.2539 us/op

OverheadWarmup   1: 131072 op, 300354.00 ns, 2.2915 ns/op
OverheadWarmup   2: 131072 op, 299613.00 ns, 2.2859 ns/op
OverheadWarmup   3: 131072 op, 299873.00 ns, 2.2878 ns/op
OverheadWarmup   4: 131072 op, 300053.00 ns, 2.2892 ns/op
OverheadWarmup   5: 131072 op, 332484.00 ns, 2.5367 ns/op
OverheadWarmup   6: 131072 op, 362169.00 ns, 2.7631 ns/op
OverheadWarmup   7: 131072 op, 359255.00 ns, 2.7409 ns/op
OverheadWarmup   8: 131072 op, 318268.00 ns, 2.4282 ns/op
OverheadWarmup   9: 131072 op, 358483.00 ns, 2.7350 ns/op
OverheadWarmup  10: 131072 op, 358424.00 ns, 2.7346 ns/op

OverheadActual   1: 131072 op, 299252.00 ns, 2.2831 ns/op
OverheadActual   2: 131072 op, 329699.00 ns, 2.5154 ns/op
OverheadActual   3: 131072 op, 330209.00 ns, 2.5193 ns/op
OverheadActual   4: 131072 op, 319320.00 ns, 2.4362 ns/op
OverheadActual   5: 131072 op, 331963.00 ns, 2.5327 ns/op
OverheadActual   6: 131072 op, 321974.00 ns, 2.4565 ns/op
OverheadActual   7: 131072 op, 318017.00 ns, 2.4263 ns/op
OverheadActual   8: 131072 op, 317706.00 ns, 2.4239 ns/op
OverheadActual   9: 131072 op, 317937.00 ns, 2.4257 ns/op
OverheadActual  10: 131072 op, 317696.00 ns, 2.4238 ns/op
OverheadActual  11: 131072 op, 317837.00 ns, 2.4249 ns/op
OverheadActual  12: 131072 op, 335079.00 ns, 2.5564 ns/op
OverheadActual  13: 131072 op, 334668.00 ns, 2.5533 ns/op
OverheadActual  14: 131072 op, 331061.00 ns, 2.5258 ns/op
OverheadActual  15: 131072 op, 321353.00 ns, 2.4517 ns/op

WorkloadWarmup   1: 131072 op, 433035533.00 ns, 3.3038 us/op
WorkloadWarmup   2: 131072 op, 454469289.00 ns, 3.4673 us/op
WorkloadWarmup   3: 131072 op, 390878350.00 ns, 2.9822 us/op
WorkloadWarmup   4: 131072 op, 454380580.00 ns, 3.4666 us/op
WorkloadWarmup   5: 131072 op, 352854536.00 ns, 2.6921 us/op
WorkloadWarmup   6: 131072 op, 350503313.00 ns, 2.6741 us/op

// BeforeActualRun
WorkloadActual   1: 131072 op, 329540973.00 ns, 2.5142 us/op
WorkloadActual   2: 131072 op, 341035911.00 ns, 2.6019 us/op
WorkloadActual   3: 131072 op, 386705711.00 ns, 2.9503 us/op
WorkloadActual   4: 131072 op, 343577673.00 ns, 2.6213 us/op
WorkloadActual   5: 131072 op, 335655458.00 ns, 2.5608 us/op
WorkloadActual   6: 131072 op, 341955767.00 ns, 2.6089 us/op
WorkloadActual   7: 131072 op, 358279570.00 ns, 2.7335 us/op
WorkloadActual   8: 131072 op, 346227906.00 ns, 2.6415 us/op
WorkloadActual   9: 131072 op, 375254402.00 ns, 2.8630 us/op
WorkloadActual  10: 131072 op, 383019438.00 ns, 2.9222 us/op
WorkloadActual  11: 131072 op, 465438730.00 ns, 3.5510 us/op
WorkloadActual  12: 131072 op, 337777424.00 ns, 2.5770 us/op
WorkloadActual  13: 131072 op, 340373588.00 ns, 2.5968 us/op
WorkloadActual  14: 131072 op, 348984323.00 ns, 2.6625 us/op
WorkloadActual  15: 131072 op, 400642472.00 ns, 3.0567 us/op
WorkloadActual  16: 131072 op, 421946522.00 ns, 3.2192 us/op
WorkloadActual  17: 131072 op, 438124890.00 ns, 3.3426 us/op
WorkloadActual  18: 131072 op, 469976256.00 ns, 3.5856 us/op
WorkloadActual  19: 131072 op, 324621978.00 ns, 2.4767 us/op
WorkloadActual  20: 131072 op, 342679433.00 ns, 2.6144 us/op
WorkloadActual  21: 131072 op, 345148484.00 ns, 2.6333 us/op
WorkloadActual  22: 131072 op, 353330353.00 ns, 2.6957 us/op
WorkloadActual  23: 131072 op, 358495523.00 ns, 2.7351 us/op
WorkloadActual  24: 131072 op, 338825695.00 ns, 2.5850 us/op
WorkloadActual  25: 131072 op, 423447099.00 ns, 3.2306 us/op
WorkloadActual  26: 131072 op, 368285057.00 ns, 2.8098 us/op
WorkloadActual  27: 131072 op, 346668297.00 ns, 2.6449 us/op
WorkloadActual  28: 131072 op, 348799989.00 ns, 2.6611 us/op
WorkloadActual  29: 131072 op, 345838048.00 ns, 2.6385 us/op
WorkloadActual  30: 131072 op, 343632369.00 ns, 2.6217 us/op
WorkloadActual  31: 131072 op, 337042267.00 ns, 2.5714 us/op
WorkloadActual  32: 131072 op, 336736379.00 ns, 2.5691 us/op
WorkloadActual  33: 131072 op, 329903109.00 ns, 2.5170 us/op
WorkloadActual  34: 131072 op, 381740176.00 ns, 2.9124 us/op
WorkloadActual  35: 131072 op, 332214294.00 ns, 2.5346 us/op
WorkloadActual  36: 131072 op, 390653007.00 ns, 2.9804 us/op
WorkloadActual  37: 131072 op, 386505250.00 ns, 2.9488 us/op
WorkloadActual  38: 131072 op, 436947594.00 ns, 3.3336 us/op
WorkloadActual  39: 131072 op, 343775888.00 ns, 2.6228 us/op
WorkloadActual  40: 131072 op, 339498877.00 ns, 2.5902 us/op
WorkloadActual  41: 131072 op, 333866635.00 ns, 2.5472 us/op
WorkloadActual  42: 131072 op, 339523957.00 ns, 2.5904 us/op
WorkloadActual  43: 131072 op, 341837660.00 ns, 2.6080 us/op
WorkloadActual  44: 131072 op, 415835311.00 ns, 3.1726 us/op
WorkloadActual  45: 131072 op, 390536069.00 ns, 2.9796 us/op
WorkloadActual  46: 131072 op, 406641993.00 ns, 3.1024 us/op
WorkloadActual  47: 131072 op, 337908070.00 ns, 2.5780 us/op
WorkloadActual  48: 131072 op, 353435644.00 ns, 2.6965 us/op
WorkloadActual  49: 131072 op, 345068601.00 ns, 2.6327 us/op
WorkloadActual  50: 131072 op, 343718691.00 ns, 2.6224 us/op
WorkloadActual  51: 131072 op, 345584446.00 ns, 2.6366 us/op
WorkloadActual  52: 131072 op, 363698560.00 ns, 2.7748 us/op
WorkloadActual  53: 131072 op, 343466707.00 ns, 2.6204 us/op
WorkloadActual  54: 131072 op, 353034579.00 ns, 2.6934 us/op
WorkloadActual  55: 131072 op, 339355290.00 ns, 2.5891 us/op
WorkloadActual  56: 131072 op, 346834240.00 ns, 2.6461 us/op
WorkloadActual  57: 131072 op, 337598425.00 ns, 2.5757 us/op
WorkloadActual  58: 131072 op, 334196826.00 ns, 2.5497 us/op
WorkloadActual  59: 131072 op, 335485716.00 ns, 2.5596 us/op
WorkloadActual  60: 131072 op, 372916232.00 ns, 2.8451 us/op
WorkloadActual  61: 131072 op, 433154811.00 ns, 3.3047 us/op
WorkloadActual  62: 131072 op, 337511813.00 ns, 2.5750 us/op
WorkloadActual  63: 131072 op, 369836300.00 ns, 2.8216 us/op
WorkloadActual  64: 131072 op, 342657068.00 ns, 2.6143 us/op
WorkloadActual  65: 131072 op, 355093806.00 ns, 2.7092 us/op
WorkloadActual  66: 131072 op, 334894855.00 ns, 2.5550 us/op
WorkloadActual  67: 131072 op, 395806734.00 ns, 3.0198 us/op
WorkloadActual  68: 131072 op, 405208433.00 ns, 3.0915 us/op
WorkloadActual  69: 131072 op, 334566301.00 ns, 2.5525 us/op
WorkloadActual  70: 131072 op, 326443613.00 ns, 2.4906 us/op
WorkloadActual  71: 131072 op, 359968727.00 ns, 2.7463 us/op
WorkloadActual  72: 131072 op, 344555593.00 ns, 2.6288 us/op
WorkloadActual  73: 131072 op, 345871363.00 ns, 2.6388 us/op
WorkloadActual  74: 131072 op, 366010169.00 ns, 2.7924 us/op
WorkloadActual  75: 131072 op, 348111268.00 ns, 2.6559 us/op
WorkloadActual  76: 131072 op, 336597013.00 ns, 2.5680 us/op
WorkloadActual  77: 131072 op, 343161276.00 ns, 2.6181 us/op
WorkloadActual  78: 131072 op, 344296827.00 ns, 2.6268 us/op
WorkloadActual  79: 131072 op, 466584310.00 ns, 3.5598 us/op
WorkloadActual  80: 131072 op, 334758211.00 ns, 2.5540 us/op
WorkloadActual  81: 131072 op, 346267717.00 ns, 2.6418 us/op
WorkloadActual  82: 131072 op, 355207029.00 ns, 2.7100 us/op
WorkloadActual  83: 131072 op, 363798797.00 ns, 2.7756 us/op
WorkloadActual  84: 131072 op, 393321728.00 ns, 3.0008 us/op
WorkloadActual  85: 131072 op, 341272887.00 ns, 2.6037 us/op
WorkloadActual  86: 131072 op, 348848553.00 ns, 2.6615 us/op
WorkloadActual  87: 131072 op, 359803519.00 ns, 2.7451 us/op
WorkloadActual  88: 131072 op, 327200496.00 ns, 2.4963 us/op
WorkloadActual  89: 131072 op, 332945267.00 ns, 2.5402 us/op
WorkloadActual  90: 131072 op, 338256636.00 ns, 2.5807 us/op
WorkloadActual  91: 131072 op, 420686094.00 ns, 3.2096 us/op
WorkloadActual  92: 131072 op, 337930013.00 ns, 2.5782 us/op
WorkloadActual  93: 131072 op, 365797969.00 ns, 2.7908 us/op
WorkloadActual  94: 131072 op, 353463474.00 ns, 2.6967 us/op
WorkloadActual  95: 131072 op, 355484501.00 ns, 2.7121 us/op
WorkloadActual  96: 131072 op, 415726343.00 ns, 3.1717 us/op
WorkloadActual  97: 131072 op, 407002004.00 ns, 3.1052 us/op
WorkloadActual  98: 131072 op, 365240634.00 ns, 2.7866 us/op
WorkloadActual  99: 131072 op, 339942681.00 ns, 2.5936 us/op
WorkloadActual  100: 131072 op, 328683794.00 ns, 2.5077 us/op

// AfterActualRun
WorkloadResult   1: 131072 op, 329219620.00 ns, 2.5117 us/op
WorkloadResult   2: 131072 op, 340714558.00 ns, 2.5994 us/op
WorkloadResult   3: 131072 op, 386384358.00 ns, 2.9479 us/op
WorkloadResult   4: 131072 op, 343256320.00 ns, 2.6188 us/op
WorkloadResult   5: 131072 op, 335334105.00 ns, 2.5584 us/op
WorkloadResult   6: 131072 op, 341634414.00 ns, 2.6065 us/op
WorkloadResult   7: 131072 op, 357958217.00 ns, 2.7310 us/op
WorkloadResult   8: 131072 op, 345906553.00 ns, 2.6391 us/op
WorkloadResult   9: 131072 op, 374933049.00 ns, 2.8605 us/op
WorkloadResult  10: 131072 op, 382698085.00 ns, 2.9198 us/op
WorkloadResult  11: 131072 op, 337456071.00 ns, 2.5746 us/op
WorkloadResult  12: 131072 op, 340052235.00 ns, 2.5944 us/op
WorkloadResult  13: 131072 op, 348662970.00 ns, 2.6601 us/op
WorkloadResult  14: 131072 op, 400321119.00 ns, 3.0542 us/op
WorkloadResult  15: 131072 op, 324300625.00 ns, 2.4742 us/op
WorkloadResult  16: 131072 op, 342358080.00 ns, 2.6120 us/op
WorkloadResult  17: 131072 op, 344827131.00 ns, 2.6308 us/op
WorkloadResult  18: 131072 op, 353009000.00 ns, 2.6932 us/op
WorkloadResult  19: 131072 op, 358174170.00 ns, 2.7327 us/op
WorkloadResult  20: 131072 op, 338504342.00 ns, 2.5826 us/op
WorkloadResult  21: 131072 op, 367963704.00 ns, 2.8073 us/op
WorkloadResult  22: 131072 op, 346346944.00 ns, 2.6424 us/op
WorkloadResult  23: 131072 op, 348478636.00 ns, 2.6587 us/op
WorkloadResult  24: 131072 op, 345516695.00 ns, 2.6361 us/op
WorkloadResult  25: 131072 op, 343311016.00 ns, 2.6193 us/op
WorkloadResult  26: 131072 op, 336720914.00 ns, 2.5690 us/op
WorkloadResult  27: 131072 op, 336415026.00 ns, 2.5666 us/op
WorkloadResult  28: 131072 op, 329581756.00 ns, 2.5145 us/op
WorkloadResult  29: 131072 op, 381418823.00 ns, 2.9100 us/op
WorkloadResult  30: 131072 op, 331892941.00 ns, 2.5321 us/op
WorkloadResult  31: 131072 op, 390331654.00 ns, 2.9780 us/op
WorkloadResult  32: 131072 op, 386183897.00 ns, 2.9463 us/op
WorkloadResult  33: 131072 op, 343454535.00 ns, 2.6204 us/op
WorkloadResult  34: 131072 op, 339177524.00 ns, 2.5877 us/op
WorkloadResult  35: 131072 op, 333545282.00 ns, 2.5447 us/op
WorkloadResult  36: 131072 op, 339202604.00 ns, 2.5879 us/op
WorkloadResult  37: 131072 op, 341516307.00 ns, 2.6056 us/op
WorkloadResult  38: 131072 op, 415513958.00 ns, 3.1701 us/op
WorkloadResult  39: 131072 op, 390214716.00 ns, 2.9771 us/op
WorkloadResult  40: 131072 op, 406320640.00 ns, 3.1000 us/op
WorkloadResult  41: 131072 op, 337586717.00 ns, 2.5756 us/op
WorkloadResult  42: 131072 op, 353114291.00 ns, 2.6940 us/op
WorkloadResult  43: 131072 op, 344747248.00 ns, 2.6302 us/op
WorkloadResult  44: 131072 op, 343397338.00 ns, 2.6199 us/op
WorkloadResult  45: 131072 op, 345263093.00 ns, 2.6341 us/op
WorkloadResult  46: 131072 op, 363377207.00 ns, 2.7723 us/op
WorkloadResult  47: 131072 op, 343145354.00 ns, 2.6180 us/op
WorkloadResult  48: 131072 op, 352713226.00 ns, 2.6910 us/op
WorkloadResult  49: 131072 op, 339033937.00 ns, 2.5866 us/op
WorkloadResult  50: 131072 op, 346512887.00 ns, 2.6437 us/op
WorkloadResult  51: 131072 op, 337277072.00 ns, 2.5732 us/op
WorkloadResult  52: 131072 op, 333875473.00 ns, 2.5473 us/op
WorkloadResult  53: 131072 op, 335164363.00 ns, 2.5571 us/op
WorkloadResult  54: 131072 op, 372594879.00 ns, 2.8427 us/op
WorkloadResult  55: 131072 op, 337190460.00 ns, 2.5726 us/op
WorkloadResult  56: 131072 op, 369514947.00 ns, 2.8192 us/op
WorkloadResult  57: 131072 op, 342335715.00 ns, 2.6118 us/op
WorkloadResult  58: 131072 op, 354772453.00 ns, 2.7067 us/op
WorkloadResult  59: 131072 op, 334573502.00 ns, 2.5526 us/op
WorkloadResult  60: 131072 op, 395485381.00 ns, 3.0173 us/op
WorkloadResult  61: 131072 op, 404887080.00 ns, 3.0890 us/op
WorkloadResult  62: 131072 op, 334244948.00 ns, 2.5501 us/op
WorkloadResult  63: 131072 op, 326122260.00 ns, 2.4881 us/op
WorkloadResult  64: 131072 op, 359647374.00 ns, 2.7439 us/op
WorkloadResult  65: 131072 op, 344234240.00 ns, 2.6263 us/op
WorkloadResult  66: 131072 op, 345550010.00 ns, 2.6363 us/op
WorkloadResult  67: 131072 op, 365688816.00 ns, 2.7900 us/op
WorkloadResult  68: 131072 op, 347789915.00 ns, 2.6534 us/op
WorkloadResult  69: 131072 op, 336275660.00 ns, 2.5656 us/op
WorkloadResult  70: 131072 op, 342839923.00 ns, 2.6157 us/op
WorkloadResult  71: 131072 op, 343975474.00 ns, 2.6243 us/op
WorkloadResult  72: 131072 op, 334436858.00 ns, 2.5516 us/op
WorkloadResult  73: 131072 op, 345946364.00 ns, 2.6394 us/op
WorkloadResult  74: 131072 op, 354885676.00 ns, 2.7076 us/op
WorkloadResult  75: 131072 op, 363477444.00 ns, 2.7731 us/op
WorkloadResult  76: 131072 op, 393000375.00 ns, 2.9984 us/op
WorkloadResult  77: 131072 op, 340951534.00 ns, 2.6013 us/op
WorkloadResult  78: 131072 op, 348527200.00 ns, 2.6591 us/op
WorkloadResult  79: 131072 op, 359482166.00 ns, 2.7426 us/op
WorkloadResult  80: 131072 op, 326879143.00 ns, 2.4939 us/op
WorkloadResult  81: 131072 op, 332623914.00 ns, 2.5377 us/op
WorkloadResult  82: 131072 op, 337935283.00 ns, 2.5782 us/op
WorkloadResult  83: 131072 op, 337608660.00 ns, 2.5757 us/op
WorkloadResult  84: 131072 op, 365476616.00 ns, 2.7884 us/op
WorkloadResult  85: 131072 op, 353142121.00 ns, 2.6943 us/op
WorkloadResult  86: 131072 op, 355163148.00 ns, 2.7097 us/op
WorkloadResult  87: 131072 op, 415404990.00 ns, 3.1693 us/op
WorkloadResult  88: 131072 op, 406680651.00 ns, 3.1027 us/op
WorkloadResult  89: 131072 op, 364919281.00 ns, 2.7841 us/op
WorkloadResult  90: 131072 op, 339621328.00 ns, 2.5911 us/op
WorkloadResult  91: 131072 op, 328362441.00 ns, 2.5052 us/op
// GC:  7 0 0 127912312 131072
// Threading:  524490 2 131072

// AfterAll
// Benchmark Process 5340 has exited with code 0.

Mean = 2.693 μs, StdErr = 0.018 μs (0.65%), N = 91, StdDev = 0.168 μs
Min = 2.474 μs, Q1 = 2.577 μs, Median = 2.631 μs, Q3 = 2.758 μs, Max = 3.170 μs
IQR = 0.181 μs, LowerFence = 2.305 μs, UpperFence = 3.030 μs
ConfidenceInterval = [2.633 μs; 2.752 μs] (CI 99.9%), Margin = 0.060 μs (2.22% of Mean)
Skewness = 1.26, Kurtosis = 3.7, MValue = 2.17

// ** Remained 31 (57.4 %) benchmark(s) to run. Estimated finish 2026-09-13 7:24 (0h 5m from now) **
// **************************
// Benchmark: OptimisticContentionBenchmarks.VersionPreconditionMismatchEvaluation: .NET 10.0(Runtime=.NET 10.0, Toolchain=net10.0)
// *** Execute ***
// Launch: 1 / 1
// Execute: dotnet "EricksonLopez.Concurrency.Benchmarks-.NET 10.0-1.dll" --anonymousPipes 125 126 --benchmarkName EricksonLopez.Concurrency.Benchmarks.OptimisticContentionBenchmarks.VersionPreconditionMismatchEvaluation --job ".NET 10.0" --benchmarkId 9 in /home/runner/work/dotnet-concurrency/dotnet-concurrency/benchmarks/EricksonLopez.Concurrency.Benchmarks/bin/Release/net10.0/EricksonLopez.Concurrency.Benchmarks-.NET 10.0-1/bin/Release/net10.0
// Failed to set up high priority (Permission denied). In order to run benchmarks with high priority, make sure you have the right permissions.
// BeforeAnythingElse

// Benchmark Process Environment Information:
// BenchmarkDotNet v0.15.8
// Runtime=.NET 10.0.12 (10.0.12, 10.0.1226.42308), X64 RyuJIT x86-64-v3
// GC=Concurrent Workstation
// HardwareIntrinsics=AVX2+BMI1+BMI2+F16C+FMA+LZCNT+MOVBE,AVX,SSE3+SSSE3+SSE4.1+SSE4.2+POPCNT,X86Base+SSE+SSE2,AES+PCLMUL VectorSize=256
// Job: .NET 10.0

OverheadJitting  1: 1 op, 218570.00 ns, 218.5700 us/op
WorkloadJitting  1: 1 op, 6717381.00 ns, 6.7174 ms/op

OverheadJitting  2: 16 op, 357471.00 ns, 22.3419 us/op
WorkloadJitting  2: 16 op, 395152.00 ns, 24.6970 us/op

WorkloadPilot    1: 16 op, 43772.00 ns, 2.7358 us/op
WorkloadPilot    2: 32 op, 65513.00 ns, 2.0473 us/op
WorkloadPilot    3: 64 op, 80982.00 ns, 1.2653 us/op
WorkloadPilot    4: 128 op, 169007.00 ns, 1.3204 us/op
WorkloadPilot    5: 256 op, 262433.00 ns, 1.0251 us/op
WorkloadPilot    6: 512 op, 415190.00 ns, 810.9180 ns/op
WorkloadPilot    7: 1024 op, 906782.00 ns, 885.5293 ns/op
WorkloadPilot    8: 2048 op, 1826489.00 ns, 891.8403 ns/op
WorkloadPilot    9: 4096 op, 3589880.00 ns, 876.4355 ns/op
WorkloadPilot   10: 8192 op, 7464142.00 ns, 911.1501 ns/op
WorkloadPilot   11: 16384 op, 13458436.00 ns, 821.4377 ns/op
WorkloadPilot   12: 32768 op, 28408062.00 ns, 866.9453 ns/op
WorkloadPilot   13: 65536 op, 47165806.00 ns, 719.6931 ns/op
WorkloadPilot   14: 131072 op, 115620359.00 ns, 882.1133 ns/op
WorkloadPilot   15: 262144 op, 64490421.00 ns, 246.0114 ns/op
WorkloadPilot   16: 524288 op, 121143729.00 ns, 231.0633 ns/op
WorkloadPilot   17: 1048576 op, 257191457.00 ns, 245.2769 ns/op
WorkloadPilot   18: 2097152 op, 489005544.00 ns, 233.1760 ns/op
WorkloadPilot   19: 4194304 op, 965222257.00 ns, 230.1269 ns/op

OverheadWarmup   1: 4194304 op, 10556909.00 ns, 2.5170 ns/op
OverheadWarmup   2: 4194304 op, 9687847.00 ns, 2.3098 ns/op
OverheadWarmup   3: 4194304 op, 9645849.00 ns, 2.2997 ns/op
OverheadWarmup   4: 4194304 op, 9647361.00 ns, 2.3001 ns/op
OverheadWarmup   5: 4194304 op, 9643113.00 ns, 2.2991 ns/op
OverheadWarmup   6: 4194304 op, 9660836.00 ns, 2.3033 ns/op
OverheadWarmup   7: 4194304 op, 9654576.00 ns, 2.3018 ns/op

OverheadActual   1: 4194304 op, 10447624.00 ns, 2.4909 ns/op
OverheadActual   2: 4194304 op, 10254672.00 ns, 2.4449 ns/op
OverheadActual   3: 4194304 op, 9655607.00 ns, 2.3021 ns/op
OverheadActual   4: 4194304 op, 10865027.00 ns, 2.5904 ns/op
OverheadActual   5: 4194304 op, 9705641.00 ns, 2.3140 ns/op
OverheadActual   6: 4194304 op, 10802941.00 ns, 2.5756 ns/op
OverheadActual   7: 4194304 op, 9655837.00 ns, 2.3021 ns/op
OverheadActual   8: 4194304 op, 9674011.00 ns, 2.3065 ns/op
OverheadActual   9: 4194304 op, 9659435.00 ns, 2.3030 ns/op
OverheadActual  10: 4194304 op, 9650447.00 ns, 2.3008 ns/op
OverheadActual  11: 4194304 op, 9663612.00 ns, 2.3040 ns/op
OverheadActual  12: 4194304 op, 9678170.00 ns, 2.3075 ns/op
OverheadActual  13: 4194304 op, 9670745.00 ns, 2.3057 ns/op
OverheadActual  14: 4194304 op, 9658713.00 ns, 2.3028 ns/op
OverheadActual  15: 4194304 op, 9661808.00 ns, 2.3036 ns/op

WorkloadWarmup   1: 4194304 op, 996123971.00 ns, 237.4945 ns/op
WorkloadWarmup   2: 4194304 op, 993243331.00 ns, 236.8077 ns/op
WorkloadWarmup   3: 4194304 op, 980201478.00 ns, 233.6982 ns/op
WorkloadWarmup   4: 4194304 op, 975595602.00 ns, 232.6001 ns/op
WorkloadWarmup   5: 4194304 op, 982565986.00 ns, 234.2620 ns/op
WorkloadWarmup   6: 4194304 op, 964659501.00 ns, 229.9927 ns/op
WorkloadWarmup   7: 4194304 op, 958749057.00 ns, 228.5836 ns/op
WorkloadWarmup   8: 4194304 op, 960792874.00 ns, 229.0709 ns/op
WorkloadWarmup   9: 4194304 op, 958889755.00 ns, 228.6171 ns/op

// BeforeActualRun
WorkloadActual   1: 4194304 op, 976242336.00 ns, 232.7543 ns/op
WorkloadActual   2: 4194304 op, 998664662.00 ns, 238.1002 ns/op
WorkloadActual   3: 4194304 op, 987043612.00 ns, 235.3295 ns/op
WorkloadActual   4: 4194304 op, 983858062.00 ns, 234.5700 ns/op
WorkloadActual   5: 4194304 op, 985197746.00 ns, 234.8894 ns/op
WorkloadActual   6: 4194304 op, 993622361.00 ns, 236.8980 ns/op
WorkloadActual   7: 4194304 op, 985963524.00 ns, 235.0720 ns/op
WorkloadActual   8: 4194304 op, 996985442.00 ns, 237.6999 ns/op
WorkloadActual   9: 4194304 op, 989526578.00 ns, 235.9215 ns/op
WorkloadActual  10: 4194304 op, 989670058.00 ns, 235.9557 ns/op
WorkloadActual  11: 4194304 op, 987222233.00 ns, 235.3721 ns/op
WorkloadActual  12: 4194304 op, 988355259.00 ns, 235.6423 ns/op
WorkloadActual  13: 4194304 op, 986743324.00 ns, 235.2579 ns/op
WorkloadActual  14: 4194304 op, 984360391.00 ns, 234.6898 ns/op
WorkloadActual  15: 4194304 op, 978044134.00 ns, 233.1839 ns/op

// AfterActualRun
WorkloadResult   1: 4194304 op, 966571591.00 ns, 230.4486 ns/op
WorkloadResult   2: 4194304 op, 977372867.00 ns, 233.0239 ns/op
WorkloadResult   3: 4194304 op, 974187317.00 ns, 232.2644 ns/op
WorkloadResult   4: 4194304 op, 975527001.00 ns, 232.5838 ns/op
WorkloadResult   5: 4194304 op, 983951616.00 ns, 234.5923 ns/op
WorkloadResult   6: 4194304 op, 976292779.00 ns, 232.7663 ns/op
WorkloadResult   7: 4194304 op, 979855833.00 ns, 233.6158 ns/op
WorkloadResult   8: 4194304 op, 979999313.00 ns, 233.6500 ns/op
WorkloadResult   9: 4194304 op, 977551488.00 ns, 233.0664 ns/op
WorkloadResult  10: 4194304 op, 978684514.00 ns, 233.3366 ns/op
WorkloadResult  11: 4194304 op, 977072579.00 ns, 232.9523 ns/op
WorkloadResult  12: 4194304 op, 974689646.00 ns, 232.3841 ns/op
WorkloadResult  13: 4194304 op, 968373389.00 ns, 230.8782 ns/op
// GC:  142 0 0 2382364672 4194304
// Threading:  0 0 4194304

// AfterAll
// Benchmark Process 5375 has exited with code 0.

Mean = 232.736 ns, StdErr = 0.307 ns (0.13%), N = 13, StdDev = 1.107 ns
Min = 230.449 ns, Q1 = 232.384 ns, Median = 232.952 ns, Q3 = 233.337 ns, Max = 234.592 ns
IQR = 0.952 ns, LowerFence = 230.955 ns, UpperFence = 234.765 ns
ConfidenceInterval = [231.410 ns; 234.061 ns] (CI 99.9%), Margin = 1.326 ns (0.57% of Mean)
Skewness = -0.59, Kurtosis = 2.7, MValue = 2

// ** Remained 30 (55.6 %) benchmark(s) to run. Estimated finish 2026-09-13 7:25 (0h 5m from now) **
// Build Error: Standard output: 
  
 Standard error: 
 /usr/share/dotnet/sdk/10.0.401/Microsoft.Common.CurrentVersion.targets(1891,5): error : Project '/home/runner/work/dotnet-concurrency/dotnet-concurrency/benchmarks/EricksonLopez.Concurrency.Benchmarks/EricksonLopez.Concurrency.Benchmarks.csproj' targets 'net10.0'. It cannot be referenced by a project that targets '.NETCoreApp,Version=v8.0'. [/home/runner/work/dotnet-concurrency/dotnet-concurrency/benchmarks/EricksonLopez.Concurrency.Benchmarks/bin/Release/net10.0/EricksonLopez.Concurrency.Benchmarks-.NET 8.0-2/BenchmarkDotNet.Autogenerated.csproj::TargetFramework=net8.0]
Build FAILED.
/usr/share/dotnet/sdk/10.0.401/Microsoft.Common.CurrentVersion.targets(1891,5): error : Project '/home/runner/work/dotnet-concurrency/dotnet-concurrency/benchmarks/EricksonLopez.Concurrency.Benchmarks/EricksonLopez.Concurrency.Benchmarks.csproj' targets 'net10.0'. It cannot be referenced by a project that targets '.NETCoreApp,Version=v8.0'. [/home/runner/work/dotnet-concurrency/dotnet-concurrency/benchmarks/EricksonLopez.Concurrency.Benchmarks/bin/Release/net10.0/EricksonLopez.Concurrency.Benchmarks-.NET 8.0-2/BenchmarkDotNet.Autogenerated.csproj::TargetFramework=net8.0]
    0 Warning(s)
    1 Error(s)
Time Elapsed 00:00:01.40

// BenchmarkDotNet has failed to build the auto-generated boilerplate code.
// It can be found in /home/runner/work/dotnet-concurrency/dotnet-concurrency/benchmarks/EricksonLopez.Concurrency.Benchmarks/bin/Release/net10.0/EricksonLopez.Concurrency.Benchmarks-.NET 8.0-2
// Please follow the troubleshooting guide: https://benchmarkdotnet.org/articles/guides/troubleshooting.html

// ** Remained 29 (53.7 %) benchmark(s) to run. Estimated finish 2026-09-13 7:24 (0h 5m from now) **
// Build Error: Standard output: 
  
 Standard error: 
 /usr/share/dotnet/sdk/10.0.401/Microsoft.Common.CurrentVersion.targets(1891,5): error : Project '/home/runner/work/dotnet-concurrency/dotnet-concurrency/benchmarks/EricksonLopez.Concurrency.Benchmarks/EricksonLopez.Concurrency.Benchmarks.csproj' targets 'net10.0'. It cannot be referenced by a project that targets '.NETCoreApp,Version=v8.0'. [/home/runner/work/dotnet-concurrency/dotnet-concurrency/benchmarks/EricksonLopez.Concurrency.Benchmarks/bin/Release/net10.0/EricksonLopez.Concurrency.Benchmarks-.NET 8.0-2/BenchmarkDotNet.Autogenerated.csproj::TargetFramework=net8.0]
Build FAILED.
/usr/share/dotnet/sdk/10.0.401/Microsoft.Common.CurrentVersion.targets(1891,5): error : Project '/home/runner/work/dotnet-concurrency/dotnet-concurrency/benchmarks/EricksonLopez.Concurrency.Benchmarks/EricksonLopez.Concurrency.Benchmarks.csproj' targets 'net10.0'. It cannot be referenced by a project that targets '.NETCoreApp,Version=v8.0'. [/home/runner/work/dotnet-concurrency/dotnet-concurrency/benchmarks/EricksonLopez.Concurrency.Benchmarks/bin/Release/net10.0/EricksonLopez.Concurrency.Benchmarks-.NET 8.0-2/BenchmarkDotNet.Autogenerated.csproj::TargetFramework=net8.0]
    0 Warning(s)
    1 Error(s)
Time Elapsed 00:00:01.40

// BenchmarkDotNet has failed to build the auto-generated boilerplate code.
// It can be found in /home/runner/work/dotnet-concurrency/dotnet-concurrency/benchmarks/EricksonLopez.Concurrency.Benchmarks/bin/Release/net10.0/EricksonLopez.Concurrency.Benchmarks-.NET 8.0-2
// Please follow the troubleshooting guide: https://benchmarkdotnet.org/articles/guides/troubleshooting.html

// ** Remained 28 (51.9 %) benchmark(s) to run. Estimated finish 2026-09-13 7:24 (0h 4m from now) **
// Build Error: Standard output: 
  
 Standard error: 
 /usr/share/dotnet/sdk/10.0.401/Microsoft.Common.CurrentVersion.targets(1891,5): error : Project '/home/runner/work/dotnet-concurrency/dotnet-concurrency/benchmarks/EricksonLopez.Concurrency.Benchmarks/EricksonLopez.Concurrency.Benchmarks.csproj' targets 'net10.0'. It cannot be referenced by a project that targets '.NETCoreApp,Version=v8.0'. [/home/runner/work/dotnet-concurrency/dotnet-concurrency/benchmarks/EricksonLopez.Concurrency.Benchmarks/bin/Release/net10.0/EricksonLopez.Concurrency.Benchmarks-.NET 8.0-2/BenchmarkDotNet.Autogenerated.csproj::TargetFramework=net8.0]
Build FAILED.
/usr/share/dotnet/sdk/10.0.401/Microsoft.Common.CurrentVersion.targets(1891,5): error : Project '/home/runner/work/dotnet-concurrency/dotnet-concurrency/benchmarks/EricksonLopez.Concurrency.Benchmarks/EricksonLopez.Concurrency.Benchmarks.csproj' targets 'net10.0'. It cannot be referenced by a project that targets '.NETCoreApp,Version=v8.0'. [/home/runner/work/dotnet-concurrency/dotnet-concurrency/benchmarks/EricksonLopez.Concurrency.Benchmarks/bin/Release/net10.0/EricksonLopez.Concurrency.Benchmarks-.NET 8.0-2/BenchmarkDotNet.Autogenerated.csproj::TargetFramework=net8.0]
    0 Warning(s)
    1 Error(s)
Time Elapsed 00:00:01.40

// BenchmarkDotNet has failed to build the auto-generated boilerplate code.
// It can be found in /home/runner/work/dotnet-concurrency/dotnet-concurrency/benchmarks/EricksonLopez.Concurrency.Benchmarks/bin/Release/net10.0/EricksonLopez.Concurrency.Benchmarks-.NET 8.0-2
// Please follow the troubleshooting guide: https://benchmarkdotnet.org/articles/guides/troubleshooting.html

// ** Remained 27 (50.0 %) benchmark(s) to run. Estimated finish 2026-09-13 7:24 (0h 4m from now) **
// Build Error: Standard output: 
  
 Standard error: 
 /usr/share/dotnet/sdk/10.0.401/Microsoft.Common.CurrentVersion.targets(1891,5): error : Project '/home/runner/work/dotnet-concurrency/dotnet-concurrency/benchmarks/EricksonLopez.Concurrency.Benchmarks/EricksonLopez.Concurrency.Benchmarks.csproj' targets 'net10.0'. It cannot be referenced by a project that targets '.NETCoreApp,Version=v9.0'. [/home/runner/work/dotnet-concurrency/dotnet-concurrency/benchmarks/EricksonLopez.Concurrency.Benchmarks/bin/Release/net10.0/EricksonLopez.Concurrency.Benchmarks-.NET 9.0-3/BenchmarkDotNet.Autogenerated.csproj::TargetFramework=net9.0]
Build FAILED.
/usr/share/dotnet/sdk/10.0.401/Microsoft.Common.CurrentVersion.targets(1891,5): error : Project '/home/runner/work/dotnet-concurrency/dotnet-concurrency/benchmarks/EricksonLopez.Concurrency.Benchmarks/EricksonLopez.Concurrency.Benchmarks.csproj' targets 'net10.0'. It cannot be referenced by a project that targets '.NETCoreApp,Version=v9.0'. [/home/runner/work/dotnet-concurrency/dotnet-concurrency/benchmarks/EricksonLopez.Concurrency.Benchmarks/bin/Release/net10.0/EricksonLopez.Concurrency.Benchmarks-.NET 9.0-3/BenchmarkDotNet.Autogenerated.csproj::TargetFramework=net9.0]
    0 Warning(s)
    1 Error(s)
Time Elapsed 00:00:01.42

// BenchmarkDotNet has failed to build the auto-generated boilerplate code.
// It can be found in /home/runner/work/dotnet-concurrency/dotnet-concurrency/benchmarks/EricksonLopez.Concurrency.Benchmarks/bin/Release/net10.0/EricksonLopez.Concurrency.Benchmarks-.NET 9.0-3
// Please follow the troubleshooting guide: https://benchmarkdotnet.org/articles/guides/troubleshooting.html

// ** Remained 26 (48.1 %) benchmark(s) to run. Estimated finish 2026-09-13 7:23 (0h 4m from now) **
// Build Error: Standard output: 
  
 Standard error: 
 /usr/share/dotnet/sdk/10.0.401/Microsoft.Common.CurrentVersion.targets(1891,5): error : Project '/home/runner/work/dotnet-concurrency/dotnet-concurrency/benchmarks/EricksonLopez.Concurrency.Benchmarks/EricksonLopez.Concurrency.Benchmarks.csproj' targets 'net10.0'. It cannot be referenced by a project that targets '.NETCoreApp,Version=v9.0'. [/home/runner/work/dotnet-concurrency/dotnet-concurrency/benchmarks/EricksonLopez.Concurrency.Benchmarks/bin/Release/net10.0/EricksonLopez.Concurrency.Benchmarks-.NET 9.0-3/BenchmarkDotNet.Autogenerated.csproj::TargetFramework=net9.0]
Build FAILED.
/usr/share/dotnet/sdk/10.0.401/Microsoft.Common.CurrentVersion.targets(1891,5): error : Project '/home/runner/work/dotnet-concurrency/dotnet-concurrency/benchmarks/EricksonLopez.Concurrency.Benchmarks/EricksonLopez.Concurrency.Benchmarks.csproj' targets 'net10.0'. It cannot be referenced by a project that targets '.NETCoreApp,Version=v9.0'. [/home/runner/work/dotnet-concurrency/dotnet-concurrency/benchmarks/EricksonLopez.Concurrency.Benchmarks/bin/Release/net10.0/EricksonLopez.Concurrency.Benchmarks-.NET 9.0-3/BenchmarkDotNet.Autogenerated.csproj::TargetFramework=net9.0]
    0 Warning(s)
    1 Error(s)
Time Elapsed 00:00:01.42

// BenchmarkDotNet has failed to build the auto-generated boilerplate code.
// It can be found in /home/runner/work/dotnet-concurrency/dotnet-concurrency/benchmarks/EricksonLopez.Concurrency.Benchmarks/bin/Release/net10.0/EricksonLopez.Concurrency.Benchmarks-.NET 9.0-3
// Please follow the troubleshooting guide: https://benchmarkdotnet.org/articles/guides/troubleshooting.html

// ** Remained 25 (46.3 %) benchmark(s) to run. Estimated finish 2026-09-13 7:23 (0h 3m from now) **
// Build Error: Standard output: 
  
 Standard error: 
 /usr/share/dotnet/sdk/10.0.401/Microsoft.Common.CurrentVersion.targets(1891,5): error : Project '/home/runner/work/dotnet-concurrency/dotnet-concurrency/benchmarks/EricksonLopez.Concurrency.Benchmarks/EricksonLopez.Concurrency.Benchmarks.csproj' targets 'net10.0'. It cannot be referenced by a project that targets '.NETCoreApp,Version=v9.0'. [/home/runner/work/dotnet-concurrency/dotnet-concurrency/benchmarks/EricksonLopez.Concurrency.Benchmarks/bin/Release/net10.0/EricksonLopez.Concurrency.Benchmarks-.NET 9.0-3/BenchmarkDotNet.Autogenerated.csproj::TargetFramework=net9.0]
Build FAILED.
/usr/share/dotnet/sdk/10.0.401/Microsoft.Common.CurrentVersion.targets(1891,5): error : Project '/home/runner/work/dotnet-concurrency/dotnet-concurrency/benchmarks/EricksonLopez.Concurrency.Benchmarks/EricksonLopez.Concurrency.Benchmarks.csproj' targets 'net10.0'. It cannot be referenced by a project that targets '.NETCoreApp,Version=v9.0'. [/home/runner/work/dotnet-concurrency/dotnet-concurrency/benchmarks/EricksonLopez.Concurrency.Benchmarks/bin/Release/net10.0/EricksonLopez.Concurrency.Benchmarks-.NET 9.0-3/BenchmarkDotNet.Autogenerated.csproj::TargetFramework=net9.0]
    0 Warning(s)
    1 Error(s)
Time Elapsed 00:00:01.42

// BenchmarkDotNet has failed to build the auto-generated boilerplate code.
// It can be found in /home/runner/work/dotnet-concurrency/dotnet-concurrency/benchmarks/EricksonLopez.Concurrency.Benchmarks/bin/Release/net10.0/EricksonLopez.Concurrency.Benchmarks-.NET 9.0-3
// Please follow the troubleshooting guide: https://benchmarkdotnet.org/articles/guides/troubleshooting.html

// ** Remained 24 (44.4 %) benchmark(s) to run. Estimated finish 2026-09-13 7:23 (0h 3m from now) **
// ***** BenchmarkRunner: Finish  *****

// * Export *
  benchmarks/results/results/EricksonLopez.Concurrency.Benchmarks.OptimisticContentionBenchmarks-report.csv
  benchmarks/results/results/EricksonLopez.Concurrency.Benchmarks.OptimisticContentionBenchmarks-report-github.md
  benchmarks/results/results/EricksonLopez.Concurrency.Benchmarks.OptimisticContentionBenchmarks-report.html
  benchmarks/results/results/EricksonLopez.Concurrency.Benchmarks.OptimisticContentionBenchmarks-report-full-compressed.json
  benchmarks/results/results/EricksonLopez.Concurrency.Benchmarks.OptimisticContentionBenchmarks-report-default.md

// * Detailed results *
OptimisticContentionBenchmarks.SingleWorkerUncontendedCas: .NET 10.0(Runtime=.NET 10.0, Toolchain=net10.0)
Runtime = .NET 10.0.12 (10.0.12, 10.0.1226.42308), X64 RyuJIT x86-64-v3; GC = Concurrent Workstation
Mean = 198.757 ns, StdErr = 0.060 ns (0.03%), N = 14, StdDev = 0.223 ns
Min = 198.432 ns, Q1 = 198.566 ns, Median = 198.776 ns, Q3 = 198.886 ns, Max = 199.148 ns
IQR = 0.320 ns, LowerFence = 198.086 ns, UpperFence = 199.365 ns
ConfidenceInterval = [198.506 ns; 199.008 ns] (CI 99.9%), Margin = 0.251 ns (0.13% of Mean)
Skewness = 0.18, Kurtosis = 1.8, MValue = 2
-------------------- Histogram --------------------
[198.310 ns ; 199.270 ns) | @@@@@@@@@@@@@@
---------------------------------------------------

OptimisticContentionBenchmarks.ParallelContentionFourWorkers: .NET 10.0(Runtime=.NET 10.0, Toolchain=net10.0)
Runtime = .NET 10.0.12 (10.0.12, 10.0.1226.42308), X64 RyuJIT x86-64-v3; GC = Concurrent Workstation
Mean = 2.693 μs, StdErr = 0.018 μs (0.65%), N = 91, StdDev = 0.168 μs
Min = 2.474 μs, Q1 = 2.577 μs, Median = 2.631 μs, Q3 = 2.758 μs, Max = 3.170 μs
IQR = 0.181 μs, LowerFence = 2.305 μs, UpperFence = 3.030 μs
ConfidenceInterval = [2.633 μs; 2.752 μs] (CI 99.9%), Margin = 0.060 μs (2.22% of Mean)
Skewness = 1.26, Kurtosis = 3.7, MValue = 2.17
-------------------- Histogram --------------------
[2.461 μs ; 2.547 μs) | @@@@@@@@@
[2.547 μs ; 2.644 μs) | @@@@@@@@@@@@@@@@@@@@@@@@@@@@@@@@@@@@@@@@@@@@
[2.644 μs ; 2.748 μs) | @@@@@@@@@@@@@@@
[2.748 μs ; 2.865 μs) | @@@@@@@@@
[2.865 μs ; 3.003 μs) | @@@@@@@
[3.003 μs ; 3.081 μs) | @@
[3.081 μs ; 3.178 μs) | @@@@@
---------------------------------------------------

OptimisticContentionBenchmarks.VersionPreconditionMismatchEvaluation: .NET 10.0(Runtime=.NET 10.0, Toolchain=net10.0)
Runtime = .NET 10.0.12 (10.0.12, 10.0.1226.42308), X64 RyuJIT x86-64-v3; GC = Concurrent Workstation
Mean = 232.736 ns, StdErr = 0.307 ns (0.13%), N = 13, StdDev = 1.107 ns
Min = 230.449 ns, Q1 = 232.384 ns, Median = 232.952 ns, Q3 = 233.337 ns, Max = 234.592 ns
IQR = 0.952 ns, LowerFence = 230.955 ns, UpperFence = 234.765 ns
ConfidenceInterval = [231.410 ns; 234.061 ns] (CI 99.9%), Margin = 1.326 ns (0.57% of Mean)
Skewness = -0.59, Kurtosis = 2.7, MValue = 2
-------------------- Histogram --------------------
[229.831 ns ; 235.210 ns) | @@@@@@@@@@@@@
---------------------------------------------------

OptimisticContentionBenchmarks.SingleWorkerUncontendedCas: .NET 8.0(Runtime=.NET 8.0, Toolchain=net8.0)
Runtime = ; GC = 
There are not any results runs

OptimisticContentionBenchmarks.ParallelContentionFourWorkers: .NET 8.0(Runtime=.NET 8.0, Toolchain=net8.0)
Runtime = ; GC = 
There are not any results runs

OptimisticContentionBenchmarks.VersionPreconditionMismatchEvaluation: .NET 8.0(Runtime=.NET 8.0, Toolchain=net8.0)
Runtime = ; GC = 
There are not any results runs

OptimisticContentionBenchmarks.SingleWorkerUncontendedCas: .NET 9.0(Runtime=.NET 9.0, Toolchain=net9.0)
Runtime = ; GC = 
There are not any results runs

OptimisticContentionBenchmarks.ParallelContentionFourWorkers: .NET 9.0(Runtime=.NET 9.0, Toolchain=net9.0)
Runtime = ; GC = 
There are not any results runs

OptimisticContentionBenchmarks.VersionPreconditionMismatchEvaluation: .NET 9.0(Runtime=.NET 9.0, Toolchain=net9.0)
Runtime = ; GC = 
There are not any results runs

// * Summary *

BenchmarkDotNet v0.15.8, Linux Ubuntu 24.04.5 LTS (Noble Numbat)
AMD EPYC 7763 2.45GHz, 1 CPU, 4 logical and 2 physical cores
.NET SDK 10.0.401
  [Host]    : .NET 10.0.12 (10.0.12, 10.0.1226.42308), X64 RyuJIT x86-64-v3
  .NET 10.0 : .NET 10.0.12 (10.0.12, 10.0.1226.42308), X64 RyuJIT x86-64-v3


| Method                                | Job       | Runtime   | Mean       | Error    | StdDev    | Median     | Ratio | RatioSD | Gen0   | Allocated | Alloc Ratio |
|-------------------------------------- |---------- |---------- |-----------:|---------:|----------:|-----------:|------:|--------:|-------:|----------:|------------:|
| SingleWorkerUncontendedCas            | .NET 10.0 | .NET 10.0 |   198.8 ns |  0.25 ns |   0.22 ns |   198.8 ns |     ? |       ? | 0.0029 |      48 B |           ? |
| ParallelContentionFourWorkers         | .NET 10.0 | .NET 10.0 | 2,692.6 ns | 59.78 ns | 167.62 ns | 2,630.8 ns |     ? |       ? | 0.0534 |     976 B |           ? |
| VersionPreconditionMismatchEvaluation | .NET 10.0 | .NET 10.0 |   232.7 ns |  1.33 ns |   1.11 ns |   233.0 ns |     ? |       ? | 0.0339 |     568 B |           ? |
| SingleWorkerUncontendedCas            | .NET 8.0  | .NET 8.0  |         NA |       NA |        NA |         NA |     ? |       ? |     NA |        NA |           ? |
| ParallelContentionFourWorkers         | .NET 8.0  | .NET 8.0  |         NA |       NA |        NA |         NA |     ? |       ? |     NA |        NA |           ? |
| VersionPreconditionMismatchEvaluation | .NET 8.0  | .NET 8.0  |         NA |       NA |        NA |         NA |     ? |       ? |     NA |        NA |           ? |
| SingleWorkerUncontendedCas            | .NET 9.0  | .NET 9.0  |         NA |       NA |        NA |         NA |     ? |       ? |     NA |        NA |           ? |
| ParallelContentionFourWorkers         | .NET 9.0  | .NET 9.0  |         NA |       NA |        NA |         NA |     ? |       ? |     NA |        NA |           ? |
| VersionPreconditionMismatchEvaluation | .NET 9.0  | .NET 9.0  |         NA |       NA |        NA |         NA |     ? |       ? |     NA |        NA |           ? |

Benchmarks with issues:
  OptimisticContentionBenchmarks.SingleWorkerUncontendedCas: .NET 8.0(Runtime=.NET 8.0, Toolchain=net8.0)
  OptimisticContentionBenchmarks.ParallelContentionFourWorkers: .NET 8.0(Runtime=.NET 8.0, Toolchain=net8.0)
  OptimisticContentionBenchmarks.VersionPreconditionMismatchEvaluation: .NET 8.0(Runtime=.NET 8.0, Toolchain=net8.0)
  OptimisticContentionBenchmarks.SingleWorkerUncontendedCas: .NET 9.0(Runtime=.NET 9.0, Toolchain=net9.0)
  OptimisticContentionBenchmarks.ParallelContentionFourWorkers: .NET 9.0(Runtime=.NET 9.0, Toolchain=net9.0)
  OptimisticContentionBenchmarks.VersionPreconditionMismatchEvaluation: .NET 9.0(Runtime=.NET 9.0, Toolchain=net9.0)

// * Warnings *
BaselineCustomAnalyzer
  Summary -> A question mark '?' symbol indicates that it was not possible to compute the (Ratio, RatioSD, Alloc Ratio) column(s) because the baseline or benchmark could not be found, or the baseline value is too close to zero.

// * Hints *
Outliers
  OptimisticContentionBenchmarks.SingleWorkerUncontendedCas: .NET 10.0            -> 1 outlier  was  removed (202.89 ns)
  OptimisticContentionBenchmarks.ParallelContentionFourWorkers: .NET 10.0         -> 9 outliers were removed (3.21 μs..3.59 μs)
  OptimisticContentionBenchmarks.VersionPreconditionMismatchEvaluation: .NET 10.0 -> 2 outliers were removed, 3 outliers were detected (232.75 ns, 237.70 ns, 238.10 ns)

// * Legends *
  Mean        : Arithmetic mean of all measurements
  Error       : Half of 99.9% confidence interval
  StdDev      : Standard deviation of all measurements
  Median      : Value separating the higher half of all measurements (50th percentile)
  Ratio       : Mean of the ratio distribution ([Current]/[Baseline])
  RatioSD     : Standard deviation of the ratio distribution ([Current]/[Baseline])
  Gen0        : GC Generation 0 collects per 1000 operations
  Allocated   : Allocated memory per single operation (managed only, inclusive, 1KB = 1024B)
  Alloc Ratio : Allocated memory ratio distribution ([Current]/[Baseline])
  1 ns        : 1 Nanosecond (0.000000001 sec)

// * Diagnostic Output - MemoryDiagnoser *


// ***** BenchmarkRunner: End *****
Run time: 00:01:33 (93.86 sec), executed benchmarks: 3

// Found 24 benchmarks:
//   TokenAllocationBenchmarks.CreateStructVersion: .NET 10.0(Runtime=.NET 10.0, Toolchain=net10.0)
//   TokenAllocationBenchmarks.CreateStructToken: .NET 10.0(Runtime=.NET 10.0, Toolchain=net10.0)
//   TokenAllocationBenchmarks.CreateExpectedVersionSpecific: .NET 10.0(Runtime=.NET 10.0, Toolchain=net10.0)
//   TokenAllocationBenchmarks.TryParseSpanVersion: .NET 10.0(Runtime=.NET 10.0, Toolchain=net10.0)
//   TokenAllocationBenchmarks.TryParseStringVersion: .NET 10.0(Runtime=.NET 10.0, Toolchain=net10.0)
//   TokenAllocationBenchmarks.FormatVersionToString: .NET 10.0(Runtime=.NET 10.0, Toolchain=net10.0)
//   TokenAllocationBenchmarks.CompareTokensValueEquality: .NET 10.0(Runtime=.NET 10.0, Toolchain=net10.0)
//   TokenAllocationBenchmarks.CheckExpectedMatchesActual: .NET 10.0(Runtime=.NET 10.0, Toolchain=net10.0)
//   TokenAllocationBenchmarks.CreateStructVersion: .NET 8.0(Runtime=.NET 8.0, Toolchain=net8.0)
//   TokenAllocationBenchmarks.CreateStructToken: .NET 8.0(Runtime=.NET 8.0, Toolchain=net8.0)
//   TokenAllocationBenchmarks.CreateExpectedVersionSpecific: .NET 8.0(Runtime=.NET 8.0, Toolchain=net8.0)
//   TokenAllocationBenchmarks.TryParseSpanVersion: .NET 8.0(Runtime=.NET 8.0, Toolchain=net8.0)
//   TokenAllocationBenchmarks.TryParseStringVersion: .NET 8.0(Runtime=.NET 8.0, Toolchain=net8.0)
//   TokenAllocationBenchmarks.FormatVersionToString: .NET 8.0(Runtime=.NET 8.0, Toolchain=net8.0)
//   TokenAllocationBenchmarks.CompareTokensValueEquality: .NET 8.0(Runtime=.NET 8.0, Toolchain=net8.0)
//   TokenAllocationBenchmarks.CheckExpectedMatchesActual: .NET 8.0(Runtime=.NET 8.0, Toolchain=net8.0)
//   TokenAllocationBenchmarks.CreateStructVersion: .NET 9.0(Runtime=.NET 9.0, Toolchain=net9.0)
//   TokenAllocationBenchmarks.CreateStructToken: .NET 9.0(Runtime=.NET 9.0, Toolchain=net9.0)
//   TokenAllocationBenchmarks.CreateExpectedVersionSpecific: .NET 9.0(Runtime=.NET 9.0, Toolchain=net9.0)
//   TokenAllocationBenchmarks.TryParseSpanVersion: .NET 9.0(Runtime=.NET 9.0, Toolchain=net9.0)
//   TokenAllocationBenchmarks.TryParseStringVersion: .NET 9.0(Runtime=.NET 9.0, Toolchain=net9.0)
//   TokenAllocationBenchmarks.FormatVersionToString: .NET 9.0(Runtime=.NET 9.0, Toolchain=net9.0)
//   TokenAllocationBenchmarks.CompareTokensValueEquality: .NET 9.0(Runtime=.NET 9.0, Toolchain=net9.0)
//   TokenAllocationBenchmarks.CheckExpectedMatchesActual: .NET 9.0(Runtime=.NET 9.0, Toolchain=net9.0)

// **************************
// Benchmark: TokenAllocationBenchmarks.CreateStructVersion: .NET 10.0(Runtime=.NET 10.0, Toolchain=net10.0)
// *** Execute ***
// Launch: 1 / 1
// Execute: dotnet "EricksonLopez.Concurrency.Benchmarks-.NET 10.0-1.dll" --anonymousPipes 123 124 --benchmarkName EricksonLopez.Concurrency.Benchmarks.TokenAllocationBenchmarks.CreateStructVersion --job ".NET 10.0" --benchmarkId 10 in /home/runner/work/dotnet-concurrency/dotnet-concurrency/benchmarks/EricksonLopez.Concurrency.Benchmarks/bin/Release/net10.0/EricksonLopez.Concurrency.Benchmarks-.NET 10.0-1/bin/Release/net10.0
// Failed to set up high priority (Permission denied). In order to run benchmarks with high priority, make sure you have the right permissions.
// BeforeAnythingElse

// Benchmark Process Environment Information:
// BenchmarkDotNet v0.15.8
// Runtime=.NET 10.0.12 (10.0.12, 10.0.1226.42308), X64 RyuJIT x86-64-v3
// GC=Concurrent Workstation
// HardwareIntrinsics=AVX2+BMI1+BMI2+F16C+FMA+LZCNT+MOVBE,AVX,SSE3+SSSE3+SSE4.1+SSE4.2+POPCNT,X86Base+SSE+SSE2,AES+PCLMUL VectorSize=256
// Job: .NET 10.0

OverheadJitting  1: 1 op, 260198.00 ns, 260.1980 us/op
WorkloadJitting  1: 1 op, 239260.00 ns, 239.2600 us/op

OverheadJitting  2: 16 op, 207339.00 ns, 12.9587 us/op
WorkloadJitting  2: 16 op, 214723.00 ns, 13.4202 us/op

WorkloadPilot    1: 16 op, 632.00 ns, 39.5000 ns/op
WorkloadPilot    2: 32 op, 662.00 ns, 20.6875 ns/op
WorkloadPilot    3: 64 op, 731.00 ns, 11.4219 ns/op
WorkloadPilot    4: 128 op, 951.00 ns, 7.4297 ns/op
WorkloadPilot    5: 256 op, 1483.00 ns, 5.7930 ns/op
WorkloadPilot    6: 512 op, 2484.00 ns, 4.8516 ns/op
WorkloadPilot    7: 1024 op, 4449.00 ns, 4.3447 ns/op
WorkloadPilot    8: 2048 op, 8465.00 ns, 4.1333 ns/op
WorkloadPilot    9: 4096 op, 16511.00 ns, 4.0310 ns/op
WorkloadPilot   10: 8192 op, 32551.00 ns, 3.9735 ns/op
WorkloadPilot   11: 16384 op, 64451.00 ns, 3.9338 ns/op
WorkloadPilot   12: 32768 op, 128461.00 ns, 3.9203 ns/op
WorkloadPilot   13: 65536 op, 256291.00 ns, 3.9107 ns/op
WorkloadPilot   14: 131072 op, 512161.00 ns, 3.9075 ns/op
WorkloadPilot   15: 262144 op, 1048387.00 ns, 3.9993 ns/op
WorkloadPilot   16: 524288 op, 2174531.00 ns, 4.1476 ns/op
WorkloadPilot   17: 1048576 op, 4182801.00 ns, 3.9890 ns/op
WorkloadPilot   18: 2097152 op, 8323514.00 ns, 3.9690 ns/op
WorkloadPilot   19: 4194304 op, 16580854.00 ns, 3.9532 ns/op
WorkloadPilot   20: 8388608 op, 33269850.00 ns, 3.9661 ns/op
WorkloadPilot   21: 16777216 op, 66573454.00 ns, 3.9681 ns/op
WorkloadPilot   22: 33554432 op, 109853534.00 ns, 3.2739 ns/op
WorkloadPilot   23: 67108864 op, 109997464.00 ns, 1.6391 ns/op
WorkloadPilot   24: 134217728 op, 219705527.00 ns, 1.6369 ns/op
WorkloadPilot   25: 268435456 op, 439216744.00 ns, 1.6362 ns/op
WorkloadPilot   26: 536870912 op, 878684879.00 ns, 1.6367 ns/op

OverheadWarmup   1: 536870912 op, 1492517361.00 ns, 2.7800 ns/op
OverheadWarmup   2: 536870912 op, 877934621.00 ns, 1.6353 ns/op
OverheadWarmup   3: 536870912 op, 877506729.00 ns, 1.6345 ns/op
OverheadWarmup   4: 536870912 op, 878801068.00 ns, 1.6369 ns/op
OverheadWarmup   5: 536870912 op, 877686926.00 ns, 1.6348 ns/op
OverheadWarmup   6: 536870912 op, 879017094.00 ns, 1.6373 ns/op
OverheadWarmup   7: 536870912 op, 877780773.00 ns, 1.6350 ns/op

OverheadActual   1: 536870912 op, 879888219.00 ns, 1.6389 ns/op
OverheadActual   2: 536870912 op, 880079188.00 ns, 1.6393 ns/op
OverheadActual   3: 536870912 op, 878231149.00 ns, 1.6358 ns/op
OverheadActual   4: 536870912 op, 878704938.00 ns, 1.6367 ns/op
OverheadActual   5: 536870912 op, 878213596.00 ns, 1.6358 ns/op
OverheadActual   6: 536870912 op, 878257699.00 ns, 1.6359 ns/op
OverheadActual   7: 536870912 op, 878253260.00 ns, 1.6359 ns/op
OverheadActual   8: 536870912 op, 885897016.00 ns, 1.6501 ns/op
OverheadActual   9: 536870912 op, 878120598.00 ns, 1.6356 ns/op
OverheadActual  10: 536870912 op, 877780791.00 ns, 1.6350 ns/op
OverheadActual  11: 536870912 op, 878323560.00 ns, 1.6360 ns/op
OverheadActual  12: 536870912 op, 878353385.00 ns, 1.6361 ns/op
OverheadActual  13: 536870912 op, 879531568.00 ns, 1.6383 ns/op
OverheadActual  14: 536870912 op, 877952403.00 ns, 1.6353 ns/op
OverheadActual  15: 536870912 op, 879755428.00 ns, 1.6387 ns/op

WorkloadWarmup   1: 536870912 op, 879410100.00 ns, 1.6380 ns/op
WorkloadWarmup   2: 536870912 op, 877616653.00 ns, 1.6347 ns/op
WorkloadWarmup   3: 536870912 op, 877941352.00 ns, 1.6353 ns/op
WorkloadWarmup   4: 536870912 op, 878651054.00 ns, 1.6366 ns/op
WorkloadWarmup   5: 536870912 op, 879144461.00 ns, 1.6375 ns/op
WorkloadWarmup   6: 536870912 op, 878401095.00 ns, 1.6361 ns/op
WorkloadWarmup   7: 536870912 op, 879942629.00 ns, 1.6390 ns/op
WorkloadWarmup   8: 536870912 op, 879539903.00 ns, 1.6383 ns/op

// BeforeActualRun
WorkloadActual   1: 536870912 op, 877573861.00 ns, 1.6346 ns/op
WorkloadActual   2: 536870912 op, 879780715.00 ns, 1.6387 ns/op
WorkloadActual   3: 536870912 op, 877952176.00 ns, 1.6353 ns/op
WorkloadActual   4: 536870912 op, 878418694.00 ns, 1.6362 ns/op
WorkloadActual   5: 536870912 op, 878300593.00 ns, 1.6360 ns/op
WorkloadActual   6: 536870912 op, 878045544.00 ns, 1.6355 ns/op
WorkloadActual   7: 536870912 op, 877976624.00 ns, 1.6354 ns/op
WorkloadActual   8: 536870912 op, 879128326.00 ns, 1.6375 ns/op
WorkloadActual   9: 536870912 op, 877542439.00 ns, 1.6346 ns/op
WorkloadActual  10: 536870912 op, 876841474.00 ns, 1.6332 ns/op
WorkloadActual  11: 536870912 op, 877544193.00 ns, 1.6346 ns/op
WorkloadActual  12: 536870912 op, 877653547.00 ns, 1.6348 ns/op
WorkloadActual  13: 536870912 op, 877422425.00 ns, 1.6343 ns/op
WorkloadActual  14: 536870912 op, 878795452.00 ns, 1.6369 ns/op
WorkloadActual  15: 536870912 op, 877669659.00 ns, 1.6348 ns/op

// AfterActualRun
WorkloadResult   1: 536870912 op, 0.00 ns, 0.0000 ns/op
WorkloadResult   2: 536870912 op, 0.00 ns, 0.0000 ns/op
WorkloadResult   3: 536870912 op, 95134.00 ns, 0.0002 ns/op
WorkloadResult   4: 536870912 op, 0.00 ns, 0.0000 ns/op
WorkloadResult   5: 536870912 op, 0.00 ns, 0.0000 ns/op
WorkloadResult   6: 536870912 op, 0.00 ns, 0.0000 ns/op
WorkloadResult   7: 536870912 op, 804766.00 ns, 0.0015 ns/op
WorkloadResult   8: 536870912 op, 0.00 ns, 0.0000 ns/op
WorkloadResult   9: 536870912 op, 0.00 ns, 0.0000 ns/op
WorkloadResult  10: 536870912 op, 0.00 ns, 0.0000 ns/op
WorkloadResult  11: 536870912 op, 0.00 ns, 0.0000 ns/op
WorkloadResult  12: 536870912 op, 0.00 ns, 0.0000 ns/op
WorkloadResult  13: 536870912 op, 471892.00 ns, 0.0009 ns/op
WorkloadResult  14: 536870912 op, 0.00 ns, 0.0000 ns/op
// GC:  0 0 0 0 536870912
// Threading:  0 0 536870912

// AfterAll
// Benchmark Process 5393 has exited with code 0.

Mean = 0.000 ns, StdErr = 0.000 ns (65.29%), N = 14, StdDev = 0.000 ns
Min = 0.000 ns, Q1 = 0.000 ns, Median = 0.000 ns, Q3 = 0.000 ns, Max = 0.001 ns
IQR = 0.000 ns, LowerFence = 0.000 ns, UpperFence = 0.000 ns
ConfidenceInterval = [-0.000 ns; 0.001 ns] (CI 99.9%), Margin = 0.001 ns (275.59% of Mean)
Skewness = 2.06, Kurtosis = 5.88, MValue = 2

// ** Remained 23 (42.6 %) benchmark(s) to run. Estimated finish 2026-09-13 7:24 (0h 3m from now) **
// **************************
// Benchmark: TokenAllocationBenchmarks.CreateStructToken: .NET 10.0(Runtime=.NET 10.0, Toolchain=net10.0)
// *** Execute ***
// Launch: 1 / 1
// Execute: dotnet "EricksonLopez.Concurrency.Benchmarks-.NET 10.0-1.dll" --anonymousPipes 123 124 --benchmarkName EricksonLopez.Concurrency.Benchmarks.TokenAllocationBenchmarks.CreateStructToken --job ".NET 10.0" --benchmarkId 11 in /home/runner/work/dotnet-concurrency/dotnet-concurrency/benchmarks/EricksonLopez.Concurrency.Benchmarks/bin/Release/net10.0/EricksonLopez.Concurrency.Benchmarks-.NET 10.0-1/bin/Release/net10.0
// Failed to set up high priority (Permission denied). In order to run benchmarks with high priority, make sure you have the right permissions.
// BeforeAnythingElse

// Benchmark Process Environment Information:
// BenchmarkDotNet v0.15.8
// Runtime=.NET 10.0.12 (10.0.12, 10.0.1226.42308), X64 RyuJIT x86-64-v3
// GC=Concurrent Workstation
// HardwareIntrinsics=AVX2+BMI1+BMI2+F16C+FMA+LZCNT+MOVBE,AVX,SSE3+SSSE3+SSE4.1+SSE4.2+POPCNT,X86Base+SSE+SSE2,AES+PCLMUL VectorSize=256
// Job: .NET 10.0

OverheadJitting  1: 1 op, 226515.00 ns, 226.5150 us/op
WorkloadJitting  1: 1 op, 253626.00 ns, 253.6260 us/op

OverheadJitting  2: 16 op, 215905.00 ns, 13.4941 us/op
WorkloadJitting  2: 16 op, 277952.00 ns, 17.3720 us/op

WorkloadPilot    1: 16 op, 1002.00 ns, 62.6250 ns/op
WorkloadPilot    2: 32 op, 971.00 ns, 30.3438 ns/op
WorkloadPilot    3: 64 op, 1293.00 ns, 20.2031 ns/op
WorkloadPilot    4: 128 op, 1834.00 ns, 14.3281 ns/op
WorkloadPilot    5: 256 op, 2985.00 ns, 11.6602 ns/op
WorkloadPilot    6: 512 op, 5330.00 ns, 10.4102 ns/op
WorkloadPilot    7: 1024 op, 9948.00 ns, 9.7148 ns/op
WorkloadPilot    8: 2048 op, 19256.00 ns, 9.4023 ns/op
WorkloadPilot    9: 4096 op, 37841.00 ns, 9.2385 ns/op
WorkloadPilot   10: 8192 op, 74841.00 ns, 9.1359 ns/op
WorkloadPilot   11: 16384 op, 165140.00 ns, 10.0793 ns/op
WorkloadPilot   12: 32768 op, 296496.00 ns, 9.0483 ns/op
WorkloadPilot   13: 65536 op, 592512.00 ns, 9.0410 ns/op
WorkloadPilot   14: 131072 op, 1209259.00 ns, 9.2259 ns/op
WorkloadPilot   15: 262144 op, 2400965.00 ns, 9.1590 ns/op
WorkloadPilot   16: 524288 op, 4823953.00 ns, 9.2010 ns/op
WorkloadPilot   17: 1048576 op, 9618670.00 ns, 9.1731 ns/op
WorkloadPilot   18: 2097152 op, 19175695.00 ns, 9.1437 ns/op
WorkloadPilot   19: 4194304 op, 38349688.00 ns, 9.1433 ns/op
WorkloadPilot   20: 8388608 op, 76736446.00 ns, 9.1477 ns/op
WorkloadPilot   21: 16777216 op, 136000563.00 ns, 8.1063 ns/op
WorkloadPilot   22: 33554432 op, 94668889.00 ns, 2.8214 ns/op
WorkloadPilot   23: 67108864 op, 189283254.00 ns, 2.8205 ns/op
WorkloadPilot   24: 134217728 op, 377925575.00 ns, 2.8158 ns/op
WorkloadPilot   25: 268435456 op, 757087410.00 ns, 2.8204 ns/op

OverheadWarmup   1: 268435456 op, 604989139.00 ns, 2.2538 ns/op
OverheadWarmup   2: 268435456 op, 440100885.00 ns, 1.6395 ns/op
OverheadWarmup   3: 268435456 op, 438640524.00 ns, 1.6341 ns/op
OverheadWarmup   4: 268435456 op, 524299655.00 ns, 1.9532 ns/op
OverheadWarmup   5: 268435456 op, 438681543.00 ns, 1.6342 ns/op
OverheadWarmup   6: 268435456 op, 440279840.00 ns, 1.6402 ns/op
OverheadWarmup   7: 268435456 op, 438477409.00 ns, 1.6335 ns/op

OverheadActual   1: 268435456 op, 439263000.00 ns, 1.6364 ns/op
OverheadActual   2: 268435456 op, 439518689.00 ns, 1.6373 ns/op
OverheadActual   3: 268435456 op, 438691059.00 ns, 1.6343 ns/op
OverheadActual   4: 268435456 op, 507848381.00 ns, 1.8919 ns/op
OverheadActual   5: 268435456 op, 438738907.00 ns, 1.6344 ns/op
OverheadActual   6: 268435456 op, 440867004.00 ns, 1.6424 ns/op
OverheadActual   7: 268435456 op, 438952210.00 ns, 1.6352 ns/op
OverheadActual   8: 268435456 op, 439750599.00 ns, 1.6382 ns/op
OverheadActual   9: 268435456 op, 438666834.00 ns, 1.6342 ns/op
OverheadActual  10: 268435456 op, 438545838.00 ns, 1.6337 ns/op
OverheadActual  11: 268435456 op, 439390202.00 ns, 1.6369 ns/op
OverheadActual  12: 268435456 op, 438678406.00 ns, 1.6342 ns/op
OverheadActual  13: 268435456 op, 439226556.00 ns, 1.6362 ns/op
OverheadActual  14: 268435456 op, 438483050.00 ns, 1.6335 ns/op
OverheadActual  15: 268435456 op, 439710484.00 ns, 1.6380 ns/op

WorkloadWarmup   1: 268435456 op, 755575152.00 ns, 2.8147 ns/op
WorkloadWarmup   2: 268435456 op, 756034587.00 ns, 2.8164 ns/op
WorkloadWarmup   3: 268435456 op, 755849821.00 ns, 2.8158 ns/op
WorkloadWarmup   4: 268435456 op, 756127863.00 ns, 2.8168 ns/op
WorkloadWarmup   5: 268435456 op, 755580520.00 ns, 2.8148 ns/op
WorkloadWarmup   6: 268435456 op, 755675119.00 ns, 2.8151 ns/op

// BeforeActualRun
WorkloadActual   1: 268435456 op, 755827034.00 ns, 2.8157 ns/op
WorkloadActual   2: 268435456 op, 758857162.00 ns, 2.8270 ns/op
WorkloadActual   3: 268435456 op, 755126389.00 ns, 2.8131 ns/op
WorkloadActual   4: 268435456 op, 755742715.00 ns, 2.8154 ns/op
WorkloadActual   5: 268435456 op, 756087483.00 ns, 2.8166 ns/op
WorkloadActual   6: 268435456 op, 755830726.00 ns, 2.8157 ns/op
WorkloadActual   7: 268435456 op, 754946621.00 ns, 2.8124 ns/op
WorkloadActual   8: 268435456 op, 755248727.00 ns, 2.8135 ns/op
WorkloadActual   9: 268435456 op, 756679924.00 ns, 2.8189 ns/op
WorkloadActual  10: 268435456 op, 755421251.00 ns, 2.8142 ns/op
WorkloadActual  11: 268435456 op, 754856130.00 ns, 2.8121 ns/op
WorkloadActual  12: 268435456 op, 755706887.00 ns, 2.8152 ns/op
WorkloadActual  13: 268435456 op, 758140968.00 ns, 2.8243 ns/op
WorkloadActual  14: 268435456 op, 755782699.00 ns, 2.8155 ns/op
WorkloadActual  15: 268435456 op, 754857923.00 ns, 2.8121 ns/op

// AfterActualRun
WorkloadResult   1: 268435456 op, 316600478.00 ns, 1.1794 ns/op
WorkloadResult   2: 268435456 op, 315899833.00 ns, 1.1768 ns/op
WorkloadResult   3: 268435456 op, 316516159.00 ns, 1.1791 ns/op
WorkloadResult   4: 268435456 op, 316860927.00 ns, 1.1804 ns/op
WorkloadResult   5: 268435456 op, 316604170.00 ns, 1.1794 ns/op
WorkloadResult   6: 268435456 op, 315720065.00 ns, 1.1761 ns/op
WorkloadResult   7: 268435456 op, 316022171.00 ns, 1.1773 ns/op
WorkloadResult   8: 268435456 op, 317453368.00 ns, 1.1826 ns/op
WorkloadResult   9: 268435456 op, 316194695.00 ns, 1.1779 ns/op
WorkloadResult  10: 268435456 op, 315629574.00 ns, 1.1758 ns/op
WorkloadResult  11: 268435456 op, 316480331.00 ns, 1.1790 ns/op
WorkloadResult  12: 268435456 op, 316556143.00 ns, 1.1793 ns/op
WorkloadResult  13: 268435456 op, 315631367.00 ns, 1.1758 ns/op
// GC:  0 0 0 0 268435456
// Threading:  0 0 268435456

// AfterAll
// Benchmark Process 5412 has exited with code 0.

Mean = 1.178 ns, StdErr = 0.001 ns (0.05%), N = 13, StdDev = 0.002 ns
Min = 1.176 ns, Q1 = 1.177 ns, Median = 1.179 ns, Q3 = 1.179 ns, Max = 1.183 ns
IQR = 0.003 ns, LowerFence = 1.173 ns, UpperFence = 1.183 ns
ConfidenceInterval = [1.176 ns; 1.181 ns] (CI 99.9%), Margin = 0.002 ns (0.20% of Mean)
Skewness = 0.35, Kurtosis = 2.21, MValue = 2

// ** Remained 22 (40.7 %) benchmark(s) to run. Estimated finish 2026-09-13 7:24 (0h 3m from now) **
// **************************
// Benchmark: TokenAllocationBenchmarks.CreateExpectedVersionSpecific: .NET 10.0(Runtime=.NET 10.0, Toolchain=net10.0)
// *** Execute ***
// Launch: 1 / 1
// Execute: dotnet "EricksonLopez.Concurrency.Benchmarks-.NET 10.0-1.dll" --anonymousPipes 123 124 --benchmarkName EricksonLopez.Concurrency.Benchmarks.TokenAllocationBenchmarks.CreateExpectedVersionSpecific --job ".NET 10.0" --benchmarkId 12 in /home/runner/work/dotnet-concurrency/dotnet-concurrency/benchmarks/EricksonLopez.Concurrency.Benchmarks/bin/Release/net10.0/EricksonLopez.Concurrency.Benchmarks-.NET 10.0-1/bin/Release/net10.0
// Failed to set up high priority (Permission denied). In order to run benchmarks with high priority, make sure you have the right permissions.
// BeforeAnythingElse

// Benchmark Process Environment Information:
// BenchmarkDotNet v0.15.8
// Runtime=.NET 10.0.12 (10.0.12, 10.0.1226.42308), X64 RyuJIT x86-64-v3
// GC=Concurrent Workstation
// HardwareIntrinsics=AVX2+BMI1+BMI2+F16C+FMA+LZCNT+MOVBE,AVX,SSE3+SSSE3+SSE4.1+SSE4.2+POPCNT,X86Base+SSE+SSE2,AES+PCLMUL VectorSize=256
// Job: .NET 10.0

OverheadJitting  1: 1 op, 259267.00 ns, 259.2670 us/op
WorkloadJitting  1: 1 op, 254708.00 ns, 254.7080 us/op

OverheadJitting  2: 16 op, 207510.00 ns, 12.9694 us/op
WorkloadJitting  2: 16 op, 253205.00 ns, 15.8253 us/op

WorkloadPilot    1: 16 op, 862.00 ns, 53.8750 ns/op
WorkloadPilot    2: 32 op, 1032.00 ns, 32.2500 ns/op
WorkloadPilot    3: 64 op, 1412.00 ns, 22.0625 ns/op
WorkloadPilot    4: 128 op, 2365.00 ns, 18.4766 ns/op
WorkloadPilot    5: 256 op, 4107.00 ns, 16.0430 ns/op
WorkloadPilot    6: 512 op, 7614.00 ns, 14.8711 ns/op
WorkloadPilot    7: 1024 op, 14677.00 ns, 14.3330 ns/op
WorkloadPilot    8: 2048 op, 28845.00 ns, 14.0845 ns/op
WorkloadPilot    9: 4096 op, 56746.00 ns, 13.8540 ns/op
WorkloadPilot   10: 8192 op, 112822.00 ns, 13.7722 ns/op
WorkloadPilot   11: 16384 op, 225534.00 ns, 13.7655 ns/op
WorkloadPilot   12: 32768 op, 449123.00 ns, 13.7061 ns/op
WorkloadPilot   13: 65536 op, 925578.00 ns, 14.1232 ns/op
WorkloadPilot   14: 131072 op, 1839953.00 ns, 14.0377 ns/op
WorkloadPilot   15: 262144 op, 3633620.00 ns, 13.8612 ns/op
WorkloadPilot   16: 524288 op, 7294402.00 ns, 13.9130 ns/op
WorkloadPilot   17: 1048576 op, 14583342.00 ns, 13.9078 ns/op
WorkloadPilot   18: 2097152 op, 29102084.00 ns, 13.8770 ns/op
WorkloadPilot   19: 4194304 op, 58916896.00 ns, 14.0469 ns/op
WorkloadPilot   20: 8388608 op, 73803889.00 ns, 8.7981 ns/op
WorkloadPilot   21: 16777216 op, 27422972.00 ns, 1.6345 ns/op
WorkloadPilot   22: 33554432 op, 54916226.00 ns, 1.6366 ns/op
WorkloadPilot   23: 67108864 op, 109866908.00 ns, 1.6371 ns/op
WorkloadPilot   24: 134217728 op, 219587233.00 ns, 1.6361 ns/op
WorkloadPilot   25: 268435456 op, 439669170.00 ns, 1.6379 ns/op
WorkloadPilot   26: 536870912 op, 878200104.00 ns, 1.6358 ns/op

OverheadWarmup   1: 536870912 op, 1492070174.00 ns, 2.7792 ns/op
OverheadWarmup   2: 536870912 op, 880210826.00 ns, 1.6395 ns/op
OverheadWarmup   3: 536870912 op, 878119683.00 ns, 1.6356 ns/op
OverheadWarmup   4: 536870912 op, 877242176.00 ns, 1.6340 ns/op
OverheadWarmup   5: 536870912 op, 877520136.00 ns, 1.6345 ns/op
OverheadWarmup   6: 536870912 op, 878030665.00 ns, 1.6355 ns/op
OverheadWarmup   7: 536870912 op, 878074274.00 ns, 1.6355 ns/op
OverheadWarmup   8: 536870912 op, 878148704.00 ns, 1.6357 ns/op
OverheadWarmup   9: 536870912 op, 878839360.00 ns, 1.6370 ns/op
OverheadWarmup  10: 536870912 op, 878114680.00 ns, 1.6356 ns/op

OverheadActual   1: 536870912 op, 878005676.00 ns, 1.6354 ns/op
OverheadActual   2: 536870912 op, 877278251.00 ns, 1.6341 ns/op
OverheadActual   3: 536870912 op, 878585855.00 ns, 1.6365 ns/op
OverheadActual   4: 536870912 op, 878350483.00 ns, 1.6361 ns/op
OverheadActual   5: 536870912 op, 877951898.00 ns, 1.6353 ns/op
OverheadActual   6: 536870912 op, 878284512.00 ns, 1.6359 ns/op
OverheadActual   7: 536870912 op, 877854794.00 ns, 1.6351 ns/op
OverheadActual   8: 536870912 op, 877952948.00 ns, 1.6353 ns/op
OverheadActual   9: 536870912 op, 878824749.00 ns, 1.6369 ns/op
OverheadActual  10: 536870912 op, 877707297.00 ns, 1.6349 ns/op
OverheadActual  11: 536870912 op, 877455189.00 ns, 1.6344 ns/op
OverheadActual  12: 536870912 op, 882630665.00 ns, 1.6440 ns/op
OverheadActual  13: 536870912 op, 877491156.00 ns, 1.6345 ns/op
OverheadActual  14: 536870912 op, 877631150.00 ns, 1.6347 ns/op
OverheadActual  15: 536870912 op, 878059309.00 ns, 1.6355 ns/op

WorkloadWarmup   1: 536870912 op, 877758363.00 ns, 1.6350 ns/op
WorkloadWarmup   2: 536870912 op, 877654839.00 ns, 1.6348 ns/op
WorkloadWarmup   3: 536870912 op, 877754957.00 ns, 1.6349 ns/op
WorkloadWarmup   4: 536870912 op, 877621145.00 ns, 1.6347 ns/op
WorkloadWarmup   5: 536870912 op, 877985950.00 ns, 1.6354 ns/op
WorkloadWarmup   6: 536870912 op, 877960432.00 ns, 1.6353 ns/op

// BeforeActualRun
WorkloadActual   1: 536870912 op, 878150820.00 ns, 1.6357 ns/op
WorkloadActual   2: 536870912 op, 877709071.00 ns, 1.6349 ns/op
WorkloadActual   3: 536870912 op, 877636682.00 ns, 1.6347 ns/op
WorkloadActual   4: 536870912 op, 877684333.00 ns, 1.6348 ns/op
WorkloadActual   5: 536870912 op, 886122406.00 ns, 1.6505 ns/op
WorkloadActual   6: 536870912 op, 877088464.00 ns, 1.6337 ns/op
WorkloadActual   7: 536870912 op, 877984186.00 ns, 1.6354 ns/op
WorkloadActual   8: 536870912 op, 877133438.00 ns, 1.6338 ns/op
WorkloadActual   9: 536870912 op, 877735719.00 ns, 1.6349 ns/op
WorkloadActual  10: 536870912 op, 877789791.00 ns, 1.6350 ns/op
WorkloadActual  11: 536870912 op, 877872707.00 ns, 1.6352 ns/op
WorkloadActual  12: 536870912 op, 878087617.00 ns, 1.6356 ns/op
WorkloadActual  13: 536870912 op, 878109054.00 ns, 1.6356 ns/op
WorkloadActual  14: 536870912 op, 877059112.00 ns, 1.6336 ns/op
WorkloadActual  15: 536870912 op, 878061438.00 ns, 1.6355 ns/op

// AfterActualRun
WorkloadResult   1: 536870912 op, 197872.00 ns, 0.0004 ns/op
WorkloadResult   2: 536870912 op, 0.00 ns, 0.0000 ns/op
WorkloadResult   3: 536870912 op, 0.00 ns, 0.0000 ns/op
WorkloadResult   4: 536870912 op, 0.00 ns, 0.0000 ns/op
WorkloadResult   5: 536870912 op, 0.00 ns, 0.0000 ns/op
WorkloadResult   6: 536870912 op, 31238.00 ns, 0.0001 ns/op
WorkloadResult   7: 536870912 op, 0.00 ns, 0.0000 ns/op
WorkloadResult   8: 536870912 op, 0.00 ns, 0.0000 ns/op
WorkloadResult   9: 536870912 op, 0.00 ns, 0.0000 ns/op
WorkloadResult  10: 536870912 op, 0.00 ns, 0.0000 ns/op
WorkloadResult  11: 536870912 op, 134669.00 ns, 0.0003 ns/op
WorkloadResult  12: 536870912 op, 156106.00 ns, 0.0003 ns/op
WorkloadResult  13: 536870912 op, 0.00 ns, 0.0000 ns/op
WorkloadResult  14: 536870912 op, 108490.00 ns, 0.0002 ns/op
// GC:  0 0 0 32 536870912
// Threading:  0 0 536870912

// AfterAll
// Benchmark Process 5428 has exited with code 0.

Mean = 0.000 ns, StdErr = 0.000 ns (42.49%), N = 14, StdDev = 0.000 ns
Min = 0.000 ns, Q1 = 0.000 ns, Median = 0.000 ns, Q3 = 0.000 ns, Max = 0.000 ns
IQR = 0.000 ns, LowerFence = -0.000 ns, UpperFence = 0.000 ns
ConfidenceInterval = [-0.000 ns; 0.000 ns] (CI 99.9%), Margin = 0.000 ns (179.35% of Mean)
Skewness = 1.01, Kurtosis = 2.26, MValue = 2

// ** Remained 21 (38.9 %) benchmark(s) to run. Estimated finish 2026-09-13 7:25 (0h 4m from now) **
// **************************
// Benchmark: TokenAllocationBenchmarks.TryParseSpanVersion: .NET 10.0(Runtime=.NET 10.0, Toolchain=net10.0)
// *** Execute ***
// Launch: 1 / 1
// Execute: dotnet "EricksonLopez.Concurrency.Benchmarks-.NET 10.0-1.dll" --anonymousPipes 123 124 --benchmarkName EricksonLopez.Concurrency.Benchmarks.TokenAllocationBenchmarks.TryParseSpanVersion --job ".NET 10.0" --benchmarkId 13 in /home/runner/work/dotnet-concurrency/dotnet-concurrency/benchmarks/EricksonLopez.Concurrency.Benchmarks/bin/Release/net10.0/EricksonLopez.Concurrency.Benchmarks-.NET 10.0-1/bin/Release/net10.0
// Failed to set up high priority (Permission denied). In order to run benchmarks with high priority, make sure you have the right permissions.
// BeforeAnythingElse

// Benchmark Process Environment Information:
// BenchmarkDotNet v0.15.8
// Runtime=.NET 10.0.12 (10.0.12, 10.0.1226.42308), X64 RyuJIT x86-64-v3
// GC=Concurrent Workstation
// HardwareIntrinsics=AVX2+BMI1+BMI2+F16C+FMA+LZCNT+MOVBE,AVX,SSE3+SSSE3+SSE4.1+SSE4.2+POPCNT,X86Base+SSE+SSE2,AES+PCLMUL VectorSize=256
// Job: .NET 10.0

OverheadJitting  1: 1 op, 207600.00 ns, 207.6000 us/op
WorkloadJitting  1: 1 op, 443703.00 ns, 443.7030 us/op

OverheadJitting  2: 16 op, 337103.00 ns, 21.0689 us/op
WorkloadJitting  2: 16 op, 329609.00 ns, 20.6006 us/op

WorkloadPilot    1: 16 op, 2215.00 ns, 138.4375 ns/op
WorkloadPilot    2: 32 op, 2796.00 ns, 87.3750 ns/op
WorkloadPilot    3: 64 op, 4088.00 ns, 63.8750 ns/op
WorkloadPilot    4: 128 op, 5931.00 ns, 46.3359 ns/op
WorkloadPilot    5: 256 op, 10750.00 ns, 41.9922 ns/op
WorkloadPilot    6: 512 op, 19026.00 ns, 37.1602 ns/op
WorkloadPilot    7: 1024 op, 36308.00 ns, 35.4570 ns/op
WorkloadPilot    8: 2048 op, 72136.00 ns, 35.2227 ns/op
WorkloadPilot    9: 4096 op, 140984.00 ns, 34.4199 ns/op
WorkloadPilot   10: 8192 op, 280467.00 ns, 34.2367 ns/op
WorkloadPilot   11: 16384 op, 577123.00 ns, 35.2248 ns/op
WorkloadPilot   12: 32768 op, 1134481.00 ns, 34.6216 ns/op
WorkloadPilot   13: 65536 op, 2274199.00 ns, 34.7015 ns/op
WorkloadPilot   14: 131072 op, 4576192.00 ns, 34.9136 ns/op
WorkloadPilot   15: 262144 op, 9166070.00 ns, 34.9658 ns/op
WorkloadPilot   16: 524288 op, 18112457.00 ns, 34.5468 ns/op
WorkloadPilot   17: 1048576 op, 36443014.00 ns, 34.7548 ns/op
WorkloadPilot   18: 2097152 op, 73050948.00 ns, 34.8334 ns/op
WorkloadPilot   19: 4194304 op, 96147404.00 ns, 22.9233 ns/op
WorkloadPilot   20: 8388608 op, 134902808.00 ns, 16.0817 ns/op
WorkloadPilot   21: 16777216 op, 269373926.00 ns, 16.0559 ns/op
WorkloadPilot   22: 33554432 op, 539023440.00 ns, 16.0642 ns/op

OverheadWarmup   1: 33554432 op, 77713131.00 ns, 2.3160 ns/op
OverheadWarmup   2: 33554432 op, 77675170.00 ns, 2.3149 ns/op
OverheadWarmup   3: 33554432 op, 85769157.00 ns, 2.5561 ns/op
OverheadWarmup   4: 33554432 op, 63218777.00 ns, 1.8841 ns/op
OverheadWarmup   5: 33554432 op, 62629381.00 ns, 1.8665 ns/op
OverheadWarmup   6: 33554432 op, 61812897.00 ns, 1.8422 ns/op
OverheadWarmup   7: 33554432 op, 61887939.00 ns, 1.8444 ns/op
OverheadWarmup   8: 33554432 op, 62700815.00 ns, 1.8686 ns/op
OverheadWarmup   9: 33554432 op, 62839555.00 ns, 1.8728 ns/op
OverheadWarmup  10: 33554432 op, 62965822.00 ns, 1.8765 ns/op

OverheadActual   1: 33554432 op, 62361637.00 ns, 1.8585 ns/op
OverheadActual   2: 33554432 op, 62558668.00 ns, 1.8644 ns/op
OverheadActual   3: 33554432 op, 62422102.00 ns, 1.8603 ns/op
OverheadActual   4: 33554432 op, 62909847.00 ns, 1.8749 ns/op
OverheadActual   5: 33554432 op, 62269034.00 ns, 1.8558 ns/op
OverheadActual   6: 33554432 op, 62031388.00 ns, 1.8487 ns/op
OverheadActual   7: 33554432 op, 79385521.00 ns, 2.3659 ns/op
OverheadActual   8: 33554432 op, 62123190.00 ns, 1.8514 ns/op
OverheadActual   9: 33554432 op, 64246066.00 ns, 1.9147 ns/op
OverheadActual  10: 33554432 op, 61709804.00 ns, 1.8391 ns/op
OverheadActual  11: 33554432 op, 62727565.00 ns, 1.8694 ns/op
OverheadActual  12: 33554432 op, 62204813.00 ns, 1.8538 ns/op
OverheadActual  13: 33554432 op, 62240791.00 ns, 1.8549 ns/op
OverheadActual  14: 33554432 op, 62417432.00 ns, 1.8602 ns/op
OverheadActual  15: 33554432 op, 62317675.00 ns, 1.8572 ns/op

WorkloadWarmup   1: 33554432 op, 539161569.00 ns, 16.0683 ns/op
WorkloadWarmup   2: 33554432 op, 538354336.00 ns, 16.0442 ns/op
WorkloadWarmup   3: 33554432 op, 539117724.00 ns, 16.0670 ns/op
WorkloadWarmup   4: 33554432 op, 538089472.00 ns, 16.0363 ns/op
WorkloadWarmup   5: 33554432 op, 538698053.00 ns, 16.0545 ns/op
WorkloadWarmup   6: 33554432 op, 533984084.00 ns, 15.9140 ns/op

// BeforeActualRun
WorkloadActual   1: 33554432 op, 539553612.00 ns, 16.0800 ns/op
WorkloadActual   2: 33554432 op, 539153491.00 ns, 16.0680 ns/op
WorkloadActual   3: 33554432 op, 538279490.00 ns, 16.0420 ns/op
WorkloadActual   4: 33554432 op, 531055645.00 ns, 15.8267 ns/op
WorkloadActual   5: 33554432 op, 535079431.00 ns, 15.9466 ns/op
WorkloadActual   6: 33554432 op, 539787241.00 ns, 16.0869 ns/op
WorkloadActual   7: 33554432 op, 540661861.00 ns, 16.1130 ns/op
WorkloadActual   8: 33554432 op, 539429940.00 ns, 16.0763 ns/op
WorkloadActual   9: 33554432 op, 538332450.00 ns, 16.0436 ns/op
WorkloadActual  10: 33554432 op, 539253810.00 ns, 16.0710 ns/op
WorkloadActual  11: 33554432 op, 538449504.00 ns, 16.0470 ns/op
WorkloadActual  12: 33554432 op, 538806623.00 ns, 16.0577 ns/op
WorkloadActual  13: 33554432 op, 538411719.00 ns, 16.0459 ns/op
WorkloadActual  14: 33554432 op, 539281544.00 ns, 16.0718 ns/op
WorkloadActual  15: 33554432 op, 541157720.00 ns, 16.1278 ns/op

// AfterActualRun
WorkloadResult   1: 33554432 op, 477191975.00 ns, 14.2214 ns/op
WorkloadResult   2: 33554432 op, 476791854.00 ns, 14.2095 ns/op
WorkloadResult   3: 33554432 op, 475917853.00 ns, 14.1835 ns/op
WorkloadResult   4: 33554432 op, 468694008.00 ns, 13.9682 ns/op
WorkloadResult   5: 33554432 op, 472717794.00 ns, 14.0881 ns/op
WorkloadResult   6: 33554432 op, 477425604.00 ns, 14.2284 ns/op
WorkloadResult   7: 33554432 op, 478300224.00 ns, 14.2545 ns/op
WorkloadResult   8: 33554432 op, 477068303.00 ns, 14.2177 ns/op
WorkloadResult   9: 33554432 op, 475970813.00 ns, 14.1850 ns/op
WorkloadResult  10: 33554432 op, 476892173.00 ns, 14.2125 ns/op
WorkloadResult  11: 33554432 op, 476087867.00 ns, 14.1885 ns/op
WorkloadResult  12: 33554432 op, 476444986.00 ns, 14.1992 ns/op
WorkloadResult  13: 33554432 op, 476050082.00 ns, 14.1874 ns/op
WorkloadResult  14: 33554432 op, 476919907.00 ns, 14.2133 ns/op
WorkloadResult  15: 33554432 op, 478796083.00 ns, 14.2692 ns/op
// GC:  0 0 0 0 33554432
// Threading:  0 0 33554432

// AfterAll
// Benchmark Process 5445 has exited with code 0.

Mean = 14.188 ns, StdErr = 0.019 ns (0.13%), N = 15, StdDev = 0.073 ns
Min = 13.968 ns, Q1 = 14.186 ns, Median = 14.210 ns, Q3 = 14.220 ns, Max = 14.269 ns
IQR = 0.033 ns, LowerFence = 14.136 ns, UpperFence = 14.270 ns
ConfidenceInterval = [14.110 ns; 14.267 ns] (CI 99.9%), Margin = 0.078 ns (0.55% of Mean)
Skewness = -1.83, Kurtosis = 5.89, MValue = 2

// ** Remained 20 (37.0 %) benchmark(s) to run. Estimated finish 2026-09-13 7:25 (0h 3m from now) **
// **************************
// Benchmark: TokenAllocationBenchmarks.TryParseStringVersion: .NET 10.0(Runtime=.NET 10.0, Toolchain=net10.0)
// *** Execute ***
// Launch: 1 / 1
// Execute: dotnet "EricksonLopez.Concurrency.Benchmarks-.NET 10.0-1.dll" --anonymousPipes 123 124 --benchmarkName EricksonLopez.Concurrency.Benchmarks.TokenAllocationBenchmarks.TryParseStringVersion --job ".NET 10.0" --benchmarkId 14 in /home/runner/work/dotnet-concurrency/dotnet-concurrency/benchmarks/EricksonLopez.Concurrency.Benchmarks/bin/Release/net10.0/EricksonLopez.Concurrency.Benchmarks-.NET 10.0-1/bin/Release/net10.0
// Failed to set up high priority (Permission denied). In order to run benchmarks with high priority, make sure you have the right permissions.
// BeforeAnythingElse

// Benchmark Process Environment Information:
// BenchmarkDotNet v0.15.8
// Runtime=.NET 10.0.12 (10.0.12, 10.0.1226.42308), X64 RyuJIT x86-64-v3
// GC=Concurrent Workstation
// HardwareIntrinsics=AVX2+BMI1+BMI2+F16C+FMA+LZCNT+MOVBE,AVX,SSE3+SSSE3+SSE4.1+SSE4.2+POPCNT,X86Base+SSE+SSE2,AES+PCLMUL VectorSize=256
// Job: .NET 10.0

OverheadJitting  1: 1 op, 203873.00 ns, 203.8730 us/op
WorkloadJitting  1: 1 op, 448633.00 ns, 448.6330 us/op

OverheadJitting  2: 16 op, 343956.00 ns, 21.4973 us/op
WorkloadJitting  2: 16 op, 326934.00 ns, 20.4334 us/op

WorkloadPilot    1: 16 op, 2354.00 ns, 147.1250 ns/op
WorkloadPilot    2: 32 op, 3006.00 ns, 93.9375 ns/op
WorkloadPilot    3: 64 op, 4108.00 ns, 64.1875 ns/op
WorkloadPilot    4: 128 op, 6392.00 ns, 49.9375 ns/op
WorkloadPilot    5: 256 op, 10840.00 ns, 42.3438 ns/op
WorkloadPilot    6: 512 op, 20058.00 ns, 39.1758 ns/op
WorkloadPilot    7: 1024 op, 38282.00 ns, 37.3848 ns/op
WorkloadPilot    8: 2048 op, 75051.00 ns, 36.6460 ns/op
WorkloadPilot    9: 4096 op, 147598.00 ns, 36.0347 ns/op
WorkloadPilot   10: 8192 op, 294743.00 ns, 35.9794 ns/op
WorkloadPilot   11: 16384 op, 612461.00 ns, 37.3817 ns/op
WorkloadPilot   12: 32768 op, 1195146.00 ns, 36.4730 ns/op
WorkloadPilot   13: 65536 op, 2396122.00 ns, 36.5619 ns/op
WorkloadPilot   14: 131072 op, 4744354.00 ns, 36.1965 ns/op
WorkloadPilot   15: 262144 op, 9496874.00 ns, 36.2277 ns/op
WorkloadPilot   16: 524288 op, 18993627.00 ns, 36.2275 ns/op
WorkloadPilot   17: 1048576 op, 37815721.00 ns, 36.0639 ns/op
WorkloadPilot   18: 2097152 op, 75665666.00 ns, 36.0802 ns/op
WorkloadPilot   19: 4194304 op, 99441097.00 ns, 23.7086 ns/op
WorkloadPilot   20: 8388608 op, 152571824.00 ns, 18.1880 ns/op
WorkloadPilot   21: 16777216 op, 304605136.00 ns, 18.1559 ns/op
WorkloadPilot   22: 33554432 op, 607871426.00 ns, 18.1160 ns/op

OverheadWarmup   1: 33554432 op, 85232442.00 ns, 2.5401 ns/op
OverheadWarmup   2: 33554432 op, 80975152.00 ns, 2.4132 ns/op
OverheadWarmup   3: 33554432 op, 89030187.00 ns, 2.6533 ns/op
OverheadWarmup   4: 33554432 op, 62633801.00 ns, 1.8666 ns/op
OverheadWarmup   5: 33554432 op, 62252535.00 ns, 1.8553 ns/op
OverheadWarmup   6: 33554432 op, 62452460.00 ns, 1.8612 ns/op
OverheadWarmup   7: 33554432 op, 63010530.00 ns, 1.8779 ns/op
OverheadWarmup   8: 33554432 op, 62413978.00 ns, 1.8601 ns/op

OverheadActual   1: 33554432 op, 62872850.00 ns, 1.8738 ns/op
OverheadActual   2: 33554432 op, 62681992.00 ns, 1.8681 ns/op
OverheadActual   3: 33554432 op, 62749959.00 ns, 1.8701 ns/op
OverheadActual   4: 33554432 op, 62210927.00 ns, 1.8540 ns/op
OverheadActual   5: 33554432 op, 62282662.00 ns, 1.8562 ns/op
OverheadActual   6: 33554432 op, 63131036.00 ns, 1.8815 ns/op
OverheadActual   7: 33554432 op, 62630085.00 ns, 1.8665 ns/op
OverheadActual   8: 33554432 op, 62620126.00 ns, 1.8662 ns/op
OverheadActual   9: 33554432 op, 62679116.00 ns, 1.8680 ns/op
OverheadActual  10: 33554432 op, 63054592.00 ns, 1.8792 ns/op
OverheadActual  11: 33554432 op, 62669719.00 ns, 1.8677 ns/op
OverheadActual  12: 33554432 op, 62190869.00 ns, 1.8534 ns/op
OverheadActual  13: 33554432 op, 62913427.00 ns, 1.8750 ns/op
OverheadActual  14: 33554432 op, 62628752.00 ns, 1.8665 ns/op
OverheadActual  15: 33554432 op, 62826664.00 ns, 1.8724 ns/op

WorkloadWarmup   1: 33554432 op, 609405750.00 ns, 18.1617 ns/op
WorkloadWarmup   2: 33554432 op, 600087998.00 ns, 17.8840 ns/op
WorkloadWarmup   3: 33554432 op, 609320415.00 ns, 18.1592 ns/op
WorkloadWarmup   4: 33554432 op, 618067029.00 ns, 18.4198 ns/op
WorkloadWarmup   5: 33554432 op, 607842278.00 ns, 18.1151 ns/op
WorkloadWarmup   6: 33554432 op, 608789830.00 ns, 18.1434 ns/op
WorkloadWarmup   7: 33554432 op, 608463487.00 ns, 18.1336 ns/op

// BeforeActualRun
WorkloadActual   1: 33554432 op, 608490990.00 ns, 18.1344 ns/op
WorkloadActual   2: 33554432 op, 601728469.00 ns, 17.9329 ns/op
WorkloadActual   3: 33554432 op, 597126599.00 ns, 17.7958 ns/op
WorkloadActual   4: 33554432 op, 597645683.00 ns, 17.8112 ns/op
WorkloadActual   5: 33554432 op, 608079407.00 ns, 18.1222 ns/op
WorkloadActual   6: 33554432 op, 608725650.00 ns, 18.1414 ns/op
WorkloadActual   7: 33554432 op, 610494231.00 ns, 18.1941 ns/op
WorkloadActual   8: 33554432 op, 600404964.00 ns, 17.8935 ns/op
WorkloadActual   9: 33554432 op, 610379425.00 ns, 18.1907 ns/op
WorkloadActual  10: 33554432 op, 607859104.00 ns, 18.1156 ns/op
WorkloadActual  11: 33554432 op, 606606379.00 ns, 18.0783 ns/op
WorkloadActual  12: 33554432 op, 602049541.00 ns, 17.9425 ns/op
WorkloadActual  13: 33554432 op, 598734504.00 ns, 17.8437 ns/op
WorkloadActual  14: 33554432 op, 608843004.00 ns, 18.1449 ns/op
WorkloadActual  15: 33554432 op, 607925575.00 ns, 18.1176 ns/op

// AfterActualRun
WorkloadResult   1: 33554432 op, 545811874.00 ns, 16.2665 ns/op
WorkloadResult   2: 33554432 op, 539049353.00 ns, 16.0649 ns/op
WorkloadResult   3: 33554432 op, 534447483.00 ns, 15.9278 ns/op
WorkloadResult   4: 33554432 op, 534966567.00 ns, 15.9432 ns/op
WorkloadResult   5: 33554432 op, 545400291.00 ns, 16.2542 ns/op
WorkloadResult   6: 33554432 op, 546046534.00 ns, 16.2735 ns/op
WorkloadResult   7: 33554432 op, 547815115.00 ns, 16.3262 ns/op
WorkloadResult   8: 33554432 op, 537725848.00 ns, 16.0255 ns/op
WorkloadResult   9: 33554432 op, 547700309.00 ns, 16.3227 ns/op
WorkloadResult  10: 33554432 op, 545179988.00 ns, 16.2476 ns/op
WorkloadResult  11: 33554432 op, 543927263.00 ns, 16.2103 ns/op
WorkloadResult  12: 33554432 op, 539370425.00 ns, 16.0745 ns/op
WorkloadResult  13: 33554432 op, 536055388.00 ns, 15.9757 ns/op
WorkloadResult  14: 33554432 op, 546163888.00 ns, 16.2770 ns/op
WorkloadResult  15: 33554432 op, 545246459.00 ns, 16.2496 ns/op
// GC:  0 0 0 0 33554432
// Threading:  0 0 33554432

// AfterAll
// Benchmark Process 5454 has exited with code 0.

Mean = 16.163 ns, StdErr = 0.037 ns (0.23%), N = 15, StdDev = 0.144 ns
Min = 15.928 ns, Q1 = 16.045 ns, Median = 16.248 ns, Q3 = 16.270 ns, Max = 16.326 ns
IQR = 0.225 ns, LowerFence = 15.708 ns, UpperFence = 16.607 ns
ConfidenceInterval = [16.009 ns; 16.316 ns] (CI 99.9%), Margin = 0.153 ns (0.95% of Mean)
Skewness = -0.44, Kurtosis = 1.43, MValue = 2

// ** Remained 19 (35.2 %) benchmark(s) to run. Estimated finish 2026-09-13 7:25 (0h 3m from now) **
// **************************
// Benchmark: TokenAllocationBenchmarks.FormatVersionToString: .NET 10.0(Runtime=.NET 10.0, Toolchain=net10.0)
// *** Execute ***
// Launch: 1 / 1
// Execute: dotnet "EricksonLopez.Concurrency.Benchmarks-.NET 10.0-1.dll" --anonymousPipes 123 124 --benchmarkName EricksonLopez.Concurrency.Benchmarks.TokenAllocationBenchmarks.FormatVersionToString --job ".NET 10.0" --benchmarkId 15 in /home/runner/work/dotnet-concurrency/dotnet-concurrency/benchmarks/EricksonLopez.Concurrency.Benchmarks/bin/Release/net10.0/EricksonLopez.Concurrency.Benchmarks-.NET 10.0-1/bin/Release/net10.0
// Failed to set up high priority (Permission denied). In order to run benchmarks with high priority, make sure you have the right permissions.
// BeforeAnythingElse

// Benchmark Process Environment Information:
// BenchmarkDotNet v0.15.8
// Runtime=.NET 10.0.12 (10.0.12, 10.0.1226.42308), X64 RyuJIT x86-64-v3
// GC=Concurrent Workstation
// HardwareIntrinsics=AVX2+BMI1+BMI2+F16C+FMA+LZCNT+MOVBE,AVX,SSE3+SSSE3+SSE4.1+SSE4.2+POPCNT,X86Base+SSE+SSE2,AES+PCLMUL VectorSize=256
// Job: .NET 10.0

OverheadJitting  1: 1 op, 222217.00 ns, 222.2170 us/op
WorkloadJitting  1: 1 op, 317867.00 ns, 317.8670 us/op

OverheadJitting  2: 16 op, 458281.00 ns, 28.6426 us/op
WorkloadJitting  2: 16 op, 510739.00 ns, 31.9212 us/op

WorkloadPilot    1: 16 op, 3517.00 ns, 219.8125 ns/op
WorkloadPilot    2: 32 op, 3517.00 ns, 109.9063 ns/op
WorkloadPilot    3: 64 op, 3827.00 ns, 59.7969 ns/op
WorkloadPilot    4: 128 op, 23725.00 ns, 185.3516 ns/op
WorkloadPilot    5: 256 op, 31700.00 ns, 123.8281 ns/op
WorkloadPilot    6: 512 op, 44504.00 ns, 86.9219 ns/op
WorkloadPilot    7: 1024 op, 71825.00 ns, 70.1416 ns/op
WorkloadPilot    8: 2048 op, 130165.00 ns, 63.5571 ns/op
WorkloadPilot    9: 4096 op, 215645.00 ns, 52.6477 ns/op
WorkloadPilot   10: 8192 op, 312577.00 ns, 38.1564 ns/op
WorkloadPilot   11: 16384 op, 743937.00 ns, 45.4063 ns/op
WorkloadPilot   12: 32768 op, 1449582.00 ns, 44.2377 ns/op
WorkloadPilot   13: 65536 op, 2955540.00 ns, 45.0980 ns/op
WorkloadPilot   14: 131072 op, 5741072.00 ns, 43.8009 ns/op
WorkloadPilot   15: 262144 op, 11685505.00 ns, 44.5767 ns/op
WorkloadPilot   16: 524288 op, 17693119.00 ns, 33.7469 ns/op
WorkloadPilot   17: 1048576 op, 27684870.00 ns, 26.4023 ns/op
WorkloadPilot   18: 2097152 op, 56971207.00 ns, 27.1660 ns/op
WorkloadPilot   19: 4194304 op, 86673412.00 ns, 20.6646 ns/op
WorkloadPilot   20: 8388608 op, 139144691.00 ns, 16.5873 ns/op
WorkloadPilot   21: 16777216 op, 283231233.00 ns, 16.8819 ns/op
WorkloadPilot   22: 33554432 op, 553411436.00 ns, 16.4929 ns/op

OverheadWarmup   1: 33554432 op, 143107703.00 ns, 4.2649 ns/op
OverheadWarmup   2: 33554432 op, 148647226.00 ns, 4.4300 ns/op
OverheadWarmup   3: 33554432 op, 110951907.00 ns, 3.3066 ns/op
OverheadWarmup   4: 33554432 op, 110997653.00 ns, 3.3080 ns/op
OverheadWarmup   5: 33554432 op, 111042298.00 ns, 3.3093 ns/op
OverheadWarmup   6: 33554432 op, 111150511.00 ns, 3.3125 ns/op
OverheadWarmup   7: 33554432 op, 110959372.00 ns, 3.3068 ns/op

OverheadActual   1: 33554432 op, 111049631.00 ns, 3.3095 ns/op
OverheadActual   2: 33554432 op, 111031557.00 ns, 3.3090 ns/op
OverheadActual   3: 33554432 op, 111657813.00 ns, 3.3277 ns/op
OverheadActual   4: 33554432 op, 111344696.00 ns, 3.3183 ns/op
OverheadActual   5: 33554432 op, 111029804.00 ns, 3.3089 ns/op
OverheadActual   6: 33554432 op, 111126525.00 ns, 3.3118 ns/op
OverheadActual   7: 33554432 op, 111130022.00 ns, 3.3119 ns/op
OverheadActual   8: 33554432 op, 112172430.00 ns, 3.3430 ns/op
OverheadActual   9: 33554432 op, 110963178.00 ns, 3.3070 ns/op
OverheadActual  10: 33554432 op, 111110195.00 ns, 3.3113 ns/op
OverheadActual  11: 33554432 op, 110961936.00 ns, 3.3069 ns/op
OverheadActual  12: 33554432 op, 111514243.00 ns, 3.3234 ns/op
OverheadActual  13: 33554432 op, 110866958.00 ns, 3.3041 ns/op
OverheadActual  14: 33554432 op, 111059330.00 ns, 3.3098 ns/op
OverheadActual  15: 33554432 op, 111806392.00 ns, 3.3321 ns/op

WorkloadWarmup   1: 33554432 op, 570312310.00 ns, 16.9966 ns/op
WorkloadWarmup   2: 33554432 op, 565551688.00 ns, 16.8548 ns/op
WorkloadWarmup   3: 33554432 op, 560001886.00 ns, 16.6894 ns/op
WorkloadWarmup   4: 33554432 op, 559356844.00 ns, 16.6701 ns/op
WorkloadWarmup   5: 33554432 op, 556818006.00 ns, 16.5945 ns/op
WorkloadWarmup   6: 33554432 op, 560263137.00 ns, 16.6971 ns/op
WorkloadWarmup   7: 33554432 op, 554064012.00 ns, 16.5124 ns/op
WorkloadWarmup   8: 33554432 op, 559504281.00 ns, 16.6745 ns/op
WorkloadWarmup   9: 33554432 op, 563605555.00 ns, 16.7968 ns/op
WorkloadWarmup  10: 33554432 op, 570071330.00 ns, 16.9894 ns/op
WorkloadWarmup  11: 33554432 op, 566439367.00 ns, 16.8812 ns/op

// BeforeActualRun
WorkloadActual   1: 33554432 op, 556216667.00 ns, 16.5765 ns/op
WorkloadActual   2: 33554432 op, 568585819.00 ns, 16.9452 ns/op
WorkloadActual   3: 33554432 op, 573829398.00 ns, 17.1014 ns/op
WorkloadActual   4: 33554432 op, 568137475.00 ns, 16.9318 ns/op
WorkloadActual   5: 33554432 op, 565947775.00 ns, 16.8666 ns/op
WorkloadActual   6: 33554432 op, 567436481.00 ns, 16.9109 ns/op
WorkloadActual   7: 33554432 op, 568305253.00 ns, 16.9368 ns/op
WorkloadActual   8: 33554432 op, 562492134.00 ns, 16.7636 ns/op
WorkloadActual   9: 33554432 op, 564090336.00 ns, 16.8112 ns/op
WorkloadActual  10: 33554432 op, 566685490.00 ns, 16.8885 ns/op
WorkloadActual  11: 33554432 op, 575567636.00 ns, 17.1533 ns/op
WorkloadActual  12: 33554432 op, 575407154.00 ns, 17.1485 ns/op
WorkloadActual  13: 33554432 op, 580618233.00 ns, 17.3038 ns/op
WorkloadActual  14: 33554432 op, 584307622.00 ns, 17.4137 ns/op
WorkloadActual  15: 33554432 op, 578713976.00 ns, 17.2470 ns/op

// AfterActualRun
WorkloadResult   1: 33554432 op, 445106472.00 ns, 13.2652 ns/op
WorkloadResult   2: 33554432 op, 457475624.00 ns, 13.6338 ns/op
WorkloadResult   3: 33554432 op, 462719203.00 ns, 13.7901 ns/op
WorkloadResult   4: 33554432 op, 457027280.00 ns, 13.6205 ns/op
WorkloadResult   5: 33554432 op, 454837580.00 ns, 13.5552 ns/op
WorkloadResult   6: 33554432 op, 456326286.00 ns, 13.5996 ns/op
WorkloadResult   7: 33554432 op, 457195058.00 ns, 13.6255 ns/op
WorkloadResult   8: 33554432 op, 451381939.00 ns, 13.4522 ns/op
WorkloadResult   9: 33554432 op, 452980141.00 ns, 13.4999 ns/op
WorkloadResult  10: 33554432 op, 455575295.00 ns, 13.5772 ns/op
WorkloadResult  11: 33554432 op, 464457441.00 ns, 13.8419 ns/op
WorkloadResult  12: 33554432 op, 464296959.00 ns, 13.8371 ns/op
WorkloadResult  13: 33554432 op, 469508038.00 ns, 13.9924 ns/op
WorkloadResult  14: 33554432 op, 473197427.00 ns, 14.1024 ns/op
WorkloadResult  15: 33554432 op, 467603781.00 ns, 13.9357 ns/op
// GC:  96 0 0 1610612736 33554432
// Threading:  0 0 33554432

// AfterAll
// Benchmark Process 5468 has exited with code 0.

Mean = 13.689 ns, StdErr = 0.058 ns (0.42%), N = 15, StdDev = 0.224 ns
Min = 13.265 ns, Q1 = 13.566 ns, Median = 13.625 ns, Q3 = 13.840 ns, Max = 14.102 ns
IQR = 0.273 ns, LowerFence = 13.156 ns, UpperFence = 14.249 ns
ConfidenceInterval = [13.449 ns; 13.928 ns] (CI 99.9%), Margin = 0.239 ns (1.75% of Mean)
Skewness = 0.12, Kurtosis = 2.12, MValue = 2

// ** Remained 18 (33.3 %) benchmark(s) to run. Estimated finish 2026-09-13 7:26 (0h 3m from now) **
// **************************
// Benchmark: TokenAllocationBenchmarks.CompareTokensValueEquality: .NET 10.0(Runtime=.NET 10.0, Toolchain=net10.0)
// *** Execute ***
// Launch: 1 / 1
// Execute: dotnet "EricksonLopez.Concurrency.Benchmarks-.NET 10.0-1.dll" --anonymousPipes 125 126 --benchmarkName EricksonLopez.Concurrency.Benchmarks.TokenAllocationBenchmarks.CompareTokensValueEquality --job ".NET 10.0" --benchmarkId 16 in /home/runner/work/dotnet-concurrency/dotnet-concurrency/benchmarks/EricksonLopez.Concurrency.Benchmarks/bin/Release/net10.0/EricksonLopez.Concurrency.Benchmarks-.NET 10.0-1/bin/Release/net10.0
// Failed to set up high priority (Permission denied). In order to run benchmarks with high priority, make sure you have the right permissions.
// BeforeAnythingElse

// Benchmark Process Environment Information:
// BenchmarkDotNet v0.15.8
// Runtime=.NET 10.0.12 (10.0.12, 10.0.1226.42308), X64 RyuJIT x86-64-v3
// GC=Concurrent Workstation
// HardwareIntrinsics=AVX2+BMI1+BMI2+F16C+FMA+LZCNT+MOVBE,AVX,SSE3+SSSE3+SSE4.1+SSE4.2+POPCNT,X86Base+SSE+SSE2,AES+PCLMUL VectorSize=256
// Job: .NET 10.0

OverheadJitting  1: 1 op, 250230.00 ns, 250.2300 us/op
WorkloadJitting  1: 1 op, 370276.00 ns, 370.2760 us/op

OverheadJitting  2: 16 op, 337213.00 ns, 21.0758 us/op
WorkloadJitting  2: 16 op, 325281.00 ns, 20.3301 us/op

WorkloadPilot    1: 16 op, 2154.00 ns, 134.6250 ns/op
WorkloadPilot    2: 32 op, 2244.00 ns, 70.1250 ns/op
WorkloadPilot    3: 64 op, 3787.00 ns, 59.1719 ns/op
WorkloadPilot    4: 128 op, 4729.00 ns, 36.9453 ns/op
WorkloadPilot    5: 256 op, 8146.00 ns, 31.8203 ns/op
WorkloadPilot    6: 512 op, 14758.00 ns, 28.8242 ns/op
WorkloadPilot    7: 1024 op, 28043.00 ns, 27.3857 ns/op
WorkloadPilot    8: 2048 op, 55444.00 ns, 27.0723 ns/op
WorkloadPilot    9: 4096 op, 107852.00 ns, 26.3311 ns/op
WorkloadPilot   10: 8192 op, 233930.00 ns, 28.5559 ns/op
WorkloadPilot   11: 16384 op, 445567.00 ns, 27.1953 ns/op
WorkloadPilot   12: 32768 op, 864544.00 ns, 26.3838 ns/op
WorkloadPilot   13: 65536 op, 1719359.00 ns, 26.2353 ns/op
WorkloadPilot   14: 131072 op, 3457134.00 ns, 26.3758 ns/op
WorkloadPilot   15: 262144 op, 6845088.00 ns, 26.1119 ns/op
WorkloadPilot   16: 524288 op, 13731504.00 ns, 26.1908 ns/op
WorkloadPilot   17: 1048576 op, 27492813.00 ns, 26.2192 ns/op
WorkloadPilot   18: 2097152 op, 55597376.00 ns, 26.5109 ns/op
WorkloadPilot   19: 4194304 op, 75114357.00 ns, 17.9087 ns/op
WorkloadPilot   20: 8388608 op, 31585180.00 ns, 3.7652 ns/op
WorkloadPilot   21: 16777216 op, 62646978.00 ns, 3.7341 ns/op
WorkloadPilot   22: 33554432 op, 125414523.00 ns, 3.7376 ns/op
WorkloadPilot   23: 67108864 op, 250749062.00 ns, 3.7365 ns/op
WorkloadPilot   24: 134217728 op, 502125597.00 ns, 3.7411 ns/op

OverheadWarmup   1: 134217728 op, 367254884.00 ns, 2.7363 ns/op
OverheadWarmup   2: 134217728 op, 250607989.00 ns, 1.8672 ns/op
OverheadWarmup   3: 134217728 op, 249271426.00 ns, 1.8572 ns/op
OverheadWarmup   4: 134217728 op, 249637865.00 ns, 1.8599 ns/op
OverheadWarmup   5: 134217728 op, 250524962.00 ns, 1.8666 ns/op
OverheadWarmup   6: 134217728 op, 250048518.00 ns, 1.8630 ns/op
OverheadWarmup   7: 134217728 op, 250327882.00 ns, 1.8651 ns/op
OverheadWarmup   8: 134217728 op, 251390390.00 ns, 1.8730 ns/op
OverheadWarmup   9: 134217728 op, 250944381.00 ns, 1.8697 ns/op

OverheadActual   1: 134217728 op, 251280924.00 ns, 1.8722 ns/op
OverheadActual   2: 134217728 op, 249679704.00 ns, 1.8603 ns/op
OverheadActual   3: 134217728 op, 249485800.00 ns, 1.8588 ns/op
OverheadActual   4: 134217728 op, 250250527.00 ns, 1.8645 ns/op
OverheadActual   5: 134217728 op, 249389228.00 ns, 1.8581 ns/op
OverheadActual   6: 134217728 op, 251062744.00 ns, 1.8706 ns/op
OverheadActual   7: 134217728 op, 249742652.00 ns, 1.8607 ns/op
OverheadActual   8: 134217728 op, 250300761.00 ns, 1.8649 ns/op
OverheadActual   9: 134217728 op, 250271967.00 ns, 1.8647 ns/op
OverheadActual  10: 134217728 op, 249632194.00 ns, 1.8599 ns/op
OverheadActual  11: 134217728 op, 251244285.00 ns, 1.8719 ns/op
OverheadActual  12: 134217728 op, 250038478.00 ns, 1.8629 ns/op
OverheadActual  13: 134217728 op, 248987683.00 ns, 1.8551 ns/op
OverheadActual  14: 134217728 op, 250769903.00 ns, 1.8684 ns/op
OverheadActual  15: 134217728 op, 251277517.00 ns, 1.8722 ns/op

WorkloadWarmup   1: 134217728 op, 501420482.00 ns, 3.7359 ns/op
WorkloadWarmup   2: 134217728 op, 501976699.00 ns, 3.7400 ns/op
WorkloadWarmup   3: 134217728 op, 501706830.00 ns, 3.7380 ns/op
WorkloadWarmup   4: 134217728 op, 502340477.00 ns, 3.7427 ns/op
WorkloadWarmup   5: 134217728 op, 501174576.00 ns, 3.7340 ns/op
WorkloadWarmup   6: 134217728 op, 501929976.00 ns, 3.7397 ns/op

// BeforeActualRun
WorkloadActual   1: 134217728 op, 501808076.00 ns, 3.7388 ns/op
WorkloadActual   2: 134217728 op, 502002662.00 ns, 3.7402 ns/op
WorkloadActual   3: 134217728 op, 501502652.00 ns, 3.7365 ns/op
WorkloadActual   4: 134217728 op, 502544631.00 ns, 3.7442 ns/op
WorkloadActual   5: 134217728 op, 501476503.00 ns, 3.7363 ns/op
WorkloadActual   6: 134217728 op, 502608540.00 ns, 3.7447 ns/op
WorkloadActual   7: 134217728 op, 501555242.00 ns, 3.7369 ns/op
WorkloadActual   8: 134217728 op, 502409387.00 ns, 3.7432 ns/op
WorkloadActual   9: 134217728 op, 501301866.00 ns, 3.7350 ns/op
WorkloadActual  10: 134217728 op, 502702397.00 ns, 3.7454 ns/op
WorkloadActual  11: 134217728 op, 501580459.00 ns, 3.7371 ns/op
WorkloadActual  12: 134217728 op, 502536505.00 ns, 3.7442 ns/op
WorkloadActual  13: 134217728 op, 501725221.00 ns, 3.7381 ns/op
WorkloadActual  14: 134217728 op, 502286731.00 ns, 3.7423 ns/op
WorkloadActual  15: 134217728 op, 501552150.00 ns, 3.7369 ns/op

// AfterActualRun
WorkloadResult   1: 134217728 op, 251557549.00 ns, 1.8742 ns/op
WorkloadResult   2: 134217728 op, 251752135.00 ns, 1.8757 ns/op
WorkloadResult   3: 134217728 op, 251252125.00 ns, 1.8720 ns/op
WorkloadResult   4: 134217728 op, 252294104.00 ns, 1.8797 ns/op
WorkloadResult   5: 134217728 op, 251225976.00 ns, 1.8718 ns/op
WorkloadResult   6: 134217728 op, 252358013.00 ns, 1.8802 ns/op
WorkloadResult   7: 134217728 op, 251304715.00 ns, 1.8724 ns/op
WorkloadResult   8: 134217728 op, 252158860.00 ns, 1.8787 ns/op
WorkloadResult   9: 134217728 op, 251051339.00 ns, 1.8705 ns/op
WorkloadResult  10: 134217728 op, 252451870.00 ns, 1.8809 ns/op
WorkloadResult  11: 134217728 op, 251329932.00 ns, 1.8726 ns/op
WorkloadResult  12: 134217728 op, 252285978.00 ns, 1.8797 ns/op
WorkloadResult  13: 134217728 op, 251474694.00 ns, 1.8736 ns/op
WorkloadResult  14: 134217728 op, 252036204.00 ns, 1.8778 ns/op
WorkloadResult  15: 134217728 op, 251301623.00 ns, 1.8723 ns/op
// GC:  0 0 0 0 134217728
// Threading:  0 0 134217728

// AfterAll
// Benchmark Process 5483 has exited with code 0.

Mean = 1.875 ns, StdErr = 0.001 ns (0.05%), N = 15, StdDev = 0.004 ns
Min = 1.870 ns, Q1 = 1.872 ns, Median = 1.874 ns, Q3 = 1.879 ns, Max = 1.881 ns
IQR = 0.007 ns, LowerFence = 1.862 ns, UpperFence = 1.889 ns
ConfidenceInterval = [1.872 ns; 1.879 ns] (CI 99.9%), Margin = 0.004 ns (0.21% of Mean)
Skewness = 0.21, Kurtosis = 1.26, MValue = 2

// ** Remained 17 (31.5 %) benchmark(s) to run. Estimated finish 2026-09-13 7:26 (0h 3m from now) **
// **************************
// Benchmark: TokenAllocationBenchmarks.CheckExpectedMatchesActual: .NET 10.0(Runtime=.NET 10.0, Toolchain=net10.0)
// *** Execute ***
// Launch: 1 / 1
// Execute: dotnet "EricksonLopez.Concurrency.Benchmarks-.NET 10.0-1.dll" --anonymousPipes 123 124 --benchmarkName EricksonLopez.Concurrency.Benchmarks.TokenAllocationBenchmarks.CheckExpectedMatchesActual --job ".NET 10.0" --benchmarkId 17 in /home/runner/work/dotnet-concurrency/dotnet-concurrency/benchmarks/EricksonLopez.Concurrency.Benchmarks/bin/Release/net10.0/EricksonLopez.Concurrency.Benchmarks-.NET 10.0-1/bin/Release/net10.0
// Failed to set up high priority (Permission denied). In order to run benchmarks with high priority, make sure you have the right permissions.
// BeforeAnythingElse

// Benchmark Process Environment Information:
// BenchmarkDotNet v0.15.8
// Runtime=.NET 10.0.12 (10.0.12, 10.0.1226.42308), X64 RyuJIT x86-64-v3
// GC=Concurrent Workstation
// HardwareIntrinsics=AVX2+BMI1+BMI2+F16C+FMA+LZCNT+MOVBE,AVX,SSE3+SSSE3+SSE4.1+SSE4.2+POPCNT,X86Base+SSE+SSE2,AES+PCLMUL VectorSize=256
// Job: .NET 10.0

OverheadJitting  1: 1 op, 216927.00 ns, 216.9270 us/op
WorkloadJitting  1: 1 op, 521811.00 ns, 521.8110 us/op

OverheadJitting  2: 16 op, 344628.00 ns, 21.5393 us/op
WorkloadJitting  2: 16 op, 331794.00 ns, 20.7371 us/op

WorkloadPilot    1: 16 op, 1092.00 ns, 68.2500 ns/op
WorkloadPilot    2: 32 op, 1392.00 ns, 43.5000 ns/op
WorkloadPilot    3: 64 op, 1774.00 ns, 27.7188 ns/op
WorkloadPilot    4: 128 op, 2796.00 ns, 21.8438 ns/op
WorkloadPilot    5: 256 op, 4739.00 ns, 18.5117 ns/op
WorkloadPilot    6: 512 op, 9157.00 ns, 17.8848 ns/op
WorkloadPilot    7: 1024 op, 16211.00 ns, 15.8311 ns/op
WorkloadPilot    8: 2048 op, 31679.00 ns, 15.4683 ns/op
WorkloadPilot    9: 4096 op, 62277.00 ns, 15.2043 ns/op
WorkloadPilot   10: 8192 op, 151445.00 ns, 18.4869 ns/op
WorkloadPilot   11: 16384 op, 245402.00 ns, 14.9781 ns/op
WorkloadPilot   12: 32768 op, 525378.00 ns, 16.0333 ns/op
WorkloadPilot   13: 65536 op, 1053529.00 ns, 16.0756 ns/op
WorkloadPilot   14: 131072 op, 2013875.00 ns, 15.3646 ns/op
WorkloadPilot   15: 262144 op, 4059448.00 ns, 15.4856 ns/op
WorkloadPilot   16: 524288 op, 8006055.00 ns, 15.2703 ns/op
WorkloadPilot   17: 1048576 op, 16378257.00 ns, 15.6195 ns/op
WorkloadPilot   18: 2097152 op, 31745593.00 ns, 15.1375 ns/op
WorkloadPilot   19: 4194304 op, 63659113.00 ns, 15.1775 ns/op
WorkloadPilot   20: 8388608 op, 64038054.00 ns, 7.6339 ns/op
WorkloadPilot   21: 16777216 op, 37132135.00 ns, 2.2132 ns/op
WorkloadPilot   22: 33554432 op, 75049656.00 ns, 2.2367 ns/op
WorkloadPilot   23: 67108864 op, 148597100.00 ns, 2.2143 ns/op
WorkloadPilot   24: 134217728 op, 298175383.00 ns, 2.2216 ns/op
WorkloadPilot   25: 268435456 op, 594532429.00 ns, 2.2148 ns/op

OverheadWarmup   1: 268435456 op, 730162382.00 ns, 2.7201 ns/op
OverheadWarmup   2: 268435456 op, 500718103.00 ns, 1.8653 ns/op
OverheadWarmup   3: 268435456 op, 498732070.00 ns, 1.8579 ns/op
OverheadWarmup   4: 268435456 op, 499624668.00 ns, 1.8612 ns/op
OverheadWarmup   5: 268435456 op, 500445601.00 ns, 1.8643 ns/op
OverheadWarmup   6: 268435456 op, 502297280.00 ns, 1.8712 ns/op
OverheadWarmup   7: 268435456 op, 499001547.00 ns, 1.8589 ns/op
OverheadWarmup   8: 268435456 op, 500269219.00 ns, 1.8636 ns/op
OverheadWarmup   9: 268435456 op, 500236933.00 ns, 1.8635 ns/op

OverheadActual   1: 268435456 op, 500075965.00 ns, 1.8629 ns/op
OverheadActual   2: 268435456 op, 498588701.00 ns, 1.8574 ns/op
OverheadActual   3: 268435456 op, 501455165.00 ns, 1.8681 ns/op
OverheadActual   4: 268435456 op, 501248640.00 ns, 1.8673 ns/op
OverheadActual   5: 268435456 op, 500047942.00 ns, 1.8628 ns/op
OverheadActual   6: 268435456 op, 499780039.00 ns, 1.8618 ns/op
OverheadActual   7: 268435456 op, 500703032.00 ns, 1.8653 ns/op
OverheadActual   8: 268435456 op, 506903141.00 ns, 1.8884 ns/op
OverheadActual   9: 268435456 op, 502437320.00 ns, 1.8717 ns/op
OverheadActual  10: 268435456 op, 499584972.00 ns, 1.8611 ns/op
OverheadActual  11: 268435456 op, 499251666.00 ns, 1.8599 ns/op
OverheadActual  12: 268435456 op, 500965035.00 ns, 1.8662 ns/op
OverheadActual  13: 268435456 op, 498858557.00 ns, 1.8584 ns/op
OverheadActual  14: 268435456 op, 504194081.00 ns, 1.8783 ns/op
OverheadActual  15: 268435456 op, 501137228.00 ns, 1.8669 ns/op

WorkloadWarmup   1: 268435456 op, 599843780.00 ns, 2.2346 ns/op
WorkloadWarmup   2: 268435456 op, 595151179.00 ns, 2.2171 ns/op
WorkloadWarmup   3: 268435456 op, 595362326.00 ns, 2.2179 ns/op
WorkloadWarmup   4: 268435456 op, 595965270.00 ns, 2.2201 ns/op
WorkloadWarmup   5: 268435456 op, 597204730.00 ns, 2.2248 ns/op
WorkloadWarmup   6: 268435456 op, 594214739.00 ns, 2.2136 ns/op
WorkloadWarmup   7: 268435456 op, 594876052.00 ns, 2.2161 ns/op
WorkloadWarmup   8: 268435456 op, 595542986.00 ns, 2.2186 ns/op
WorkloadWarmup   9: 268435456 op, 595528328.00 ns, 2.2185 ns/op

// BeforeActualRun
WorkloadActual   1: 268435456 op, 594718526.00 ns, 2.2155 ns/op
WorkloadActual   2: 268435456 op, 595673701.00 ns, 2.2191 ns/op
WorkloadActual   3: 268435456 op, 594462610.00 ns, 2.2145 ns/op
WorkloadActual   4: 268435456 op, 595010906.00 ns, 2.2166 ns/op
WorkloadActual   5: 268435456 op, 594186466.00 ns, 2.2135 ns/op
WorkloadActual   6: 268435456 op, 596524478.00 ns, 2.2222 ns/op
WorkloadActual   7: 268435456 op, 595082530.00 ns, 2.2169 ns/op
WorkloadActual   8: 268435456 op, 596048045.00 ns, 2.2205 ns/op
WorkloadActual   9: 268435456 op, 608260399.00 ns, 2.2659 ns/op
WorkloadActual  10: 268435456 op, 604039161.00 ns, 2.2502 ns/op
WorkloadActual  11: 268435456 op, 599740317.00 ns, 2.2342 ns/op
WorkloadActual  12: 268435456 op, 595204068.00 ns, 2.2173 ns/op
WorkloadActual  13: 268435456 op, 595294168.00 ns, 2.2176 ns/op
WorkloadActual  14: 268435456 op, 594096255.00 ns, 2.2132 ns/op
WorkloadActual  15: 268435456 op, 593304506.00 ns, 2.2102 ns/op

// AfterActualRun
WorkloadResult   1: 268435456 op, 94015494.00 ns, 0.3502 ns/op
WorkloadResult   2: 268435456 op, 94970669.00 ns, 0.3538 ns/op
WorkloadResult   3: 268435456 op, 93759578.00 ns, 0.3493 ns/op
WorkloadResult   4: 268435456 op, 94307874.00 ns, 0.3513 ns/op
WorkloadResult   5: 268435456 op, 93483434.00 ns, 0.3483 ns/op
WorkloadResult   6: 268435456 op, 95821446.00 ns, 0.3570 ns/op
WorkloadResult   7: 268435456 op, 94379498.00 ns, 0.3516 ns/op
WorkloadResult   8: 268435456 op, 95345013.00 ns, 0.3552 ns/op
WorkloadResult   9: 268435456 op, 94501036.00 ns, 0.3520 ns/op
WorkloadResult  10: 268435456 op, 94591136.00 ns, 0.3524 ns/op
WorkloadResult  11: 268435456 op, 93393223.00 ns, 0.3479 ns/op
WorkloadResult  12: 268435456 op, 92601474.00 ns, 0.3450 ns/op
// GC:  0 0 0 32 268435456
// Threading:  0 0 268435456

// AfterAll
// Benchmark Process 5495 has exited with code 0.

Mean = 0.351 ns, StdErr = 0.001 ns (0.27%), N = 12, StdDev = 0.003 ns
Min = 0.345 ns, Q1 = 0.349 ns, Median = 0.351 ns, Q3 = 0.353 ns, Max = 0.357 ns
IQR = 0.004 ns, LowerFence = 0.343 ns, UpperFence = 0.358 ns
ConfidenceInterval = [0.347 ns; 0.355 ns] (CI 99.9%), Margin = 0.004 ns (1.21% of Mean)
Skewness = -0.05, Kurtosis = 2.14, MValue = 2

// ** Remained 16 (29.6 %) benchmark(s) to run. Estimated finish 2026-09-13 7:26 (0h 3m from now) **
// Build Error: Standard output: 
  
 Standard error: 
 /usr/share/dotnet/sdk/10.0.401/Microsoft.Common.CurrentVersion.targets(1891,5): error : Project '/home/runner/work/dotnet-concurrency/dotnet-concurrency/benchmarks/EricksonLopez.Concurrency.Benchmarks/EricksonLopez.Concurrency.Benchmarks.csproj' targets 'net10.0'. It cannot be referenced by a project that targets '.NETCoreApp,Version=v8.0'. [/home/runner/work/dotnet-concurrency/dotnet-concurrency/benchmarks/EricksonLopez.Concurrency.Benchmarks/bin/Release/net10.0/EricksonLopez.Concurrency.Benchmarks-.NET 8.0-2/BenchmarkDotNet.Autogenerated.csproj::TargetFramework=net8.0]
Build FAILED.
/usr/share/dotnet/sdk/10.0.401/Microsoft.Common.CurrentVersion.targets(1891,5): error : Project '/home/runner/work/dotnet-concurrency/dotnet-concurrency/benchmarks/EricksonLopez.Concurrency.Benchmarks/EricksonLopez.Concurrency.Benchmarks.csproj' targets 'net10.0'. It cannot be referenced by a project that targets '.NETCoreApp,Version=v8.0'. [/home/runner/work/dotnet-concurrency/dotnet-concurrency/benchmarks/EricksonLopez.Concurrency.Benchmarks/bin/Release/net10.0/EricksonLopez.Concurrency.Benchmarks-.NET 8.0-2/BenchmarkDotNet.Autogenerated.csproj::TargetFramework=net8.0]
    0 Warning(s)
    1 Error(s)
Time Elapsed 00:00:01.40

// BenchmarkDotNet has failed to build the auto-generated boilerplate code.
// It can be found in /home/runner/work/dotnet-concurrency/dotnet-concurrency/benchmarks/EricksonLopez.Concurrency.Benchmarks/bin/Release/net10.0/EricksonLopez.Concurrency.Benchmarks-.NET 8.0-2
// Please follow the troubleshooting guide: https://benchmarkdotnet.org/articles/guides/troubleshooting.html

// ** Remained 15 (27.8 %) benchmark(s) to run. Estimated finish 2026-09-13 7:26 (0h 3m from now) **
// Build Error: Standard output: 
  
 Standard error: 
 /usr/share/dotnet/sdk/10.0.401/Microsoft.Common.CurrentVersion.targets(1891,5): error : Project '/home/runner/work/dotnet-concurrency/dotnet-concurrency/benchmarks/EricksonLopez.Concurrency.Benchmarks/EricksonLopez.Concurrency.Benchmarks.csproj' targets 'net10.0'. It cannot be referenced by a project that targets '.NETCoreApp,Version=v8.0'. [/home/runner/work/dotnet-concurrency/dotnet-concurrency/benchmarks/EricksonLopez.Concurrency.Benchmarks/bin/Release/net10.0/EricksonLopez.Concurrency.Benchmarks-.NET 8.0-2/BenchmarkDotNet.Autogenerated.csproj::TargetFramework=net8.0]
Build FAILED.
/usr/share/dotnet/sdk/10.0.401/Microsoft.Common.CurrentVersion.targets(1891,5): error : Project '/home/runner/work/dotnet-concurrency/dotnet-concurrency/benchmarks/EricksonLopez.Concurrency.Benchmarks/EricksonLopez.Concurrency.Benchmarks.csproj' targets 'net10.0'. It cannot be referenced by a project that targets '.NETCoreApp,Version=v8.0'. [/home/runner/work/dotnet-concurrency/dotnet-concurrency/benchmarks/EricksonLopez.Concurrency.Benchmarks/bin/Release/net10.0/EricksonLopez.Concurrency.Benchmarks-.NET 8.0-2/BenchmarkDotNet.Autogenerated.csproj::TargetFramework=net8.0]
    0 Warning(s)
    1 Error(s)
Time Elapsed 00:00:01.40

// BenchmarkDotNet has failed to build the auto-generated boilerplate code.
// It can be found in /home/runner/work/dotnet-concurrency/dotnet-concurrency/benchmarks/EricksonLopez.Concurrency.Benchmarks/bin/Release/net10.0/EricksonLopez.Concurrency.Benchmarks-.NET 8.0-2
// Please follow the troubleshooting guide: https://benchmarkdotnet.org/articles/guides/troubleshooting.html

// ** Remained 14 (25.9 %) benchmark(s) to run. Estimated finish 2026-09-13 7:26 (0h 2m from now) **
// Build Error: Standard output: 
  
 Standard error: 
 /usr/share/dotnet/sdk/10.0.401/Microsoft.Common.CurrentVersion.targets(1891,5): error : Project '/home/runner/work/dotnet-concurrency/dotnet-concurrency/benchmarks/EricksonLopez.Concurrency.Benchmarks/EricksonLopez.Concurrency.Benchmarks.csproj' targets 'net10.0'. It cannot be referenced by a project that targets '.NETCoreApp,Version=v8.0'. [/home/runner/work/dotnet-concurrency/dotnet-concurrency/benchmarks/EricksonLopez.Concurrency.Benchmarks/bin/Release/net10.0/EricksonLopez.Concurrency.Benchmarks-.NET 8.0-2/BenchmarkDotNet.Autogenerated.csproj::TargetFramework=net8.0]
Build FAILED.
/usr/share/dotnet/sdk/10.0.401/Microsoft.Common.CurrentVersion.targets(1891,5): error : Project '/home/runner/work/dotnet-concurrency/dotnet-concurrency/benchmarks/EricksonLopez.Concurrency.Benchmarks/EricksonLopez.Concurrency.Benchmarks.csproj' targets 'net10.0'. It cannot be referenced by a project that targets '.NETCoreApp,Version=v8.0'. [/home/runner/work/dotnet-concurrency/dotnet-concurrency/benchmarks/EricksonLopez.Concurrency.Benchmarks/bin/Release/net10.0/EricksonLopez.Concurrency.Benchmarks-.NET 8.0-2/BenchmarkDotNet.Autogenerated.csproj::TargetFramework=net8.0]
    0 Warning(s)
    1 Error(s)
Time Elapsed 00:00:01.40

// BenchmarkDotNet has failed to build the auto-generated boilerplate code.
// It can be found in /home/runner/work/dotnet-concurrency/dotnet-concurrency/benchmarks/EricksonLopez.Concurrency.Benchmarks/bin/Release/net10.0/EricksonLopez.Concurrency.Benchmarks-.NET 8.0-2
// Please follow the troubleshooting guide: https://benchmarkdotnet.org/articles/guides/troubleshooting.html

// ** Remained 13 (24.1 %) benchmark(s) to run. Estimated finish 2026-09-13 7:25 (0h 2m from now) **
// Build Error: Standard output: 
  
 Standard error: 
 /usr/share/dotnet/sdk/10.0.401/Microsoft.Common.CurrentVersion.targets(1891,5): error : Project '/home/runner/work/dotnet-concurrency/dotnet-concurrency/benchmarks/EricksonLopez.Concurrency.Benchmarks/EricksonLopez.Concurrency.Benchmarks.csproj' targets 'net10.0'. It cannot be referenced by a project that targets '.NETCoreApp,Version=v8.0'. [/home/runner/work/dotnet-concurrency/dotnet-concurrency/benchmarks/EricksonLopez.Concurrency.Benchmarks/bin/Release/net10.0/EricksonLopez.Concurrency.Benchmarks-.NET 8.0-2/BenchmarkDotNet.Autogenerated.csproj::TargetFramework=net8.0]
Build FAILED.
/usr/share/dotnet/sdk/10.0.401/Microsoft.Common.CurrentVersion.targets(1891,5): error : Project '/home/runner/work/dotnet-concurrency/dotnet-concurrency/benchmarks/EricksonLopez.Concurrency.Benchmarks/EricksonLopez.Concurrency.Benchmarks.csproj' targets 'net10.0'. It cannot be referenced by a project that targets '.NETCoreApp,Version=v8.0'. [/home/runner/work/dotnet-concurrency/dotnet-concurrency/benchmarks/EricksonLopez.Concurrency.Benchmarks/bin/Release/net10.0/EricksonLopez.Concurrency.Benchmarks-.NET 8.0-2/BenchmarkDotNet.Autogenerated.csproj::TargetFramework=net8.0]
    0 Warning(s)
    1 Error(s)
Time Elapsed 00:00:01.40

// BenchmarkDotNet has failed to build the auto-generated boilerplate code.
// It can be found in /home/runner/work/dotnet-concurrency/dotnet-concurrency/benchmarks/EricksonLopez.Concurrency.Benchmarks/bin/Release/net10.0/EricksonLopez.Concurrency.Benchmarks-.NET 8.0-2
// Please follow the troubleshooting guide: https://benchmarkdotnet.org/articles/guides/troubleshooting.html

// ** Remained 12 (22.2 %) benchmark(s) to run. Estimated finish 2026-09-13 7:25 (0h 2m from now) **
// Build Error: Standard output: 
  
 Standard error: 
 /usr/share/dotnet/sdk/10.0.401/Microsoft.Common.CurrentVersion.targets(1891,5): error : Project '/home/runner/work/dotnet-concurrency/dotnet-concurrency/benchmarks/EricksonLopez.Concurrency.Benchmarks/EricksonLopez.Concurrency.Benchmarks.csproj' targets 'net10.0'. It cannot be referenced by a project that targets '.NETCoreApp,Version=v8.0'. [/home/runner/work/dotnet-concurrency/dotnet-concurrency/benchmarks/EricksonLopez.Concurrency.Benchmarks/bin/Release/net10.0/EricksonLopez.Concurrency.Benchmarks-.NET 8.0-2/BenchmarkDotNet.Autogenerated.csproj::TargetFramework=net8.0]
Build FAILED.
/usr/share/dotnet/sdk/10.0.401/Microsoft.Common.CurrentVersion.targets(1891,5): error : Project '/home/runner/work/dotnet-concurrency/dotnet-concurrency/benchmarks/EricksonLopez.Concurrency.Benchmarks/EricksonLopez.Concurrency.Benchmarks.csproj' targets 'net10.0'. It cannot be referenced by a project that targets '.NETCoreApp,Version=v8.0'. [/home/runner/work/dotnet-concurrency/dotnet-concurrency/benchmarks/EricksonLopez.Concurrency.Benchmarks/bin/Release/net10.0/EricksonLopez.Concurrency.Benchmarks-.NET 8.0-2/BenchmarkDotNet.Autogenerated.csproj::TargetFramework=net8.0]
    0 Warning(s)
    1 Error(s)
Time Elapsed 00:00:01.40

// BenchmarkDotNet has failed to build the auto-generated boilerplate code.
// It can be found in /home/runner/work/dotnet-concurrency/dotnet-concurrency/benchmarks/EricksonLopez.Concurrency.Benchmarks/bin/Release/net10.0/EricksonLopez.Concurrency.Benchmarks-.NET 8.0-2
// Please follow the troubleshooting guide: https://benchmarkdotnet.org/articles/guides/troubleshooting.html

// ** Remained 11 (20.4 %) benchmark(s) to run. Estimated finish 2026-09-13 7:25 (0h 2m from now) **
// Build Error: Standard output: 
  
 Standard error: 
 /usr/share/dotnet/sdk/10.0.401/Microsoft.Common.CurrentVersion.targets(1891,5): error : Project '/home/runner/work/dotnet-concurrency/dotnet-concurrency/benchmarks/EricksonLopez.Concurrency.Benchmarks/EricksonLopez.Concurrency.Benchmarks.csproj' targets 'net10.0'. It cannot be referenced by a project that targets '.NETCoreApp,Version=v8.0'. [/home/runner/work/dotnet-concurrency/dotnet-concurrency/benchmarks/EricksonLopez.Concurrency.Benchmarks/bin/Release/net10.0/EricksonLopez.Concurrency.Benchmarks-.NET 8.0-2/BenchmarkDotNet.Autogenerated.csproj::TargetFramework=net8.0]
Build FAILED.
/usr/share/dotnet/sdk/10.0.401/Microsoft.Common.CurrentVersion.targets(1891,5): error : Project '/home/runner/work/dotnet-concurrency/dotnet-concurrency/benchmarks/EricksonLopez.Concurrency.Benchmarks/EricksonLopez.Concurrency.Benchmarks.csproj' targets 'net10.0'. It cannot be referenced by a project that targets '.NETCoreApp,Version=v8.0'. [/home/runner/work/dotnet-concurrency/dotnet-concurrency/benchmarks/EricksonLopez.Concurrency.Benchmarks/bin/Release/net10.0/EricksonLopez.Concurrency.Benchmarks-.NET 8.0-2/BenchmarkDotNet.Autogenerated.csproj::TargetFramework=net8.0]
    0 Warning(s)
    1 Error(s)
Time Elapsed 00:00:01.40

// BenchmarkDotNet has failed to build the auto-generated boilerplate code.
// It can be found in /home/runner/work/dotnet-concurrency/dotnet-concurrency/benchmarks/EricksonLopez.Concurrency.Benchmarks/bin/Release/net10.0/EricksonLopez.Concurrency.Benchmarks-.NET 8.0-2
// Please follow the troubleshooting guide: https://benchmarkdotnet.org/articles/guides/troubleshooting.html

// ** Remained 10 (18.5 %) benchmark(s) to run. Estimated finish 2026-09-13 7:25 (0h 1m from now) **
// Build Error: Standard output: 
  
 Standard error: 
 /usr/share/dotnet/sdk/10.0.401/Microsoft.Common.CurrentVersion.targets(1891,5): error : Project '/home/runner/work/dotnet-concurrency/dotnet-concurrency/benchmarks/EricksonLopez.Concurrency.Benchmarks/EricksonLopez.Concurrency.Benchmarks.csproj' targets 'net10.0'. It cannot be referenced by a project that targets '.NETCoreApp,Version=v8.0'. [/home/runner/work/dotnet-concurrency/dotnet-concurrency/benchmarks/EricksonLopez.Concurrency.Benchmarks/bin/Release/net10.0/EricksonLopez.Concurrency.Benchmarks-.NET 8.0-2/BenchmarkDotNet.Autogenerated.csproj::TargetFramework=net8.0]
Build FAILED.
/usr/share/dotnet/sdk/10.0.401/Microsoft.Common.CurrentVersion.targets(1891,5): error : Project '/home/runner/work/dotnet-concurrency/dotnet-concurrency/benchmarks/EricksonLopez.Concurrency.Benchmarks/EricksonLopez.Concurrency.Benchmarks.csproj' targets 'net10.0'. It cannot be referenced by a project that targets '.NETCoreApp,Version=v8.0'. [/home/runner/work/dotnet-concurrency/dotnet-concurrency/benchmarks/EricksonLopez.Concurrency.Benchmarks/bin/Release/net10.0/EricksonLopez.Concurrency.Benchmarks-.NET 8.0-2/BenchmarkDotNet.Autogenerated.csproj::TargetFramework=net8.0]
    0 Warning(s)
    1 Error(s)
Time Elapsed 00:00:01.40

// BenchmarkDotNet has failed to build the auto-generated boilerplate code.
// It can be found in /home/runner/work/dotnet-concurrency/dotnet-concurrency/benchmarks/EricksonLopez.Concurrency.Benchmarks/bin/Release/net10.0/EricksonLopez.Concurrency.Benchmarks-.NET 8.0-2
// Please follow the troubleshooting guide: https://benchmarkdotnet.org/articles/guides/troubleshooting.html

// ** Remained 9 (16.7 %) benchmark(s) to run. Estimated finish 2026-09-13 7:24 (0h 1m from now) **
// Build Error: Standard output: 
  
 Standard error: 
 /usr/share/dotnet/sdk/10.0.401/Microsoft.Common.CurrentVersion.targets(1891,5): error : Project '/home/runner/work/dotnet-concurrency/dotnet-concurrency/benchmarks/EricksonLopez.Concurrency.Benchmarks/EricksonLopez.Concurrency.Benchmarks.csproj' targets 'net10.0'. It cannot be referenced by a project that targets '.NETCoreApp,Version=v8.0'. [/home/runner/work/dotnet-concurrency/dotnet-concurrency/benchmarks/EricksonLopez.Concurrency.Benchmarks/bin/Release/net10.0/EricksonLopez.Concurrency.Benchmarks-.NET 8.0-2/BenchmarkDotNet.Autogenerated.csproj::TargetFramework=net8.0]
Build FAILED.
/usr/share/dotnet/sdk/10.0.401/Microsoft.Common.CurrentVersion.targets(1891,5): error : Project '/home/runner/work/dotnet-concurrency/dotnet-concurrency/benchmarks/EricksonLopez.Concurrency.Benchmarks/EricksonLopez.Concurrency.Benchmarks.csproj' targets 'net10.0'. It cannot be referenced by a project that targets '.NETCoreApp,Version=v8.0'. [/home/runner/work/dotnet-concurrency/dotnet-concurrency/benchmarks/EricksonLopez.Concurrency.Benchmarks/bin/Release/net10.0/EricksonLopez.Concurrency.Benchmarks-.NET 8.0-2/BenchmarkDotNet.Autogenerated.csproj::TargetFramework=net8.0]
    0 Warning(s)
    1 Error(s)
Time Elapsed 00:00:01.40

// BenchmarkDotNet has failed to build the auto-generated boilerplate code.
// It can be found in /home/runner/work/dotnet-concurrency/dotnet-concurrency/benchmarks/EricksonLopez.Concurrency.Benchmarks/bin/Release/net10.0/EricksonLopez.Concurrency.Benchmarks-.NET 8.0-2
// Please follow the troubleshooting guide: https://benchmarkdotnet.org/articles/guides/troubleshooting.html

// ** Remained 8 (14.8 %) benchmark(s) to run. Estimated finish 2026-09-13 7:24 (0h 1m from now) **
// Build Error: Standard output: 
  
 Standard error: 
 /usr/share/dotnet/sdk/10.0.401/Microsoft.Common.CurrentVersion.targets(1891,5): error : Project '/home/runner/work/dotnet-concurrency/dotnet-concurrency/benchmarks/EricksonLopez.Concurrency.Benchmarks/EricksonLopez.Concurrency.Benchmarks.csproj' targets 'net10.0'. It cannot be referenced by a project that targets '.NETCoreApp,Version=v9.0'. [/home/runner/work/dotnet-concurrency/dotnet-concurrency/benchmarks/EricksonLopez.Concurrency.Benchmarks/bin/Release/net10.0/EricksonLopez.Concurrency.Benchmarks-.NET 9.0-3/BenchmarkDotNet.Autogenerated.csproj::TargetFramework=net9.0]
Build FAILED.
/usr/share/dotnet/sdk/10.0.401/Microsoft.Common.CurrentVersion.targets(1891,5): error : Project '/home/runner/work/dotnet-concurrency/dotnet-concurrency/benchmarks/EricksonLopez.Concurrency.Benchmarks/EricksonLopez.Concurrency.Benchmarks.csproj' targets 'net10.0'. It cannot be referenced by a project that targets '.NETCoreApp,Version=v9.0'. [/home/runner/work/dotnet-concurrency/dotnet-concurrency/benchmarks/EricksonLopez.Concurrency.Benchmarks/bin/Release/net10.0/EricksonLopez.Concurrency.Benchmarks-.NET 9.0-3/BenchmarkDotNet.Autogenerated.csproj::TargetFramework=net9.0]
    0 Warning(s)
    1 Error(s)
Time Elapsed 00:00:01.42

// BenchmarkDotNet has failed to build the auto-generated boilerplate code.
// It can be found in /home/runner/work/dotnet-concurrency/dotnet-concurrency/benchmarks/EricksonLopez.Concurrency.Benchmarks/bin/Release/net10.0/EricksonLopez.Concurrency.Benchmarks-.NET 9.0-3
// Please follow the troubleshooting guide: https://benchmarkdotnet.org/articles/guides/troubleshooting.html

// ** Remained 7 (13.0 %) benchmark(s) to run. Estimated finish 2026-09-13 7:24 (0h 1m from now) **
// Build Error: Standard output: 
  
 Standard error: 
 /usr/share/dotnet/sdk/10.0.401/Microsoft.Common.CurrentVersion.targets(1891,5): error : Project '/home/runner/work/dotnet-concurrency/dotnet-concurrency/benchmarks/EricksonLopez.Concurrency.Benchmarks/EricksonLopez.Concurrency.Benchmarks.csproj' targets 'net10.0'. It cannot be referenced by a project that targets '.NETCoreApp,Version=v9.0'. [/home/runner/work/dotnet-concurrency/dotnet-concurrency/benchmarks/EricksonLopez.Concurrency.Benchmarks/bin/Release/net10.0/EricksonLopez.Concurrency.Benchmarks-.NET 9.0-3/BenchmarkDotNet.Autogenerated.csproj::TargetFramework=net9.0]
Build FAILED.
/usr/share/dotnet/sdk/10.0.401/Microsoft.Common.CurrentVersion.targets(1891,5): error : Project '/home/runner/work/dotnet-concurrency/dotnet-concurrency/benchmarks/EricksonLopez.Concurrency.Benchmarks/EricksonLopez.Concurrency.Benchmarks.csproj' targets 'net10.0'. It cannot be referenced by a project that targets '.NETCoreApp,Version=v9.0'. [/home/runner/work/dotnet-concurrency/dotnet-concurrency/benchmarks/EricksonLopez.Concurrency.Benchmarks/bin/Release/net10.0/EricksonLopez.Concurrency.Benchmarks-.NET 9.0-3/BenchmarkDotNet.Autogenerated.csproj::TargetFramework=net9.0]
    0 Warning(s)
    1 Error(s)
Time Elapsed 00:00:01.42

// BenchmarkDotNet has failed to build the auto-generated boilerplate code.
// It can be found in /home/runner/work/dotnet-concurrency/dotnet-concurrency/benchmarks/EricksonLopez.Concurrency.Benchmarks/bin/Release/net10.0/EricksonLopez.Concurrency.Benchmarks-.NET 9.0-3
// Please follow the troubleshooting guide: https://benchmarkdotnet.org/articles/guides/troubleshooting.html

// ** Remained 6 (11.1 %) benchmark(s) to run. Estimated finish 2026-09-13 7:24 (0h 1m from now) **
// Build Error: Standard output: 
  
 Standard error: 
 /usr/share/dotnet/sdk/10.0.401/Microsoft.Common.CurrentVersion.targets(1891,5): error : Project '/home/runner/work/dotnet-concurrency/dotnet-concurrency/benchmarks/EricksonLopez.Concurrency.Benchmarks/EricksonLopez.Concurrency.Benchmarks.csproj' targets 'net10.0'. It cannot be referenced by a project that targets '.NETCoreApp,Version=v9.0'. [/home/runner/work/dotnet-concurrency/dotnet-concurrency/benchmarks/EricksonLopez.Concurrency.Benchmarks/bin/Release/net10.0/EricksonLopez.Concurrency.Benchmarks-.NET 9.0-3/BenchmarkDotNet.Autogenerated.csproj::TargetFramework=net9.0]
Build FAILED.
/usr/share/dotnet/sdk/10.0.401/Microsoft.Common.CurrentVersion.targets(1891,5): error : Project '/home/runner/work/dotnet-concurrency/dotnet-concurrency/benchmarks/EricksonLopez.Concurrency.Benchmarks/EricksonLopez.Concurrency.Benchmarks.csproj' targets 'net10.0'. It cannot be referenced by a project that targets '.NETCoreApp,Version=v9.0'. [/home/runner/work/dotnet-concurrency/dotnet-concurrency/benchmarks/EricksonLopez.Concurrency.Benchmarks/bin/Release/net10.0/EricksonLopez.Concurrency.Benchmarks-.NET 9.0-3/BenchmarkDotNet.Autogenerated.csproj::TargetFramework=net9.0]
    0 Warning(s)
    1 Error(s)
Time Elapsed 00:00:01.42

// BenchmarkDotNet has failed to build the auto-generated boilerplate code.
// It can be found in /home/runner/work/dotnet-concurrency/dotnet-concurrency/benchmarks/EricksonLopez.Concurrency.Benchmarks/bin/Release/net10.0/EricksonLopez.Concurrency.Benchmarks-.NET 9.0-3
// Please follow the troubleshooting guide: https://benchmarkdotnet.org/articles/guides/troubleshooting.html

// ** Remained 5 (9.3 %) benchmark(s) to run. Estimated finish 2026-09-13 7:24 (0h 0m from now) **
// Build Error: Standard output: 
  
 Standard error: 
 /usr/share/dotnet/sdk/10.0.401/Microsoft.Common.CurrentVersion.targets(1891,5): error : Project '/home/runner/work/dotnet-concurrency/dotnet-concurrency/benchmarks/EricksonLopez.Concurrency.Benchmarks/EricksonLopez.Concurrency.Benchmarks.csproj' targets 'net10.0'. It cannot be referenced by a project that targets '.NETCoreApp,Version=v9.0'. [/home/runner/work/dotnet-concurrency/dotnet-concurrency/benchmarks/EricksonLopez.Concurrency.Benchmarks/bin/Release/net10.0/EricksonLopez.Concurrency.Benchmarks-.NET 9.0-3/BenchmarkDotNet.Autogenerated.csproj::TargetFramework=net9.0]
Build FAILED.
/usr/share/dotnet/sdk/10.0.401/Microsoft.Common.CurrentVersion.targets(1891,5): error : Project '/home/runner/work/dotnet-concurrency/dotnet-concurrency/benchmarks/EricksonLopez.Concurrency.Benchmarks/EricksonLopez.Concurrency.Benchmarks.csproj' targets 'net10.0'. It cannot be referenced by a project that targets '.NETCoreApp,Version=v9.0'. [/home/runner/work/dotnet-concurrency/dotnet-concurrency/benchmarks/EricksonLopez.Concurrency.Benchmarks/bin/Release/net10.0/EricksonLopez.Concurrency.Benchmarks-.NET 9.0-3/BenchmarkDotNet.Autogenerated.csproj::TargetFramework=net9.0]
    0 Warning(s)
    1 Error(s)
Time Elapsed 00:00:01.42

// BenchmarkDotNet has failed to build the auto-generated boilerplate code.
// It can be found in /home/runner/work/dotnet-concurrency/dotnet-concurrency/benchmarks/EricksonLopez.Concurrency.Benchmarks/bin/Release/net10.0/EricksonLopez.Concurrency.Benchmarks-.NET 9.0-3
// Please follow the troubleshooting guide: https://benchmarkdotnet.org/articles/guides/troubleshooting.html

// ** Remained 4 (7.4 %) benchmark(s) to run. Estimated finish 2026-09-13 7:23 (0h 0m from now) **
// Build Error: Standard output: 
  
 Standard error: 
 /usr/share/dotnet/sdk/10.0.401/Microsoft.Common.CurrentVersion.targets(1891,5): error : Project '/home/runner/work/dotnet-concurrency/dotnet-concurrency/benchmarks/EricksonLopez.Concurrency.Benchmarks/EricksonLopez.Concurrency.Benchmarks.csproj' targets 'net10.0'. It cannot be referenced by a project that targets '.NETCoreApp,Version=v9.0'. [/home/runner/work/dotnet-concurrency/dotnet-concurrency/benchmarks/EricksonLopez.Concurrency.Benchmarks/bin/Release/net10.0/EricksonLopez.Concurrency.Benchmarks-.NET 9.0-3/BenchmarkDotNet.Autogenerated.csproj::TargetFramework=net9.0]
Build FAILED.
/usr/share/dotnet/sdk/10.0.401/Microsoft.Common.CurrentVersion.targets(1891,5): error : Project '/home/runner/work/dotnet-concurrency/dotnet-concurrency/benchmarks/EricksonLopez.Concurrency.Benchmarks/EricksonLopez.Concurrency.Benchmarks.csproj' targets 'net10.0'. It cannot be referenced by a project that targets '.NETCoreApp,Version=v9.0'. [/home/runner/work/dotnet-concurrency/dotnet-concurrency/benchmarks/EricksonLopez.Concurrency.Benchmarks/bin/Release/net10.0/EricksonLopez.Concurrency.Benchmarks-.NET 9.0-3/BenchmarkDotNet.Autogenerated.csproj::TargetFramework=net9.0]
    0 Warning(s)
    1 Error(s)
Time Elapsed 00:00:01.42

// BenchmarkDotNet has failed to build the auto-generated boilerplate code.
// It can be found in /home/runner/work/dotnet-concurrency/dotnet-concurrency/benchmarks/EricksonLopez.Concurrency.Benchmarks/bin/Release/net10.0/EricksonLopez.Concurrency.Benchmarks-.NET 9.0-3
// Please follow the troubleshooting guide: https://benchmarkdotnet.org/articles/guides/troubleshooting.html

// ** Remained 3 (5.6 %) benchmark(s) to run. Estimated finish 2026-09-13 7:23 (0h 0m from now) **
// Build Error: Standard output: 
  
 Standard error: 
 /usr/share/dotnet/sdk/10.0.401/Microsoft.Common.CurrentVersion.targets(1891,5): error : Project '/home/runner/work/dotnet-concurrency/dotnet-concurrency/benchmarks/EricksonLopez.Concurrency.Benchmarks/EricksonLopez.Concurrency.Benchmarks.csproj' targets 'net10.0'. It cannot be referenced by a project that targets '.NETCoreApp,Version=v9.0'. [/home/runner/work/dotnet-concurrency/dotnet-concurrency/benchmarks/EricksonLopez.Concurrency.Benchmarks/bin/Release/net10.0/EricksonLopez.Concurrency.Benchmarks-.NET 9.0-3/BenchmarkDotNet.Autogenerated.csproj::TargetFramework=net9.0]
Build FAILED.
/usr/share/dotnet/sdk/10.0.401/Microsoft.Common.CurrentVersion.targets(1891,5): error : Project '/home/runner/work/dotnet-concurrency/dotnet-concurrency/benchmarks/EricksonLopez.Concurrency.Benchmarks/EricksonLopez.Concurrency.Benchmarks.csproj' targets 'net10.0'. It cannot be referenced by a project that targets '.NETCoreApp,Version=v9.0'. [/home/runner/work/dotnet-concurrency/dotnet-concurrency/benchmarks/EricksonLopez.Concurrency.Benchmarks/bin/Release/net10.0/EricksonLopez.Concurrency.Benchmarks-.NET 9.0-3/BenchmarkDotNet.Autogenerated.csproj::TargetFramework=net9.0]
    0 Warning(s)
    1 Error(s)
Time Elapsed 00:00:01.42

// BenchmarkDotNet has failed to build the auto-generated boilerplate code.
// It can be found in /home/runner/work/dotnet-concurrency/dotnet-concurrency/benchmarks/EricksonLopez.Concurrency.Benchmarks/bin/Release/net10.0/EricksonLopez.Concurrency.Benchmarks-.NET 9.0-3
// Please follow the troubleshooting guide: https://benchmarkdotnet.org/articles/guides/troubleshooting.html

// ** Remained 2 (3.7 %) benchmark(s) to run. Estimated finish 2026-09-13 7:23 (0h 0m from now) **
// Build Error: Standard output: 
  
 Standard error: 
 /usr/share/dotnet/sdk/10.0.401/Microsoft.Common.CurrentVersion.targets(1891,5): error : Project '/home/runner/work/dotnet-concurrency/dotnet-concurrency/benchmarks/EricksonLopez.Concurrency.Benchmarks/EricksonLopez.Concurrency.Benchmarks.csproj' targets 'net10.0'. It cannot be referenced by a project that targets '.NETCoreApp,Version=v9.0'. [/home/runner/work/dotnet-concurrency/dotnet-concurrency/benchmarks/EricksonLopez.Concurrency.Benchmarks/bin/Release/net10.0/EricksonLopez.Concurrency.Benchmarks-.NET 9.0-3/BenchmarkDotNet.Autogenerated.csproj::TargetFramework=net9.0]
Build FAILED.
/usr/share/dotnet/sdk/10.0.401/Microsoft.Common.CurrentVersion.targets(1891,5): error : Project '/home/runner/work/dotnet-concurrency/dotnet-concurrency/benchmarks/EricksonLopez.Concurrency.Benchmarks/EricksonLopez.Concurrency.Benchmarks.csproj' targets 'net10.0'. It cannot be referenced by a project that targets '.NETCoreApp,Version=v9.0'. [/home/runner/work/dotnet-concurrency/dotnet-concurrency/benchmarks/EricksonLopez.Concurrency.Benchmarks/bin/Release/net10.0/EricksonLopez.Concurrency.Benchmarks-.NET 9.0-3/BenchmarkDotNet.Autogenerated.csproj::TargetFramework=net9.0]
    0 Warning(s)
    1 Error(s)
Time Elapsed 00:00:01.42

// BenchmarkDotNet has failed to build the auto-generated boilerplate code.
// It can be found in /home/runner/work/dotnet-concurrency/dotnet-concurrency/benchmarks/EricksonLopez.Concurrency.Benchmarks/bin/Release/net10.0/EricksonLopez.Concurrency.Benchmarks-.NET 9.0-3
// Please follow the troubleshooting guide: https://benchmarkdotnet.org/articles/guides/troubleshooting.html

// ** Remained 1 (1.9 %) benchmark(s) to run. Estimated finish 2026-09-13 7:23 (0h 0m from now) **
// Build Error: Standard output: 
  
 Standard error: 
 /usr/share/dotnet/sdk/10.0.401/Microsoft.Common.CurrentVersion.targets(1891,5): error : Project '/home/runner/work/dotnet-concurrency/dotnet-concurrency/benchmarks/EricksonLopez.Concurrency.Benchmarks/EricksonLopez.Concurrency.Benchmarks.csproj' targets 'net10.0'. It cannot be referenced by a project that targets '.NETCoreApp,Version=v9.0'. [/home/runner/work/dotnet-concurrency/dotnet-concurrency/benchmarks/EricksonLopez.Concurrency.Benchmarks/bin/Release/net10.0/EricksonLopez.Concurrency.Benchmarks-.NET 9.0-3/BenchmarkDotNet.Autogenerated.csproj::TargetFramework=net9.0]
Build FAILED.
/usr/share/dotnet/sdk/10.0.401/Microsoft.Common.CurrentVersion.targets(1891,5): error : Project '/home/runner/work/dotnet-concurrency/dotnet-concurrency/benchmarks/EricksonLopez.Concurrency.Benchmarks/EricksonLopez.Concurrency.Benchmarks.csproj' targets 'net10.0'. It cannot be referenced by a project that targets '.NETCoreApp,Version=v9.0'. [/home/runner/work/dotnet-concurrency/dotnet-concurrency/benchmarks/EricksonLopez.Concurrency.Benchmarks/bin/Release/net10.0/EricksonLopez.Concurrency.Benchmarks-.NET 9.0-3/BenchmarkDotNet.Autogenerated.csproj::TargetFramework=net9.0]
    0 Warning(s)
    1 Error(s)
Time Elapsed 00:00:01.42

// BenchmarkDotNet has failed to build the auto-generated boilerplate code.
// It can be found in /home/runner/work/dotnet-concurrency/dotnet-concurrency/benchmarks/EricksonLopez.Concurrency.Benchmarks/bin/Release/net10.0/EricksonLopez.Concurrency.Benchmarks-.NET 9.0-3
// Please follow the troubleshooting guide: https://benchmarkdotnet.org/articles/guides/troubleshooting.html

// ** Remained 0 (0.0 %) benchmark(s) to run. Estimated finish 2026-09-13 7:23 (0h 0m from now) **
// ***** BenchmarkRunner: Finish  *****

// * Export *
  benchmarks/results/results/EricksonLopez.Concurrency.Benchmarks.TokenAllocationBenchmarks-report.csv
  benchmarks/results/results/EricksonLopez.Concurrency.Benchmarks.TokenAllocationBenchmarks-report-github.md
  benchmarks/results/results/EricksonLopez.Concurrency.Benchmarks.TokenAllocationBenchmarks-report.html
  benchmarks/results/results/EricksonLopez.Concurrency.Benchmarks.TokenAllocationBenchmarks-report-full-compressed.json
  benchmarks/results/results/EricksonLopez.Concurrency.Benchmarks.TokenAllocationBenchmarks-report-default.md

// * Detailed results *
TokenAllocationBenchmarks.CreateStructVersion: .NET 10.0(Runtime=.NET 10.0, Toolchain=net10.0)
Runtime = .NET 10.0.12 (10.0.12, 10.0.1226.42308), X64 RyuJIT x86-64-v3; GC = Concurrent Workstation
Mean = 0.000 ns, StdErr = 0.000 ns (65.29%), N = 14, StdDev = 0.000 ns
Min = 0.000 ns, Q1 = 0.000 ns, Median = 0.000 ns, Q3 = 0.000 ns, Max = 0.001 ns
IQR = 0.000 ns, LowerFence = 0.000 ns, UpperFence = 0.000 ns
ConfidenceInterval = [-0.000 ns; 0.001 ns] (CI 99.9%), Margin = 0.001 ns (275.59% of Mean)
Skewness = 2.06, Kurtosis = 5.88, MValue = 2
-------------------- Histogram --------------------
[0.000 ns ; 0.000 ns) | @@@@@@@@@@@@
[0.000 ns ; 0.001 ns) | 
[0.001 ns ; 0.001 ns) | @
[0.001 ns ; 0.002 ns) | @
---------------------------------------------------

TokenAllocationBenchmarks.CreateStructToken: .NET 10.0(Runtime=.NET 10.0, Toolchain=net10.0)
Runtime = .NET 10.0.12 (10.0.12, 10.0.1226.42308), X64 RyuJIT x86-64-v3; GC = Concurrent Workstation
Mean = 1.178 ns, StdErr = 0.001 ns (0.05%), N = 13, StdDev = 0.002 ns
Min = 1.176 ns, Q1 = 1.177 ns, Median = 1.179 ns, Q3 = 1.179 ns, Max = 1.183 ns
IQR = 0.003 ns, LowerFence = 1.173 ns, UpperFence = 1.183 ns
ConfidenceInterval = [1.176 ns; 1.181 ns] (CI 99.9%), Margin = 0.002 ns (0.20% of Mean)
Skewness = 0.35, Kurtosis = 2.21, MValue = 2
-------------------- Histogram --------------------
[1.175 ns ; 1.184 ns) | @@@@@@@@@@@@@
---------------------------------------------------

TokenAllocationBenchmarks.CreateExpectedVersionSpecific: .NET 10.0(Runtime=.NET 10.0, Toolchain=net10.0)
Runtime = .NET 10.0.12 (10.0.12, 10.0.1226.42308), X64 RyuJIT x86-64-v3; GC = Concurrent Workstation
Mean = 0.000 ns, StdErr = 0.000 ns (42.49%), N = 14, StdDev = 0.000 ns
Min = 0.000 ns, Q1 = 0.000 ns, Median = 0.000 ns, Q3 = 0.000 ns, Max = 0.000 ns
IQR = 0.000 ns, LowerFence = -0.000 ns, UpperFence = 0.000 ns
ConfidenceInterval = [-0.000 ns; 0.000 ns] (CI 99.9%), Margin = 0.000 ns (179.35% of Mean)
Skewness = 1.01, Kurtosis = 2.26, MValue = 2
-------------------- Histogram --------------------
[0.000 ns ; 0.000 ns) | @@@@@@@@@@
[0.000 ns ; 0.000 ns) | @@@
[0.000 ns ; 0.001 ns) | @
---------------------------------------------------

TokenAllocationBenchmarks.TryParseSpanVersion: .NET 10.0(Runtime=.NET 10.0, Toolchain=net10.0)
Runtime = .NET 10.0.12 (10.0.12, 10.0.1226.42308), X64 RyuJIT x86-64-v3; GC = Concurrent Workstation
Mean = 14.188 ns, StdErr = 0.019 ns (0.13%), N = 15, StdDev = 0.073 ns
Min = 13.968 ns, Q1 = 14.186 ns, Median = 14.210 ns, Q3 = 14.220 ns, Max = 14.269 ns
IQR = 0.033 ns, LowerFence = 14.136 ns, UpperFence = 14.270 ns
ConfidenceInterval = [14.110 ns; 14.267 ns] (CI 99.9%), Margin = 0.078 ns (0.55% of Mean)
Skewness = -1.83, Kurtosis = 5.89, MValue = 2
-------------------- Histogram --------------------
[13.929 ns ; 14.308 ns) | @@@@@@@@@@@@@@@
---------------------------------------------------

TokenAllocationBenchmarks.TryParseStringVersion: .NET 10.0(Runtime=.NET 10.0, Toolchain=net10.0)
Runtime = .NET 10.0.12 (10.0.12, 10.0.1226.42308), X64 RyuJIT x86-64-v3; GC = Concurrent Workstation
Mean = 16.163 ns, StdErr = 0.037 ns (0.23%), N = 15, StdDev = 0.144 ns
Min = 15.928 ns, Q1 = 16.045 ns, Median = 16.248 ns, Q3 = 16.270 ns, Max = 16.326 ns
IQR = 0.225 ns, LowerFence = 15.708 ns, UpperFence = 16.607 ns
ConfidenceInterval = [16.009 ns; 16.316 ns] (CI 99.9%), Margin = 0.153 ns (0.95% of Mean)
Skewness = -0.44, Kurtosis = 1.43, MValue = 2
-------------------- Histogram --------------------
[15.851 ns ; 16.403 ns) | @@@@@@@@@@@@@@@
---------------------------------------------------

TokenAllocationBenchmarks.FormatVersionToString: .NET 10.0(Runtime=.NET 10.0, Toolchain=net10.0)
Runtime = .NET 10.0.12 (10.0.12, 10.0.1226.42308), X64 RyuJIT x86-64-v3; GC = Concurrent Workstation
Mean = 13.689 ns, StdErr = 0.058 ns (0.42%), N = 15, StdDev = 0.224 ns
Min = 13.265 ns, Q1 = 13.566 ns, Median = 13.625 ns, Q3 = 13.840 ns, Max = 14.102 ns
IQR = 0.273 ns, LowerFence = 13.156 ns, UpperFence = 14.249 ns
ConfidenceInterval = [13.449 ns; 13.928 ns] (CI 99.9%), Margin = 0.239 ns (1.75% of Mean)
Skewness = 0.12, Kurtosis = 2.12, MValue = 2
-------------------- Histogram --------------------
[13.146 ns ; 13.678 ns) | @@@@@@@@@
[13.678 ns ; 14.222 ns) | @@@@@@
---------------------------------------------------

TokenAllocationBenchmarks.CompareTokensValueEquality: .NET 10.0(Runtime=.NET 10.0, Toolchain=net10.0)
Runtime = .NET 10.0.12 (10.0.12, 10.0.1226.42308), X64 RyuJIT x86-64-v3; GC = Concurrent Workstation
Mean = 1.875 ns, StdErr = 0.001 ns (0.05%), N = 15, StdDev = 0.004 ns
Min = 1.870 ns, Q1 = 1.872 ns, Median = 1.874 ns, Q3 = 1.879 ns, Max = 1.881 ns
IQR = 0.007 ns, LowerFence = 1.862 ns, UpperFence = 1.889 ns
ConfidenceInterval = [1.872 ns; 1.879 ns] (CI 99.9%), Margin = 0.004 ns (0.21% of Mean)
Skewness = 0.21, Kurtosis = 1.26, MValue = 2
-------------------- Histogram --------------------
[1.869 ns ; 1.883 ns) | @@@@@@@@@@@@@@@
---------------------------------------------------

TokenAllocationBenchmarks.CheckExpectedMatchesActual: .NET 10.0(Runtime=.NET 10.0, Toolchain=net10.0)
Runtime = .NET 10.0.12 (10.0.12, 10.0.1226.42308), X64 RyuJIT x86-64-v3; GC = Concurrent Workstation
Mean = 0.351 ns, StdErr = 0.001 ns (0.27%), N = 12, StdDev = 0.003 ns
Min = 0.345 ns, Q1 = 0.349 ns, Median = 0.351 ns, Q3 = 0.353 ns, Max = 0.357 ns
IQR = 0.004 ns, LowerFence = 0.343 ns, UpperFence = 0.358 ns
ConfidenceInterval = [0.347 ns; 0.355 ns] (CI 99.9%), Margin = 0.004 ns (1.21% of Mean)
Skewness = -0.05, Kurtosis = 2.14, MValue = 2
-------------------- Histogram --------------------
[0.343 ns ; 0.359 ns) | @@@@@@@@@@@@
---------------------------------------------------

TokenAllocationBenchmarks.CreateStructVersion: .NET 8.0(Runtime=.NET 8.0, Toolchain=net8.0)
Runtime = ; GC = 
There are not any results runs

TokenAllocationBenchmarks.CreateStructToken: .NET 8.0(Runtime=.NET 8.0, Toolchain=net8.0)
Runtime = ; GC = 
There are not any results runs

TokenAllocationBenchmarks.CreateExpectedVersionSpecific: .NET 8.0(Runtime=.NET 8.0, Toolchain=net8.0)
Runtime = ; GC = 
There are not any results runs

TokenAllocationBenchmarks.TryParseSpanVersion: .NET 8.0(Runtime=.NET 8.0, Toolchain=net8.0)
Runtime = ; GC = 
There are not any results runs

TokenAllocationBenchmarks.TryParseStringVersion: .NET 8.0(Runtime=.NET 8.0, Toolchain=net8.0)
Runtime = ; GC = 
There are not any results runs

TokenAllocationBenchmarks.FormatVersionToString: .NET 8.0(Runtime=.NET 8.0, Toolchain=net8.0)
Runtime = ; GC = 
There are not any results runs

TokenAllocationBenchmarks.CompareTokensValueEquality: .NET 8.0(Runtime=.NET 8.0, Toolchain=net8.0)
Runtime = ; GC = 
There are not any results runs

TokenAllocationBenchmarks.CheckExpectedMatchesActual: .NET 8.0(Runtime=.NET 8.0, Toolchain=net8.0)
Runtime = ; GC = 
There are not any results runs

TokenAllocationBenchmarks.CreateStructVersion: .NET 9.0(Runtime=.NET 9.0, Toolchain=net9.0)
Runtime = ; GC = 
There are not any results runs

TokenAllocationBenchmarks.CreateStructToken: .NET 9.0(Runtime=.NET 9.0, Toolchain=net9.0)
Runtime = ; GC = 
There are not any results runs

TokenAllocationBenchmarks.CreateExpectedVersionSpecific: .NET 9.0(Runtime=.NET 9.0, Toolchain=net9.0)
Runtime = ; GC = 
There are not any results runs

TokenAllocationBenchmarks.TryParseSpanVersion: .NET 9.0(Runtime=.NET 9.0, Toolchain=net9.0)
Runtime = ; GC = 
There are not any results runs

TokenAllocationBenchmarks.TryParseStringVersion: .NET 9.0(Runtime=.NET 9.0, Toolchain=net9.0)
Runtime = ; GC = 
There are not any results runs

TokenAllocationBenchmarks.FormatVersionToString: .NET 9.0(Runtime=.NET 9.0, Toolchain=net9.0)
Runtime = ; GC = 
There are not any results runs

TokenAllocationBenchmarks.CompareTokensValueEquality: .NET 9.0(Runtime=.NET 9.0, Toolchain=net9.0)
Runtime = ; GC = 
There are not any results runs

TokenAllocationBenchmarks.CheckExpectedMatchesActual: .NET 9.0(Runtime=.NET 9.0, Toolchain=net9.0)
Runtime = ; GC = 
There are not any results runs

// * Summary *

BenchmarkDotNet v0.15.8, Linux Ubuntu 24.04.5 LTS (Noble Numbat)
AMD EPYC 7763 2.45GHz, 1 CPU, 4 logical and 2 physical cores
.NET SDK 10.0.401
  [Host]    : .NET 10.0.12 (10.0.12, 10.0.1226.42308), X64 RyuJIT x86-64-v3
  .NET 10.0 : .NET 10.0.12 (10.0.12, 10.0.1226.42308), X64 RyuJIT x86-64-v3


| Method                        | Job       | Runtime   | Mean       | Error     | StdDev    | Median     | Ratio | RatioSD | Gen0   | Allocated | Alloc Ratio |
|------------------------------ |---------- |---------- |-----------:|----------:|----------:|-----------:|------:|--------:|-------:|----------:|------------:|
| CreateStructVersion           | .NET 10.0 | .NET 10.0 |  0.0002 ns | 0.0005 ns | 0.0004 ns |  0.0000 ns |     ? |       ? |      - |         - |           ? |
| CreateStructToken             | .NET 10.0 | .NET 10.0 |  1.1784 ns | 0.0024 ns | 0.0020 ns |  1.1790 ns |     ? |       ? |      - |         - |           ? |
| CreateExpectedVersionSpecific | .NET 10.0 | .NET 10.0 |  0.0001 ns | 0.0001 ns | 0.0001 ns |  0.0000 ns |     ? |       ? |      - |         - |           ? |
| TryParseSpanVersion           | .NET 10.0 | .NET 10.0 | 14.1884 ns | 0.0781 ns | 0.0731 ns | 14.2095 ns |     ? |       ? |      - |         - |           ? |
| TryParseStringVersion         | .NET 10.0 | .NET 10.0 | 16.1626 ns | 0.1534 ns | 0.1435 ns | 16.2476 ns |     ? |       ? |      - |         - |           ? |
| FormatVersionToString         | .NET 10.0 | .NET 10.0 | 13.6886 ns | 0.2392 ns | 0.2238 ns | 13.6255 ns |     ? |       ? | 0.0029 |      48 B |           ? |
| CompareTokensValueEquality    | .NET 10.0 | .NET 10.0 |  1.8755 ns | 0.0039 ns | 0.0037 ns |  1.8742 ns |     ? |       ? |      - |         - |           ? |
| CheckExpectedMatchesActual    | .NET 10.0 | .NET 10.0 |  0.3512 ns | 0.0042 ns | 0.0033 ns |  0.3515 ns |     ? |       ? |      - |         - |           ? |
| CreateStructVersion           | .NET 8.0  | .NET 8.0  |         NA |        NA |        NA |         NA |     ? |       ? |     NA |        NA |           ? |
| CreateStructToken             | .NET 8.0  | .NET 8.0  |         NA |        NA |        NA |         NA |     ? |       ? |     NA |        NA |           ? |
| CreateExpectedVersionSpecific | .NET 8.0  | .NET 8.0  |         NA |        NA |        NA |         NA |     ? |       ? |     NA |        NA |           ? |
| TryParseSpanVersion           | .NET 8.0  | .NET 8.0  |         NA |        NA |        NA |         NA |     ? |       ? |     NA |        NA |           ? |
| TryParseStringVersion         | .NET 8.0  | .NET 8.0  |         NA |        NA |        NA |         NA |     ? |       ? |     NA |        NA |           ? |
| FormatVersionToString         | .NET 8.0  | .NET 8.0  |         NA |        NA |        NA |         NA |     ? |       ? |     NA |        NA |           ? |
| CompareTokensValueEquality    | .NET 8.0  | .NET 8.0  |         NA |        NA |        NA |         NA |     ? |       ? |     NA |        NA |           ? |
| CheckExpectedMatchesActual    | .NET 8.0  | .NET 8.0  |         NA |        NA |        NA |         NA |     ? |       ? |     NA |        NA |           ? |
| CreateStructVersion           | .NET 9.0  | .NET 9.0  |         NA |        NA |        NA |         NA |     ? |       ? |     NA |        NA |           ? |
| CreateStructToken             | .NET 9.0  | .NET 9.0  |         NA |        NA |        NA |         NA |     ? |       ? |     NA |        NA |           ? |
| CreateExpectedVersionSpecific | .NET 9.0  | .NET 9.0  |         NA |        NA |        NA |         NA |     ? |       ? |     NA |        NA |           ? |
| TryParseSpanVersion           | .NET 9.0  | .NET 9.0  |         NA |        NA |        NA |         NA |     ? |       ? |     NA |        NA |           ? |
| TryParseStringVersion         | .NET 9.0  | .NET 9.0  |         NA |        NA |        NA |         NA |     ? |       ? |     NA |        NA |           ? |
| FormatVersionToString         | .NET 9.0  | .NET 9.0  |         NA |        NA |        NA |         NA |     ? |       ? |     NA |        NA |           ? |
| CompareTokensValueEquality    | .NET 9.0  | .NET 9.0  |         NA |        NA |        NA |         NA |     ? |       ? |     NA |        NA |           ? |
| CheckExpectedMatchesActual    | .NET 9.0  | .NET 9.0  |         NA |        NA |        NA |         NA |     ? |       ? |     NA |        NA |           ? |

Benchmarks with issues:
  TokenAllocationBenchmarks.CreateStructVersion: .NET 8.0(Runtime=.NET 8.0, Toolchain=net8.0)
  TokenAllocationBenchmarks.CreateStructToken: .NET 8.0(Runtime=.NET 8.0, Toolchain=net8.0)
  TokenAllocationBenchmarks.CreateExpectedVersionSpecific: .NET 8.0(Runtime=.NET 8.0, Toolchain=net8.0)
  TokenAllocationBenchmarks.TryParseSpanVersion: .NET 8.0(Runtime=.NET 8.0, Toolchain=net8.0)
  TokenAllocationBenchmarks.TryParseStringVersion: .NET 8.0(Runtime=.NET 8.0, Toolchain=net8.0)
  TokenAllocationBenchmarks.FormatVersionToString: .NET 8.0(Runtime=.NET 8.0, Toolchain=net8.0)
  TokenAllocationBenchmarks.CompareTokensValueEquality: .NET 8.0(Runtime=.NET 8.0, Toolchain=net8.0)
  TokenAllocationBenchmarks.CheckExpectedMatchesActual: .NET 8.0(Runtime=.NET 8.0, Toolchain=net8.0)
  TokenAllocationBenchmarks.CreateStructVersion: .NET 9.0(Runtime=.NET 9.0, Toolchain=net9.0)
  TokenAllocationBenchmarks.CreateStructToken: .NET 9.0(Runtime=.NET 9.0, Toolchain=net9.0)
  TokenAllocationBenchmarks.CreateExpectedVersionSpecific: .NET 9.0(Runtime=.NET 9.0, Toolchain=net9.0)
  TokenAllocationBenchmarks.TryParseSpanVersion: .NET 9.0(Runtime=.NET 9.0, Toolchain=net9.0)
  TokenAllocationBenchmarks.TryParseStringVersion: .NET 9.0(Runtime=.NET 9.0, Toolchain=net9.0)
  TokenAllocationBenchmarks.FormatVersionToString: .NET 9.0(Runtime=.NET 9.0, Toolchain=net9.0)
  TokenAllocationBenchmarks.CompareTokensValueEquality: .NET 9.0(Runtime=.NET 9.0, Toolchain=net9.0)
  TokenAllocationBenchmarks.CheckExpectedMatchesActual: .NET 9.0(Runtime=.NET 9.0, Toolchain=net9.0)

// * Warnings *
BaselineCustomAnalyzer
  Summary -> A question mark '?' symbol indicates that it was not possible to compute the (Ratio, RatioSD, Alloc Ratio) column(s) because the baseline or benchmark could not be found, or the baseline value is too close to zero.
ZeroMeasurement
  TokenAllocationBenchmarks.CreateStructVersion: .NET 10.0           -> The method duration is indistinguishable from the empty method duration
  TokenAllocationBenchmarks.CreateExpectedVersionSpecific: .NET 10.0 -> The method duration is indistinguishable from the empty method duration

// * Hints *
Outliers
  TokenAllocationBenchmarks.CreateStructVersion: .NET 10.0           -> 1 outlier  was  removed (1.64 ns)
  TokenAllocationBenchmarks.CreateStructToken: .NET 10.0             -> 2 outliers were removed (2.82 ns, 2.83 ns)
  TokenAllocationBenchmarks.CreateExpectedVersionSpecific: .NET 10.0 -> 1 outlier  was  removed (1.65 ns)
  TokenAllocationBenchmarks.TryParseSpanVersion: .NET 10.0           -> 2 outliers were detected (15.83 ns, 15.95 ns)
  TokenAllocationBenchmarks.CheckExpectedMatchesActual: .NET 10.0    -> 3 outliers were removed (2.23 ns..2.27 ns)

// * Legends *
  Mean        : Arithmetic mean of all measurements
  Error       : Half of 99.9% confidence interval
  StdDev      : Standard deviation of all measurements
  Median      : Value separating the higher half of all measurements (50th percentile)
  Ratio       : Mean of the ratio distribution ([Current]/[Baseline])
  RatioSD     : Standard deviation of the ratio distribution ([Current]/[Baseline])
  Gen0        : GC Generation 0 collects per 1000 operations
  Allocated   : Allocated memory per single operation (managed only, inclusive, 1KB = 1024B)
  Alloc Ratio : Allocated memory ratio distribution ([Current]/[Baseline])
  1 ns        : 1 Nanosecond (0.000000001 sec)

// * Diagnostic Output - MemoryDiagnoser *


// ***** BenchmarkRunner: End *****
Run time: 00:03:34 (214.25 sec), executed benchmarks: 8

Global total time: 00:08:44 (524.08 sec), executed benchmarks: 18
// * Artifacts cleanup *
Artifacts cleanup is finished
