// Validating benchmarks:
// ***** BenchmarkRunner: Start   *****
// ***** Found 54 benchmark(s) in total *****
// ***** Building 3 exe(s) in Parallel: Start   *****
// ***** Done, took 00:00:30 (30.56 sec)   *****
// ***** Failed to build in Parallel, switching to sequential build   *****
// ***** Done, took 00:00:08 (8.8 sec)   *****
// Found 15 benchmarks:
//   ConcurrencyBenchmarks.DirectVersionComparison: .NET 10.0(Runtime=.NET 10.0, Toolchain=net10.0)
//   ConcurrencyBenchmarks.CheckerCheckVersion: .NET 10.0(Runtime=.NET 10.0, Toolchain=net10.0)
//   ConcurrencyBenchmarks.CheckerCheckToken: .NET 10.0(Runtime=.NET 10.0, Toolchain=net10.0)
//   ConcurrencyBenchmarks.ControllerExecuteCasAsync: .NET 10.0(Runtime=.NET 10.0, Toolchain=net10.0)
//   ConcurrencyBenchmarks.ResultConversion: .NET 10.0(Runtime=.NET 10.0, Toolchain=net10.0)
//   ConcurrencyBenchmarks.DirectVersionComparison: .NET 8.0(Runtime=.NET 8.0, Toolchain=net8.0)
//   ConcurrencyBenchmarks.CheckerCheckVersion: .NET 8.0(Runtime=.NET 8.0, Toolchain=net8.0)
//   ConcurrencyBenchmarks.CheckerCheckToken: .NET 8.0(Runtime=.NET 8.0, Toolchain=net8.0)
//   ConcurrencyBenchmarks.ControllerExecuteCasAsync: .NET 8.0(Runtime=.NET 8.0, Toolchain=net8.0)
//   ConcurrencyBenchmarks.ResultConversion: .NET 8.0(Runtime=.NET 8.0, Toolchain=net8.0)
//   ConcurrencyBenchmarks.DirectVersionComparison: .NET 9.0(Runtime=.NET 9.0, Toolchain=net9.0)
//   ConcurrencyBenchmarks.CheckerCheckVersion: .NET 9.0(Runtime=.NET 9.0, Toolchain=net9.0)
//   ConcurrencyBenchmarks.CheckerCheckToken: .NET 9.0(Runtime=.NET 9.0, Toolchain=net9.0)
//   ConcurrencyBenchmarks.ControllerExecuteCasAsync: .NET 9.0(Runtime=.NET 9.0, Toolchain=net9.0)
//   ConcurrencyBenchmarks.ResultConversion: .NET 9.0(Runtime=.NET 9.0, Toolchain=net9.0)

// **************************
// Benchmark: ConcurrencyBenchmarks.DirectVersionComparison: .NET 10.0(Runtime=.NET 10.0, Toolchain=net10.0)
// *** Execute ***
// Launch: 1 / 1
// Execute: dotnet "EricksonLopez.Concurrency.Benchmarks-.NET 10.0-1.dll" --anonymousPipes 114 115 --benchmarkName EricksonLopez.Concurrency.Benchmarks.ConcurrencyBenchmarks.DirectVersionComparison --job ".NET 10.0" --benchmarkId 0 in /home/runner/work/dotnet-concurrency/dotnet-concurrency/benchmarks/EricksonLopez.Concurrency.Benchmarks/bin/Release/net10.0/EricksonLopez.Concurrency.Benchmarks-.NET 10.0-1/bin/Release/net10.0
// Failed to set up high priority (Permission denied). In order to run benchmarks with high priority, make sure you have the right permissions.
// BeforeAnythingElse

// Benchmark Process Environment Information:
// BenchmarkDotNet v0.15.8
// Runtime=.NET 10.0.11 (10.0.11, 10.0.1126.37416), X64 RyuJIT x86-64-v3
// GC=Concurrent Workstation
// HardwareIntrinsics=AVX2+BMI1+BMI2+F16C+FMA+LZCNT+MOVBE,AVX,SSE3+SSSE3+SSE4.1+SSE4.2+POPCNT,X86Base+SSE+SSE2,AES+PCLMUL VectorSize=256
// Job: .NET 10.0

OverheadJitting  1: 1 op, 205034.00 ns, 205.0340 us/op
WorkloadJitting  1: 1 op, 229379.00 ns, 229.3790 us/op

OverheadJitting  2: 16 op, 365263.00 ns, 22.8289 us/op
WorkloadJitting  2: 16 op, 323315.00 ns, 20.2072 us/op

WorkloadPilot    1: 16 op, 551.00 ns, 34.4375 ns/op
WorkloadPilot    2: 32 op, 561.00 ns, 17.5313 ns/op
WorkloadPilot    3: 64 op, 751.00 ns, 11.7344 ns/op
WorkloadPilot    4: 128 op, 1082.00 ns, 8.4531 ns/op
WorkloadPilot    5: 256 op, 1713.00 ns, 6.6914 ns/op
WorkloadPilot    6: 512 op, 3006.00 ns, 5.8711 ns/op
WorkloadPilot    7: 1024 op, 5700.00 ns, 5.5664 ns/op
WorkloadPilot    8: 2048 op, 10811.00 ns, 5.2788 ns/op
WorkloadPilot    9: 4096 op, 21651.00 ns, 5.2859 ns/op
WorkloadPilot   10: 8192 op, 42048.00 ns, 5.1328 ns/op
WorkloadPilot   11: 16384 op, 83477.00 ns, 5.0950 ns/op
WorkloadPilot   12: 32768 op, 166101.00 ns, 5.0690 ns/op
WorkloadPilot   13: 65536 op, 341459.00 ns, 5.2103 ns/op
WorkloadPilot   14: 131072 op, 703446.00 ns, 5.3669 ns/op
WorkloadPilot   15: 262144 op, 1388708.00 ns, 5.2975 ns/op
WorkloadPilot   16: 524288 op, 2746368.00 ns, 5.2383 ns/op
WorkloadPilot   17: 1048576 op, 5536268.00 ns, 5.2798 ns/op
WorkloadPilot   18: 2097152 op, 10909681.00 ns, 5.2021 ns/op
WorkloadPilot   19: 4194304 op, 23439373.00 ns, 5.5884 ns/op
WorkloadPilot   20: 8388608 op, 44528529.00 ns, 5.3082 ns/op
WorkloadPilot   21: 16777216 op, 85708954.00 ns, 5.1087 ns/op
WorkloadPilot   22: 33554432 op, 146075424.00 ns, 4.3534 ns/op
WorkloadPilot   23: 67108864 op, 292166308.00 ns, 4.3536 ns/op
WorkloadPilot   24: 134217728 op, 585390144.00 ns, 4.3615 ns/op

OverheadWarmup   1: 134217728 op, 630454946.00 ns, 4.6973 ns/op
OverheadWarmup   2: 134217728 op, 589815435.00 ns, 4.3945 ns/op
OverheadWarmup   3: 134217728 op, 589516518.00 ns, 4.3922 ns/op
OverheadWarmup   4: 134217728 op, 589793235.00 ns, 4.3943 ns/op
OverheadWarmup   5: 134217728 op, 589883004.00 ns, 4.3950 ns/op
OverheadWarmup   6: 134217728 op, 589431650.00 ns, 4.3916 ns/op
OverheadWarmup   7: 134217728 op, 589058963.00 ns, 4.3888 ns/op
OverheadWarmup   8: 134217728 op, 590080974.00 ns, 4.3964 ns/op
OverheadWarmup   9: 134217728 op, 604431376.00 ns, 4.5034 ns/op
OverheadWarmup  10: 134217728 op, 589390954.00 ns, 4.3913 ns/op

OverheadActual   1: 134217728 op, 588428853.00 ns, 4.3841 ns/op
OverheadActual   2: 134217728 op, 589297633.00 ns, 4.3906 ns/op
OverheadActual   3: 134217728 op, 588934704.00 ns, 4.3879 ns/op
OverheadActual   4: 134217728 op, 589232511.00 ns, 4.3901 ns/op
OverheadActual   5: 134217728 op, 588558610.00 ns, 4.3851 ns/op
OverheadActual   6: 134217728 op, 589015298.00 ns, 4.3885 ns/op
OverheadActual   7: 134217728 op, 593876224.00 ns, 4.4247 ns/op
OverheadActual   8: 134217728 op, 589455879.00 ns, 4.3918 ns/op
OverheadActual   9: 134217728 op, 588553844.00 ns, 4.3851 ns/op
OverheadActual  10: 134217728 op, 588938462.00 ns, 4.3879 ns/op
OverheadActual  11: 134217728 op, 589175921.00 ns, 4.3897 ns/op
OverheadActual  12: 134217728 op, 589077987.00 ns, 4.3890 ns/op
OverheadActual  13: 134217728 op, 589561511.00 ns, 4.3926 ns/op
OverheadActual  14: 134217728 op, 591103516.00 ns, 4.4041 ns/op
OverheadActual  15: 134217728 op, 590768429.00 ns, 4.4016 ns/op

WorkloadWarmup   1: 134217728 op, 584576995.00 ns, 4.3554 ns/op
WorkloadWarmup   2: 134217728 op, 587695486.00 ns, 4.3787 ns/op
WorkloadWarmup   3: 134217728 op, 584662866.00 ns, 4.3561 ns/op
WorkloadWarmup   4: 134217728 op, 584990827.00 ns, 4.3585 ns/op
WorkloadWarmup   5: 134217728 op, 584722795.00 ns, 4.3565 ns/op
WorkloadWarmup   6: 134217728 op, 584420439.00 ns, 4.3543 ns/op

// BeforeActualRun
WorkloadActual   1: 134217728 op, 584756809.00 ns, 4.3568 ns/op
WorkloadActual   2: 134217728 op, 584670757.00 ns, 4.3561 ns/op
WorkloadActual   3: 134217728 op, 584624681.00 ns, 4.3558 ns/op
WorkloadActual   4: 134217728 op, 585525617.00 ns, 4.3625 ns/op
WorkloadActual   5: 134217728 op, 584805199.00 ns, 4.3571 ns/op
WorkloadActual   6: 134217728 op, 584473478.00 ns, 4.3547 ns/op
WorkloadActual   7: 134217728 op, 584740197.00 ns, 4.3567 ns/op
WorkloadActual   8: 134217728 op, 585129817.00 ns, 4.3596 ns/op
WorkloadActual   9: 134217728 op, 584267473.00 ns, 4.3531 ns/op
WorkloadActual  10: 134217728 op, 584536046.00 ns, 4.3551 ns/op
WorkloadActual  11: 134217728 op, 585056599.00 ns, 4.3590 ns/op
WorkloadActual  12: 134217728 op, 584299558.00 ns, 4.3534 ns/op
WorkloadActual  13: 134217728 op, 585291143.00 ns, 4.3608 ns/op
WorkloadActual  14: 134217728 op, 585201675.00 ns, 4.3601 ns/op
WorkloadActual  15: 134217728 op, 585107058.00 ns, 4.3594 ns/op

// AfterActualRun
WorkloadResult   1: 134217728 op, 0.00 ns, 0.0000 ns/op
WorkloadResult   2: 134217728 op, 0.00 ns, 0.0000 ns/op
WorkloadResult   3: 134217728 op, 0.00 ns, 0.0000 ns/op
WorkloadResult   4: 134217728 op, 0.00 ns, 0.0000 ns/op
WorkloadResult   5: 134217728 op, 0.00 ns, 0.0000 ns/op
WorkloadResult   6: 134217728 op, 0.00 ns, 0.0000 ns/op
WorkloadResult   7: 134217728 op, 0.00 ns, 0.0000 ns/op
WorkloadResult   8: 134217728 op, 0.00 ns, 0.0000 ns/op
WorkloadResult   9: 134217728 op, 0.00 ns, 0.0000 ns/op
WorkloadResult  10: 134217728 op, 0.00 ns, 0.0000 ns/op
WorkloadResult  11: 134217728 op, 0.00 ns, 0.0000 ns/op
WorkloadResult  12: 134217728 op, 0.00 ns, 0.0000 ns/op
WorkloadResult  13: 134217728 op, 0.00 ns, 0.0000 ns/op
WorkloadResult  14: 134217728 op, 0.00 ns, 0.0000 ns/op
WorkloadResult  15: 134217728 op, 0.00 ns, 0.0000 ns/op
// GC:  0 0 0 0 134217728
// Threading:  0 0 134217728

// AfterAll
// Benchmark Process 4432 has exited with code 0.

Mean = 0.000 ns, StdErr = 0.000 ns (NaN%), N = 15, StdDev = 0.000 ns
Min = 0.000 ns, Q1 = 0.000 ns, Median = 0.000 ns, Q3 = 0.000 ns, Max = 0.000 ns
IQR = 0.000 ns, LowerFence = 0.000 ns, UpperFence = 0.000 ns
ConfidenceInterval = [0.000 ns; 0.000 ns] (CI 99.9%), Margin = 0.000 ns (NaN% of Mean)
Skewness = NaN, Kurtosis = NaN, MValue = 2

// ** Remained 53 (98.1 %) benchmark(s) to run. Estimated finish 2026-08-30 8:25 (0h 25m from now) **
// **************************
// Benchmark: ConcurrencyBenchmarks.CheckerCheckVersion: .NET 10.0(Runtime=.NET 10.0, Toolchain=net10.0)
// *** Execute ***
// Launch: 1 / 1
// Execute: dotnet "EricksonLopez.Concurrency.Benchmarks-.NET 10.0-1.dll" --anonymousPipes 114 115 --benchmarkName EricksonLopez.Concurrency.Benchmarks.ConcurrencyBenchmarks.CheckerCheckVersion --job ".NET 10.0" --benchmarkId 1 in /home/runner/work/dotnet-concurrency/dotnet-concurrency/benchmarks/EricksonLopez.Concurrency.Benchmarks/bin/Release/net10.0/EricksonLopez.Concurrency.Benchmarks-.NET 10.0-1/bin/Release/net10.0
// Failed to set up high priority (Permission denied). In order to run benchmarks with high priority, make sure you have the right permissions.
// BeforeAnythingElse

// Benchmark Process Environment Information:
// BenchmarkDotNet v0.15.8
// Runtime=.NET 10.0.11 (10.0.11, 10.0.1126.37416), X64 RyuJIT x86-64-v3
// GC=Concurrent Workstation
// HardwareIntrinsics=AVX2+BMI1+BMI2+F16C+FMA+LZCNT+MOVBE,AVX,SSE3+SSSE3+SSE4.1+SSE4.2+POPCNT,X86Base+SSE+SSE2,AES+PCLMUL VectorSize=256
// Job: .NET 10.0

OverheadJitting  1: 1 op, 204673.00 ns, 204.6730 us/op
WorkloadJitting  1: 1 op, 860089.00 ns, 860.0890 us/op

OverheadJitting  2: 16 op, 332682.00 ns, 20.7926 us/op
WorkloadJitting  2: 16 op, 322664.00 ns, 20.1665 us/op

WorkloadPilot    1: 16 op, 1212.00 ns, 75.7500 ns/op
WorkloadPilot    2: 32 op, 1483.00 ns, 46.3438 ns/op
WorkloadPilot    3: 64 op, 2064.00 ns, 32.2500 ns/op
WorkloadPilot    4: 128 op, 3426.00 ns, 26.7656 ns/op
WorkloadPilot    5: 256 op, 5641.00 ns, 22.0352 ns/op
WorkloadPilot    6: 512 op, 10319.00 ns, 20.1543 ns/op
WorkloadPilot    7: 1024 op, 20028.00 ns, 19.5586 ns/op
WorkloadPilot    8: 2048 op, 38572.00 ns, 18.8340 ns/op
WorkloadPilot    9: 4096 op, 75501.00 ns, 18.4329 ns/op
WorkloadPilot   10: 8192 op, 166441.00 ns, 20.3175 ns/op
WorkloadPilot   11: 16384 op, 301644.00 ns, 18.4109 ns/op
WorkloadPilot   12: 32768 op, 626652.00 ns, 19.1239 ns/op
WorkloadPilot   13: 65536 op, 1228518.00 ns, 18.7457 ns/op
WorkloadPilot   14: 131072 op, 2433692.00 ns, 18.5676 ns/op
WorkloadPilot   15: 262144 op, 4870851.00 ns, 18.5808 ns/op
WorkloadPilot   16: 524288 op, 9762110.00 ns, 18.6197 ns/op
WorkloadPilot   17: 1048576 op, 19549005.00 ns, 18.6434 ns/op
WorkloadPilot   18: 2097152 op, 38811544.00 ns, 18.5068 ns/op
WorkloadPilot   19: 4194304 op, 77293251.00 ns, 18.4281 ns/op
WorkloadPilot   20: 8388608 op, 47630459.00 ns, 5.6780 ns/op
WorkloadPilot   21: 16777216 op, 40478673.00 ns, 2.4127 ns/op
WorkloadPilot   22: 33554432 op, 80293454.00 ns, 2.3929 ns/op
WorkloadPilot   23: 67108864 op, 160447244.00 ns, 2.3909 ns/op
WorkloadPilot   24: 134217728 op, 324445671.00 ns, 2.4173 ns/op
WorkloadPilot   25: 268435456 op, 642628207.00 ns, 2.3940 ns/op

OverheadWarmup   1: 268435456 op, 734669855.00 ns, 2.7369 ns/op
OverheadWarmup   2: 268435456 op, 496398286.00 ns, 1.8492 ns/op
OverheadWarmup   3: 268435456 op, 498144882.00 ns, 1.8557 ns/op
OverheadWarmup   4: 268435456 op, 509229896.00 ns, 1.8970 ns/op
OverheadWarmup   5: 268435456 op, 497367458.00 ns, 1.8528 ns/op
OverheadWarmup   6: 268435456 op, 498616235.00 ns, 1.8575 ns/op
OverheadWarmup   7: 268435456 op, 497476642.00 ns, 1.8532 ns/op

OverheadActual   1: 268435456 op, 497600196.00 ns, 1.8537 ns/op
OverheadActual   2: 268435456 op, 498950853.00 ns, 1.8587 ns/op
OverheadActual   3: 268435456 op, 499040922.00 ns, 1.8591 ns/op
OverheadActual   4: 268435456 op, 498298622.00 ns, 1.8563 ns/op
OverheadActual   5: 268435456 op, 498541026.00 ns, 1.8572 ns/op
OverheadActual   6: 268435456 op, 499742073.00 ns, 1.8617 ns/op
OverheadActual   7: 268435456 op, 495740966.00 ns, 1.8468 ns/op
OverheadActual   8: 268435456 op, 498718018.00 ns, 1.8579 ns/op
OverheadActual   9: 268435456 op, 496715971.00 ns, 1.8504 ns/op
OverheadActual  10: 268435456 op, 498576613.00 ns, 1.8573 ns/op
OverheadActual  11: 268435456 op, 498689393.00 ns, 1.8578 ns/op
OverheadActual  12: 268435456 op, 497836327.00 ns, 1.8546 ns/op
OverheadActual  13: 268435456 op, 497590779.00 ns, 1.8537 ns/op
OverheadActual  14: 268435456 op, 496807832.00 ns, 1.8508 ns/op
OverheadActual  15: 268435456 op, 499820841.00 ns, 1.8620 ns/op

WorkloadWarmup   1: 268435456 op, 650860211.00 ns, 2.4246 ns/op
WorkloadWarmup   2: 268435456 op, 642508696.00 ns, 2.3935 ns/op
WorkloadWarmup   3: 268435456 op, 658671038.00 ns, 2.4537 ns/op
WorkloadWarmup   4: 268435456 op, 641944875.00 ns, 2.3914 ns/op
WorkloadWarmup   5: 268435456 op, 642761242.00 ns, 2.3945 ns/op
WorkloadWarmup   6: 268435456 op, 643561179.00 ns, 2.3975 ns/op
WorkloadWarmup   7: 268435456 op, 646945611.00 ns, 2.4101 ns/op
WorkloadWarmup   8: 268435456 op, 642186527.00 ns, 2.3923 ns/op

// BeforeActualRun
WorkloadActual   1: 268435456 op, 650935422.00 ns, 2.4249 ns/op
WorkloadActual   2: 268435456 op, 639707079.00 ns, 2.3831 ns/op
WorkloadActual   3: 268435456 op, 643384739.00 ns, 2.3968 ns/op
WorkloadActual   4: 268435456 op, 641610619.00 ns, 2.3902 ns/op
WorkloadActual   5: 268435456 op, 642693115.00 ns, 2.3942 ns/op
WorkloadActual   6: 268435456 op, 646226206.00 ns, 2.4074 ns/op
WorkloadActual   7: 268435456 op, 642956932.00 ns, 2.3952 ns/op
WorkloadActual   8: 268435456 op, 645643565.00 ns, 2.4052 ns/op
WorkloadActual   9: 268435456 op, 644993346.00 ns, 2.4028 ns/op
WorkloadActual  10: 268435456 op, 642158205.00 ns, 2.3922 ns/op
WorkloadActual  11: 268435456 op, 645245349.00 ns, 2.4037 ns/op
WorkloadActual  12: 268435456 op, 644776490.00 ns, 2.4020 ns/op
WorkloadActual  13: 268435456 op, 651994211.00 ns, 2.4289 ns/op
WorkloadActual  14: 268435456 op, 640467926.00 ns, 2.3859 ns/op
WorkloadActual  15: 268435456 op, 642776740.00 ns, 2.3945 ns/op

// AfterActualRun
WorkloadResult   1: 268435456 op, 141166053.00 ns, 0.5259 ns/op
WorkloadResult   2: 268435456 op, 144843713.00 ns, 0.5396 ns/op
WorkloadResult   3: 268435456 op, 143069593.00 ns, 0.5330 ns/op
WorkloadResult   4: 268435456 op, 144152089.00 ns, 0.5370 ns/op
WorkloadResult   5: 268435456 op, 147685180.00 ns, 0.5502 ns/op
WorkloadResult   6: 268435456 op, 144415906.00 ns, 0.5380 ns/op
WorkloadResult   7: 268435456 op, 147102539.00 ns, 0.5480 ns/op
WorkloadResult   8: 268435456 op, 146452320.00 ns, 0.5456 ns/op
WorkloadResult   9: 268435456 op, 143617179.00 ns, 0.5350 ns/op
WorkloadResult  10: 268435456 op, 146704323.00 ns, 0.5465 ns/op
WorkloadResult  11: 268435456 op, 146235464.00 ns, 0.5448 ns/op
WorkloadResult  12: 268435456 op, 141926900.00 ns, 0.5287 ns/op
WorkloadResult  13: 268435456 op, 144235714.00 ns, 0.5373 ns/op
// GC:  0 0 0 0 268435456
// Threading:  0 0 268435456

// AfterAll
// Benchmark Process 4456 has exited with code 0.

Mean = 0.539 ns, StdErr = 0.002 ns (0.39%), N = 13, StdDev = 0.008 ns
Min = 0.526 ns, Q1 = 0.535 ns, Median = 0.538 ns, Q3 = 0.546 ns, Max = 0.550 ns
IQR = 0.011 ns, LowerFence = 0.519 ns, UpperFence = 0.561 ns
ConfidenceInterval = [0.530 ns; 0.548 ns] (CI 99.9%), Margin = 0.009 ns (1.67% of Mean)
Skewness = -0.18, Kurtosis = 1.73, MValue = 2

// ** Remained 52 (96.3 %) benchmark(s) to run. Estimated finish 2026-08-30 8:24 (0h 24m from now) **
// **************************
// Benchmark: ConcurrencyBenchmarks.CheckerCheckToken: .NET 10.0(Runtime=.NET 10.0, Toolchain=net10.0)
// *** Execute ***
// Launch: 1 / 1
// Execute: dotnet "EricksonLopez.Concurrency.Benchmarks-.NET 10.0-1.dll" --anonymousPipes 114 115 --benchmarkName EricksonLopez.Concurrency.Benchmarks.ConcurrencyBenchmarks.CheckerCheckToken --job ".NET 10.0" --benchmarkId 2 in /home/runner/work/dotnet-concurrency/dotnet-concurrency/benchmarks/EricksonLopez.Concurrency.Benchmarks/bin/Release/net10.0/EricksonLopez.Concurrency.Benchmarks-.NET 10.0-1/bin/Release/net10.0
// Failed to set up high priority (Permission denied). In order to run benchmarks with high priority, make sure you have the right permissions.
// BeforeAnythingElse

// Benchmark Process Environment Information:
// BenchmarkDotNet v0.15.8
// Runtime=.NET 10.0.11 (10.0.11, 10.0.1126.37416), X64 RyuJIT x86-64-v3
// GC=Concurrent Workstation
// HardwareIntrinsics=AVX2+BMI1+BMI2+F16C+FMA+LZCNT+MOVBE,AVX,SSE3+SSSE3+SSE4.1+SSE4.2+POPCNT,X86Base+SSE+SSE2,AES+PCLMUL VectorSize=256
// Job: .NET 10.0

OverheadJitting  1: 1 op, 226423.00 ns, 226.4230 us/op
WorkloadJitting  1: 1 op, 820165.00 ns, 820.1650 us/op

OverheadJitting  2: 16 op, 355135.00 ns, 22.1959 us/op
WorkloadJitting  2: 16 op, 387455.00 ns, 24.2159 us/op

WorkloadPilot    1: 16 op, 10450.00 ns, 653.1250 ns/op
WorkloadPilot    2: 32 op, 4699.00 ns, 146.8438 ns/op
WorkloadPilot    3: 64 op, 21561.00 ns, 336.8906 ns/op
WorkloadPilot    4: 128 op, 23865.00 ns, 186.4453 ns/op
WorkloadPilot    5: 256 op, 37941.00 ns, 148.2070 ns/op
WorkloadPilot    6: 512 op, 40706.00 ns, 79.5039 ns/op
WorkloadPilot    7: 1024 op, 94167.00 ns, 91.9600 ns/op
WorkloadPilot    8: 2048 op, 196007.00 ns, 95.7065 ns/op
WorkloadPilot    9: 4096 op, 391633.00 ns, 95.6135 ns/op
WorkloadPilot   10: 8192 op, 585265.00 ns, 71.4435 ns/op
WorkloadPilot   11: 16384 op, 1261991.00 ns, 77.0258 ns/op
WorkloadPilot   12: 32768 op, 2428234.00 ns, 74.1038 ns/op
WorkloadPilot   13: 65536 op, 4920136.00 ns, 75.0753 ns/op
WorkloadPilot   14: 131072 op, 9846132.00 ns, 75.1200 ns/op
WorkloadPilot   15: 262144 op, 19948896.00 ns, 76.0990 ns/op
WorkloadPilot   16: 524288 op, 39151008.00 ns, 74.6746 ns/op
WorkloadPilot   17: 1048576 op, 53979839.00 ns, 51.4792 ns/op
WorkloadPilot   18: 2097152 op, 78201890.00 ns, 37.2896 ns/op
WorkloadPilot   19: 4194304 op, 100209858.00 ns, 23.8919 ns/op
WorkloadPilot   20: 8388608 op, 197598758.00 ns, 23.5556 ns/op
WorkloadPilot   21: 16777216 op, 386697432.00 ns, 23.0490 ns/op
WorkloadPilot   22: 33554432 op, 779497925.00 ns, 23.2308 ns/op

OverheadWarmup   1: 33554432 op, 77952954.00 ns, 2.3232 ns/op
OverheadWarmup   2: 33554432 op, 77723615.00 ns, 2.3163 ns/op
OverheadWarmup   3: 33554432 op, 87746609.00 ns, 2.6151 ns/op
OverheadWarmup   4: 33554432 op, 63177888.00 ns, 1.8828 ns/op
OverheadWarmup   5: 33554432 op, 63109519.00 ns, 1.8808 ns/op
OverheadWarmup   6: 33554432 op, 64080967.00 ns, 1.9098 ns/op
OverheadWarmup   7: 33554432 op, 63473650.00 ns, 1.8917 ns/op

OverheadActual   1: 33554432 op, 63215066.00 ns, 1.8840 ns/op
OverheadActual   2: 33554432 op, 64905691.00 ns, 1.9343 ns/op
OverheadActual   3: 33554432 op, 62970599.00 ns, 1.8767 ns/op
OverheadActual   4: 33554432 op, 63617800.00 ns, 1.8960 ns/op
OverheadActual   5: 33554432 op, 62917330.00 ns, 1.8751 ns/op
OverheadActual   6: 33554432 op, 63023999.00 ns, 1.8783 ns/op
OverheadActual   7: 33554432 op, 62858550.00 ns, 1.8733 ns/op
OverheadActual   8: 33554432 op, 63519416.00 ns, 1.8930 ns/op
OverheadActual   9: 33554432 op, 63101244.00 ns, 1.8806 ns/op
OverheadActual  10: 33554432 op, 63884627.00 ns, 1.9039 ns/op
OverheadActual  11: 33554432 op, 63502284.00 ns, 1.8925 ns/op
OverheadActual  12: 33554432 op, 63220606.00 ns, 1.8841 ns/op
OverheadActual  13: 33554432 op, 62921578.00 ns, 1.8752 ns/op
OverheadActual  14: 33554432 op, 63062671.00 ns, 1.8794 ns/op
OverheadActual  15: 33554432 op, 62502725.00 ns, 1.8627 ns/op

WorkloadWarmup   1: 33554432 op, 797993229.00 ns, 23.7821 ns/op
WorkloadWarmup   2: 33554432 op, 802772573.00 ns, 23.9245 ns/op
WorkloadWarmup   3: 33554432 op, 776632500.00 ns, 23.1455 ns/op
WorkloadWarmup   4: 33554432 op, 801107777.00 ns, 23.8749 ns/op
WorkloadWarmup   5: 33554432 op, 774037104.00 ns, 23.0681 ns/op
WorkloadWarmup   6: 33554432 op, 791989987.00 ns, 23.6031 ns/op

// BeforeActualRun
WorkloadActual   1: 33554432 op, 788777305.00 ns, 23.5074 ns/op
WorkloadActual   2: 33554432 op, 801230913.00 ns, 23.8785 ns/op
WorkloadActual   3: 33554432 op, 821912410.00 ns, 24.4949 ns/op
WorkloadActual   4: 33554432 op, 795906441.00 ns, 23.7199 ns/op
WorkloadActual   5: 33554432 op, 815381100.00 ns, 24.3003 ns/op
WorkloadActual   6: 33554432 op, 831790163.00 ns, 24.7893 ns/op
WorkloadActual   7: 33554432 op, 821911428.00 ns, 24.4949 ns/op
WorkloadActual   8: 33554432 op, 808212276.00 ns, 24.0866 ns/op
WorkloadActual   9: 33554432 op, 820785011.00 ns, 24.4613 ns/op
WorkloadActual  10: 33554432 op, 835220682.00 ns, 24.8915 ns/op
WorkloadActual  11: 33554432 op, 791745305.00 ns, 23.5958 ns/op
WorkloadActual  12: 33554432 op, 825116737.00 ns, 24.5904 ns/op
WorkloadActual  13: 33554432 op, 808577060.00 ns, 24.0975 ns/op
WorkloadActual  14: 33554432 op, 834782121.00 ns, 24.8784 ns/op
WorkloadActual  15: 33554432 op, 823730654.00 ns, 24.5491 ns/op
WorkloadActual  16: 33554432 op, 810202568.00 ns, 24.1459 ns/op

// AfterActualRun
WorkloadResult   1: 33554432 op, 725676061.00 ns, 21.6268 ns/op
WorkloadResult   2: 33554432 op, 738129669.00 ns, 21.9980 ns/op
WorkloadResult   3: 33554432 op, 758811166.00 ns, 22.6143 ns/op
WorkloadResult   4: 33554432 op, 732805197.00 ns, 21.8393 ns/op
WorkloadResult   5: 33554432 op, 752279856.00 ns, 22.4197 ns/op
WorkloadResult   6: 33554432 op, 768688919.00 ns, 22.9087 ns/op
WorkloadResult   7: 33554432 op, 758810184.00 ns, 22.6143 ns/op
WorkloadResult   8: 33554432 op, 745111032.00 ns, 22.2060 ns/op
WorkloadResult   9: 33554432 op, 757683767.00 ns, 22.5807 ns/op
WorkloadResult  10: 33554432 op, 772119438.00 ns, 23.0110 ns/op
WorkloadResult  11: 33554432 op, 728644061.00 ns, 21.7153 ns/op
WorkloadResult  12: 33554432 op, 762015493.00 ns, 22.7098 ns/op
WorkloadResult  13: 33554432 op, 745475816.00 ns, 22.2169 ns/op
WorkloadResult  14: 33554432 op, 771680877.00 ns, 22.9979 ns/op
WorkloadResult  15: 33554432 op, 760629410.00 ns, 22.6685 ns/op
WorkloadResult  16: 33554432 op, 747101324.00 ns, 22.2654 ns/op
// GC:  128 0 0 2147483648 33554432
// Threading:  0 0 33554432

// AfterAll
// Benchmark Process 4481 has exited with code 0.

Mean = 22.400 ns, StdErr = 0.110 ns (0.49%), N = 16, StdDev = 0.441 ns
Min = 21.627 ns, Q1 = 22.154 ns, Median = 22.500 ns, Q3 = 22.679 ns, Max = 23.011 ns
IQR = 0.525 ns, LowerFence = 21.367 ns, UpperFence = 23.466 ns
ConfidenceInterval = [21.951 ns; 22.848 ns] (CI 99.9%), Margin = 0.449 ns (2.00% of Mean)
Skewness = -0.28, Kurtosis = 1.75, MValue = 2

// ** Remained 51 (94.4 %) benchmark(s) to run. Estimated finish 2026-08-30 8:22 (0h 22m from now) **
// **************************
// Benchmark: ConcurrencyBenchmarks.ControllerExecuteCasAsync: .NET 10.0(Runtime=.NET 10.0, Toolchain=net10.0)
// *** Execute ***
// Launch: 1 / 1
// Execute: dotnet "EricksonLopez.Concurrency.Benchmarks-.NET 10.0-1.dll" --anonymousPipes 114 115 --benchmarkName EricksonLopez.Concurrency.Benchmarks.ConcurrencyBenchmarks.ControllerExecuteCasAsync --job ".NET 10.0" --benchmarkId 3 in /home/runner/work/dotnet-concurrency/dotnet-concurrency/benchmarks/EricksonLopez.Concurrency.Benchmarks/bin/Release/net10.0/EricksonLopez.Concurrency.Benchmarks-.NET 10.0-1/bin/Release/net10.0
// Failed to set up high priority (Permission denied). In order to run benchmarks with high priority, make sure you have the right permissions.
// BeforeAnythingElse

// Benchmark Process Environment Information:
// BenchmarkDotNet v0.15.8
// Runtime=.NET 10.0.11 (10.0.11, 10.0.1126.37416), X64 RyuJIT x86-64-v3
// GC=Concurrent Workstation
// HardwareIntrinsics=AVX2+BMI1+BMI2+F16C+FMA+LZCNT+MOVBE,AVX,SSE3+SSSE3+SSE4.1+SSE4.2+POPCNT,X86Base+SSE+SSE2,AES+PCLMUL VectorSize=256
// Job: .NET 10.0

OverheadJitting  1: 1 op, 218839.00 ns, 218.8390 us/op
WorkloadJitting  1: 1 op, 9511799.00 ns, 9.5118 ms/op

OverheadJitting  2: 16 op, 210083.00 ns, 13.1302 us/op
WorkloadJitting  2: 16 op, 320629.00 ns, 20.0393 us/op

WorkloadPilot    1: 16 op, 27992.00 ns, 1.7495 us/op
WorkloadPilot    2: 32 op, 43421.00 ns, 1.3569 us/op
WorkloadPilot    3: 64 op, 67006.00 ns, 1.0470 us/op
WorkloadPilot    4: 128 op, 116948.00 ns, 913.6563 ns/op
WorkloadPilot    5: 256 op, 207939.00 ns, 812.2617 ns/op
WorkloadPilot    6: 512 op, 394407.00 ns, 770.3262 ns/op
WorkloadPilot    7: 1024 op, 779969.00 ns, 761.6885 ns/op
WorkloadPilot    8: 2048 op, 1572370.00 ns, 767.7588 ns/op
WorkloadPilot    9: 4096 op, 3085928.00 ns, 753.4004 ns/op
WorkloadPilot   10: 8192 op, 6227530.00 ns, 760.1965 ns/op
WorkloadPilot   11: 16384 op, 12548364.00 ns, 765.8914 ns/op
WorkloadPilot   12: 32768 op, 24961316.00 ns, 761.7589 ns/op
WorkloadPilot   13: 65536 op, 50183910.00 ns, 765.7457 ns/op
WorkloadPilot   14: 131072 op, 96456059.00 ns, 735.9013 ns/op
WorkloadPilot   15: 262144 op, 49862309.00 ns, 190.2096 ns/op
WorkloadPilot   16: 524288 op, 98082640.00 ns, 187.0778 ns/op
WorkloadPilot   17: 1048576 op, 195963742.00 ns, 186.8856 ns/op
WorkloadPilot   18: 2097152 op, 391292633.00 ns, 186.5829 ns/op
WorkloadPilot   19: 4194304 op, 783133890.00 ns, 186.7137 ns/op

OverheadWarmup   1: 4194304 op, 9520984.00 ns, 2.2700 ns/op
OverheadWarmup   2: 4194304 op, 9547304.00 ns, 2.2763 ns/op
OverheadWarmup   3: 4194304 op, 9496778.00 ns, 2.2642 ns/op
OverheadWarmup   4: 4194304 op, 9711841.00 ns, 2.3155 ns/op
OverheadWarmup   5: 4194304 op, 9468566.00 ns, 2.2575 ns/op

OverheadActual   1: 4194304 op, 9497780.00 ns, 2.2644 ns/op
OverheadActual   2: 4194304 op, 9481461.00 ns, 2.2606 ns/op
OverheadActual   3: 4194304 op, 9487822.00 ns, 2.2621 ns/op
OverheadActual   4: 4194304 op, 9479326.00 ns, 2.2600 ns/op
OverheadActual   5: 4194304 op, 9486249.00 ns, 2.2617 ns/op
OverheadActual   6: 4194304 op, 9466381.00 ns, 2.2570 ns/op
OverheadActual   7: 4194304 op, 9488443.00 ns, 2.2622 ns/op
OverheadActual   8: 4194304 op, 9485758.00 ns, 2.2616 ns/op
OverheadActual   9: 4194304 op, 9473375.00 ns, 2.2586 ns/op
OverheadActual  10: 4194304 op, 9506918.00 ns, 2.2666 ns/op
OverheadActual  11: 4194304 op, 9460351.00 ns, 2.2555 ns/op
OverheadActual  12: 4194304 op, 9466572.00 ns, 2.2570 ns/op
OverheadActual  13: 4194304 op, 9469618.00 ns, 2.2577 ns/op
OverheadActual  14: 4194304 op, 9509512.00 ns, 2.2672 ns/op
OverheadActual  15: 4194304 op, 8350784.00 ns, 1.9910 ns/op

WorkloadWarmup   1: 4194304 op, 783818956.00 ns, 186.8770 ns/op
WorkloadWarmup   2: 4194304 op, 785207110.00 ns, 187.2080 ns/op
WorkloadWarmup   3: 4194304 op, 785164930.00 ns, 187.1979 ns/op
WorkloadWarmup   4: 4194304 op, 784377396.00 ns, 187.0101 ns/op
WorkloadWarmup   5: 4194304 op, 782716458.00 ns, 186.6141 ns/op
WorkloadWarmup   6: 4194304 op, 782988547.00 ns, 186.6790 ns/op
WorkloadWarmup   7: 4194304 op, 782778204.00 ns, 186.6289 ns/op

// BeforeActualRun
WorkloadActual   1: 4194304 op, 782478242.00 ns, 186.5574 ns/op
WorkloadActual   2: 4194304 op, 782764598.00 ns, 186.6256 ns/op
WorkloadActual   3: 4194304 op, 782581205.00 ns, 186.5819 ns/op
WorkloadActual   4: 4194304 op, 784077835.00 ns, 186.9387 ns/op
WorkloadActual   5: 4194304 op, 798250891.00 ns, 190.3178 ns/op
WorkloadActual   6: 4194304 op, 783192790.00 ns, 186.7277 ns/op
WorkloadActual   7: 4194304 op, 782830482.00 ns, 186.6413 ns/op
WorkloadActual   8: 4194304 op, 782884774.00 ns, 186.6543 ns/op
WorkloadActual   9: 4194304 op, 789194769.00 ns, 188.1587 ns/op
WorkloadActual  10: 4194304 op, 785130726.00 ns, 187.1898 ns/op
WorkloadActual  11: 4194304 op, 784042720.00 ns, 186.9304 ns/op
WorkloadActual  12: 4194304 op, 786341852.00 ns, 187.4785 ns/op
WorkloadActual  13: 4194304 op, 788710965.00 ns, 188.0433 ns/op
WorkloadActual  14: 4194304 op, 805285905.00 ns, 191.9951 ns/op
WorkloadActual  15: 4194304 op, 785245160.00 ns, 187.2170 ns/op

// AfterActualRun
WorkloadResult   1: 4194304 op, 772996781.00 ns, 184.2968 ns/op
WorkloadResult   2: 4194304 op, 773283137.00 ns, 184.3651 ns/op
WorkloadResult   3: 4194304 op, 773099744.00 ns, 184.3213 ns/op
WorkloadResult   4: 4194304 op, 774596374.00 ns, 184.6782 ns/op
WorkloadResult   5: 4194304 op, 773711329.00 ns, 184.4672 ns/op
WorkloadResult   6: 4194304 op, 773349021.00 ns, 184.3808 ns/op
WorkloadResult   7: 4194304 op, 773403313.00 ns, 184.3937 ns/op
WorkloadResult   8: 4194304 op, 779713308.00 ns, 185.8981 ns/op
WorkloadResult   9: 4194304 op, 775649265.00 ns, 184.9292 ns/op
WorkloadResult  10: 4194304 op, 774561259.00 ns, 184.6698 ns/op
WorkloadResult  11: 4194304 op, 776860391.00 ns, 185.2180 ns/op
WorkloadResult  12: 4194304 op, 779229504.00 ns, 185.7828 ns/op
WorkloadResult  13: 4194304 op, 775763699.00 ns, 184.9565 ns/op
// GC:  0 0 0 216 4194304
// Threading:  0 0 4194304

// AfterAll
// Benchmark Process 4500 has exited with code 0.

Mean = 184.797 ns, StdErr = 0.151 ns (0.08%), N = 13, StdDev = 0.543 ns
Min = 184.297 ns, Q1 = 184.381 ns, Median = 184.670 ns, Q3 = 184.956 ns, Max = 185.898 ns
IQR = 0.576 ns, LowerFence = 183.517 ns, UpperFence = 185.820 ns
ConfidenceInterval = [184.146 ns; 185.447 ns] (CI 99.9%), Margin = 0.651 ns (0.35% of Mean)
Skewness = 0.9, Kurtosis = 2.35, MValue = 2

// ** Remained 50 (92.6 %) benchmark(s) to run. Estimated finish 2026-08-30 8:21 (0h 20m from now) **
// **************************
// Benchmark: ConcurrencyBenchmarks.ResultConversion: .NET 10.0(Runtime=.NET 10.0, Toolchain=net10.0)
// *** Execute ***
// Launch: 1 / 1
// Execute: dotnet "EricksonLopez.Concurrency.Benchmarks-.NET 10.0-1.dll" --anonymousPipes 114 115 --benchmarkName EricksonLopez.Concurrency.Benchmarks.ConcurrencyBenchmarks.ResultConversion --job ".NET 10.0" --benchmarkId 4 in /home/runner/work/dotnet-concurrency/dotnet-concurrency/benchmarks/EricksonLopez.Concurrency.Benchmarks/bin/Release/net10.0/EricksonLopez.Concurrency.Benchmarks-.NET 10.0-1/bin/Release/net10.0
// Failed to set up high priority (Permission denied). In order to run benchmarks with high priority, make sure you have the right permissions.
// BeforeAnythingElse

// Benchmark Process Environment Information:
// BenchmarkDotNet v0.15.8
// Runtime=.NET 10.0.11 (10.0.11, 10.0.1126.37416), X64 RyuJIT x86-64-v3
// GC=Concurrent Workstation
// HardwareIntrinsics=AVX2+BMI1+BMI2+F16C+FMA+LZCNT+MOVBE,AVX,SSE3+SSSE3+SSE4.1+SSE4.2+POPCNT,X86Base+SSE+SSE2,AES+PCLMUL VectorSize=256
// Job: .NET 10.0

OverheadJitting  1: 1 op, 201236.00 ns, 201.2360 us/op
WorkloadJitting  1: 1 op, 2013096.00 ns, 2.0131 ms/op

OverheadJitting  2: 16 op, 268312.00 ns, 16.7695 us/op
WorkloadJitting  2: 16 op, 261179.00 ns, 16.3237 us/op

WorkloadPilot    1: 16 op, 1994.00 ns, 124.6250 ns/op
WorkloadPilot    2: 32 op, 2945.00 ns, 92.0313 ns/op
WorkloadPilot    3: 64 op, 4919.00 ns, 76.8594 ns/op
WorkloadPilot    4: 128 op, 8195.00 ns, 64.0234 ns/op
WorkloadPilot    5: 256 op, 15098.00 ns, 58.9766 ns/op
WorkloadPilot    6: 512 op, 29165.00 ns, 56.9629 ns/op
WorkloadPilot    7: 1024 op, 57638.00 ns, 56.2871 ns/op
WorkloadPilot    8: 2048 op, 129252.00 ns, 63.1113 ns/op
WorkloadPilot    9: 4096 op, 226163.00 ns, 55.2156 ns/op
WorkloadPilot   10: 8192 op, 449771.00 ns, 54.9037 ns/op
WorkloadPilot   11: 16384 op, 929198.00 ns, 56.7137 ns/op
WorkloadPilot   12: 32768 op, 1842647.00 ns, 56.2331 ns/op
WorkloadPilot   13: 65536 op, 3727513.00 ns, 56.8773 ns/op
WorkloadPilot   14: 131072 op, 7319764.00 ns, 55.8454 ns/op
WorkloadPilot   15: 262144 op, 14632504.00 ns, 55.8186 ns/op
WorkloadPilot   16: 524288 op, 29263545.00 ns, 55.8158 ns/op
WorkloadPilot   17: 1048576 op, 59942480.00 ns, 57.1656 ns/op
WorkloadPilot   18: 2097152 op, 68123164.00 ns, 32.4837 ns/op
WorkloadPilot   19: 4194304 op, 29226887.00 ns, 6.9682 ns/op
WorkloadPilot   20: 8388608 op, 47849908.00 ns, 5.7042 ns/op
WorkloadPilot   21: 16777216 op, 95653507.00 ns, 5.7014 ns/op
WorkloadPilot   22: 33554432 op, 191177341.00 ns, 5.6975 ns/op
WorkloadPilot   23: 67108864 op, 383160521.00 ns, 5.7095 ns/op
WorkloadPilot   24: 134217728 op, 765426579.00 ns, 5.7029 ns/op

OverheadWarmup   1: 134217728 op, 341751815.00 ns, 2.5462 ns/op
OverheadWarmup   2: 134217728 op, 219664715.00 ns, 1.6366 ns/op
OverheadWarmup   3: 134217728 op, 220949056.00 ns, 1.6462 ns/op
OverheadWarmup   4: 134217728 op, 220582593.00 ns, 1.6435 ns/op
OverheadWarmup   5: 134217728 op, 220206929.00 ns, 1.6407 ns/op
OverheadWarmup   6: 134217728 op, 219314341.00 ns, 1.6340 ns/op
OverheadWarmup   7: 134217728 op, 219422121.00 ns, 1.6348 ns/op
OverheadWarmup   8: 134217728 op, 219584535.00 ns, 1.6360 ns/op
OverheadWarmup   9: 134217728 op, 220203333.00 ns, 1.6406 ns/op
OverheadWarmup  10: 134217728 op, 219350447.00 ns, 1.6343 ns/op

OverheadActual   1: 134217728 op, 222182115.00 ns, 1.6554 ns/op
OverheadActual   2: 134217728 op, 219547917.00 ns, 1.6358 ns/op
OverheadActual   3: 134217728 op, 219761327.00 ns, 1.6373 ns/op
OverheadActual   4: 134217728 op, 219991607.00 ns, 1.6391 ns/op
OverheadActual   5: 134217728 op, 219623328.00 ns, 1.6363 ns/op
OverheadActual   6: 134217728 op, 219280075.00 ns, 1.6338 ns/op
OverheadActual   7: 134217728 op, 219943046.00 ns, 1.6387 ns/op
OverheadActual   8: 134217728 op, 220228490.00 ns, 1.6408 ns/op
OverheadActual   9: 134217728 op, 219458500.00 ns, 1.6351 ns/op
OverheadActual  10: 134217728 op, 220996547.00 ns, 1.6466 ns/op
OverheadActual  11: 134217728 op, 219694993.00 ns, 1.6369 ns/op
OverheadActual  12: 134217728 op, 219426490.00 ns, 1.6349 ns/op
OverheadActual  13: 134217728 op, 220006905.00 ns, 1.6392 ns/op
OverheadActual  14: 134217728 op, 219837196.00 ns, 1.6379 ns/op
OverheadActual  15: 134217728 op, 219738548.00 ns, 1.6372 ns/op

WorkloadWarmup   1: 134217728 op, 766129438.00 ns, 5.7081 ns/op
WorkloadWarmup   2: 134217728 op, 765467730.00 ns, 5.7032 ns/op
WorkloadWarmup   3: 134217728 op, 764778470.00 ns, 5.6980 ns/op
WorkloadWarmup   4: 134217728 op, 765690185.00 ns, 5.7048 ns/op
WorkloadWarmup   5: 134217728 op, 765604045.00 ns, 5.7042 ns/op
WorkloadWarmup   6: 134217728 op, 768066842.00 ns, 5.7225 ns/op
WorkloadWarmup   7: 134217728 op, 766699584.00 ns, 5.7124 ns/op

// BeforeActualRun
WorkloadActual   1: 134217728 op, 765444936.00 ns, 5.7030 ns/op
WorkloadActual   2: 134217728 op, 768201123.00 ns, 5.7235 ns/op
WorkloadActual   3: 134217728 op, 765423838.00 ns, 5.7029 ns/op
WorkloadActual   4: 134217728 op, 766724490.00 ns, 5.7125 ns/op
WorkloadActual   5: 134217728 op, 766102596.00 ns, 5.7079 ns/op
WorkloadActual   6: 134217728 op, 768405403.00 ns, 5.7251 ns/op
WorkloadActual   7: 134217728 op, 765679224.00 ns, 5.7048 ns/op
WorkloadActual   8: 134217728 op, 766211711.00 ns, 5.7087 ns/op
WorkloadActual   9: 134217728 op, 765253418.00 ns, 5.7016 ns/op
WorkloadActual  10: 134217728 op, 765745248.00 ns, 5.7052 ns/op
WorkloadActual  11: 134217728 op, 766354627.00 ns, 5.7098 ns/op
WorkloadActual  12: 134217728 op, 768451551.00 ns, 5.7254 ns/op
WorkloadActual  13: 134217728 op, 765363984.00 ns, 5.7024 ns/op
WorkloadActual  14: 134217728 op, 766882667.00 ns, 5.7137 ns/op
WorkloadActual  15: 134217728 op, 769010409.00 ns, 5.7296 ns/op

// AfterActualRun
WorkloadResult   1: 134217728 op, 545683609.00 ns, 4.0657 ns/op
WorkloadResult   2: 134217728 op, 548439796.00 ns, 4.0862 ns/op
WorkloadResult   3: 134217728 op, 545662511.00 ns, 4.0655 ns/op
WorkloadResult   4: 134217728 op, 546963163.00 ns, 4.0752 ns/op
WorkloadResult   5: 134217728 op, 546341269.00 ns, 4.0706 ns/op
WorkloadResult   6: 134217728 op, 548644076.00 ns, 4.0877 ns/op
WorkloadResult   7: 134217728 op, 545917897.00 ns, 4.0674 ns/op
WorkloadResult   8: 134217728 op, 546450384.00 ns, 4.0714 ns/op
WorkloadResult   9: 134217728 op, 545492091.00 ns, 4.0642 ns/op
WorkloadResult  10: 134217728 op, 545983921.00 ns, 4.0679 ns/op
WorkloadResult  11: 134217728 op, 546593300.00 ns, 4.0724 ns/op
WorkloadResult  12: 134217728 op, 548690224.00 ns, 4.0881 ns/op
WorkloadResult  13: 134217728 op, 545602657.00 ns, 4.0651 ns/op
WorkloadResult  14: 134217728 op, 547121340.00 ns, 4.0764 ns/op
WorkloadResult  15: 134217728 op, 549249082.00 ns, 4.0922 ns/op
// GC:  0 0 0 32 134217728
// Threading:  0 0 134217728

// AfterAll
// Benchmark Process 4516 has exited with code 0.

Mean = 4.074 ns, StdErr = 0.002 ns (0.06%), N = 15, StdDev = 0.010 ns
Min = 4.064 ns, Q1 = 4.067 ns, Median = 4.071 ns, Q3 = 4.081 ns, Max = 4.092 ns
IQR = 0.015 ns, LowerFence = 4.044 ns, UpperFence = 4.103 ns
ConfidenceInterval = [4.064 ns; 4.085 ns] (CI 99.9%), Margin = 0.010 ns (0.25% of Mean)
Skewness = 0.63, Kurtosis = 1.74, MValue = 2

// ** Remained 49 (90.7 %) benchmark(s) to run. Estimated finish 2026-08-30 8:21 (0h 20m from now) **
// Build Error: Standard output: 
  
 Standard error: 
 /usr/share/dotnet/sdk/10.0.400/Microsoft.Common.CurrentVersion.targets(1891,5): error : Project '/home/runner/work/dotnet-concurrency/dotnet-concurrency/benchmarks/EricksonLopez.Concurrency.Benchmarks/EricksonLopez.Concurrency.Benchmarks.csproj' targets 'net10.0'. It cannot be referenced by a project that targets '.NETCoreApp,Version=v8.0'. [/home/runner/work/dotnet-concurrency/dotnet-concurrency/benchmarks/EricksonLopez.Concurrency.Benchmarks/bin/Release/net10.0/EricksonLopez.Concurrency.Benchmarks-.NET 8.0-2/BenchmarkDotNet.Autogenerated.csproj::TargetFramework=net8.0]
Build FAILED.
/usr/share/dotnet/sdk/10.0.400/Microsoft.Common.CurrentVersion.targets(1891,5): error : Project '/home/runner/work/dotnet-concurrency/dotnet-concurrency/benchmarks/EricksonLopez.Concurrency.Benchmarks/EricksonLopez.Concurrency.Benchmarks.csproj' targets 'net10.0'. It cannot be referenced by a project that targets '.NETCoreApp,Version=v8.0'. [/home/runner/work/dotnet-concurrency/dotnet-concurrency/benchmarks/EricksonLopez.Concurrency.Benchmarks/bin/Release/net10.0/EricksonLopez.Concurrency.Benchmarks-.NET 8.0-2/BenchmarkDotNet.Autogenerated.csproj::TargetFramework=net8.0]
    0 Warning(s)
    1 Error(s)
Time Elapsed 00:00:01.42

// BenchmarkDotNet has failed to build the auto-generated boilerplate code.
// It can be found in /home/runner/work/dotnet-concurrency/dotnet-concurrency/benchmarks/EricksonLopez.Concurrency.Benchmarks/bin/Release/net10.0/EricksonLopez.Concurrency.Benchmarks-.NET 8.0-2
// Please follow the troubleshooting guide: https://benchmarkdotnet.org/articles/guides/troubleshooting.html

// ** Remained 48 (88.9 %) benchmark(s) to run. Estimated finish 2026-08-30 8:17 (0h 16m from now) **
// Build Error: Standard output: 
  
 Standard error: 
 /usr/share/dotnet/sdk/10.0.400/Microsoft.Common.CurrentVersion.targets(1891,5): error : Project '/home/runner/work/dotnet-concurrency/dotnet-concurrency/benchmarks/EricksonLopez.Concurrency.Benchmarks/EricksonLopez.Concurrency.Benchmarks.csproj' targets 'net10.0'. It cannot be referenced by a project that targets '.NETCoreApp,Version=v8.0'. [/home/runner/work/dotnet-concurrency/dotnet-concurrency/benchmarks/EricksonLopez.Concurrency.Benchmarks/bin/Release/net10.0/EricksonLopez.Concurrency.Benchmarks-.NET 8.0-2/BenchmarkDotNet.Autogenerated.csproj::TargetFramework=net8.0]
Build FAILED.
/usr/share/dotnet/sdk/10.0.400/Microsoft.Common.CurrentVersion.targets(1891,5): error : Project '/home/runner/work/dotnet-concurrency/dotnet-concurrency/benchmarks/EricksonLopez.Concurrency.Benchmarks/EricksonLopez.Concurrency.Benchmarks.csproj' targets 'net10.0'. It cannot be referenced by a project that targets '.NETCoreApp,Version=v8.0'. [/home/runner/work/dotnet-concurrency/dotnet-concurrency/benchmarks/EricksonLopez.Concurrency.Benchmarks/bin/Release/net10.0/EricksonLopez.Concurrency.Benchmarks-.NET 8.0-2/BenchmarkDotNet.Autogenerated.csproj::TargetFramework=net8.0]
    0 Warning(s)
    1 Error(s)
Time Elapsed 00:00:01.42

// BenchmarkDotNet has failed to build the auto-generated boilerplate code.
// It can be found in /home/runner/work/dotnet-concurrency/dotnet-concurrency/benchmarks/EricksonLopez.Concurrency.Benchmarks/bin/Release/net10.0/EricksonLopez.Concurrency.Benchmarks-.NET 8.0-2
// Please follow the troubleshooting guide: https://benchmarkdotnet.org/articles/guides/troubleshooting.html

// ** Remained 47 (87.0 %) benchmark(s) to run. Estimated finish 2026-08-30 8:15 (0h 13m from now) **
// Build Error: Standard output: 
  
 Standard error: 
 /usr/share/dotnet/sdk/10.0.400/Microsoft.Common.CurrentVersion.targets(1891,5): error : Project '/home/runner/work/dotnet-concurrency/dotnet-concurrency/benchmarks/EricksonLopez.Concurrency.Benchmarks/EricksonLopez.Concurrency.Benchmarks.csproj' targets 'net10.0'. It cannot be referenced by a project that targets '.NETCoreApp,Version=v8.0'. [/home/runner/work/dotnet-concurrency/dotnet-concurrency/benchmarks/EricksonLopez.Concurrency.Benchmarks/bin/Release/net10.0/EricksonLopez.Concurrency.Benchmarks-.NET 8.0-2/BenchmarkDotNet.Autogenerated.csproj::TargetFramework=net8.0]
Build FAILED.
/usr/share/dotnet/sdk/10.0.400/Microsoft.Common.CurrentVersion.targets(1891,5): error : Project '/home/runner/work/dotnet-concurrency/dotnet-concurrency/benchmarks/EricksonLopez.Concurrency.Benchmarks/EricksonLopez.Concurrency.Benchmarks.csproj' targets 'net10.0'. It cannot be referenced by a project that targets '.NETCoreApp,Version=v8.0'. [/home/runner/work/dotnet-concurrency/dotnet-concurrency/benchmarks/EricksonLopez.Concurrency.Benchmarks/bin/Release/net10.0/EricksonLopez.Concurrency.Benchmarks-.NET 8.0-2/BenchmarkDotNet.Autogenerated.csproj::TargetFramework=net8.0]
    0 Warning(s)
    1 Error(s)
Time Elapsed 00:00:01.42

// BenchmarkDotNet has failed to build the auto-generated boilerplate code.
// It can be found in /home/runner/work/dotnet-concurrency/dotnet-concurrency/benchmarks/EricksonLopez.Concurrency.Benchmarks/bin/Release/net10.0/EricksonLopez.Concurrency.Benchmarks-.NET 8.0-2
// Please follow the troubleshooting guide: https://benchmarkdotnet.org/articles/guides/troubleshooting.html

// ** Remained 46 (85.2 %) benchmark(s) to run. Estimated finish 2026-08-30 8:13 (0h 11m from now) **
// Build Error: Standard output: 
  
 Standard error: 
 /usr/share/dotnet/sdk/10.0.400/Microsoft.Common.CurrentVersion.targets(1891,5): error : Project '/home/runner/work/dotnet-concurrency/dotnet-concurrency/benchmarks/EricksonLopez.Concurrency.Benchmarks/EricksonLopez.Concurrency.Benchmarks.csproj' targets 'net10.0'. It cannot be referenced by a project that targets '.NETCoreApp,Version=v8.0'. [/home/runner/work/dotnet-concurrency/dotnet-concurrency/benchmarks/EricksonLopez.Concurrency.Benchmarks/bin/Release/net10.0/EricksonLopez.Concurrency.Benchmarks-.NET 8.0-2/BenchmarkDotNet.Autogenerated.csproj::TargetFramework=net8.0]
Build FAILED.
/usr/share/dotnet/sdk/10.0.400/Microsoft.Common.CurrentVersion.targets(1891,5): error : Project '/home/runner/work/dotnet-concurrency/dotnet-concurrency/benchmarks/EricksonLopez.Concurrency.Benchmarks/EricksonLopez.Concurrency.Benchmarks.csproj' targets 'net10.0'. It cannot be referenced by a project that targets '.NETCoreApp,Version=v8.0'. [/home/runner/work/dotnet-concurrency/dotnet-concurrency/benchmarks/EricksonLopez.Concurrency.Benchmarks/bin/Release/net10.0/EricksonLopez.Concurrency.Benchmarks-.NET 8.0-2/BenchmarkDotNet.Autogenerated.csproj::TargetFramework=net8.0]
    0 Warning(s)
    1 Error(s)
Time Elapsed 00:00:01.42

// BenchmarkDotNet has failed to build the auto-generated boilerplate code.
// It can be found in /home/runner/work/dotnet-concurrency/dotnet-concurrency/benchmarks/EricksonLopez.Concurrency.Benchmarks/bin/Release/net10.0/EricksonLopez.Concurrency.Benchmarks-.NET 8.0-2
// Please follow the troubleshooting guide: https://benchmarkdotnet.org/articles/guides/troubleshooting.html

// ** Remained 45 (83.3 %) benchmark(s) to run. Estimated finish 2026-08-30 8:11 (0h 10m from now) **
// Build Error: Standard output: 
  
 Standard error: 
 /usr/share/dotnet/sdk/10.0.400/Microsoft.Common.CurrentVersion.targets(1891,5): error : Project '/home/runner/work/dotnet-concurrency/dotnet-concurrency/benchmarks/EricksonLopez.Concurrency.Benchmarks/EricksonLopez.Concurrency.Benchmarks.csproj' targets 'net10.0'. It cannot be referenced by a project that targets '.NETCoreApp,Version=v8.0'. [/home/runner/work/dotnet-concurrency/dotnet-concurrency/benchmarks/EricksonLopez.Concurrency.Benchmarks/bin/Release/net10.0/EricksonLopez.Concurrency.Benchmarks-.NET 8.0-2/BenchmarkDotNet.Autogenerated.csproj::TargetFramework=net8.0]
Build FAILED.
/usr/share/dotnet/sdk/10.0.400/Microsoft.Common.CurrentVersion.targets(1891,5): error : Project '/home/runner/work/dotnet-concurrency/dotnet-concurrency/benchmarks/EricksonLopez.Concurrency.Benchmarks/EricksonLopez.Concurrency.Benchmarks.csproj' targets 'net10.0'. It cannot be referenced by a project that targets '.NETCoreApp,Version=v8.0'. [/home/runner/work/dotnet-concurrency/dotnet-concurrency/benchmarks/EricksonLopez.Concurrency.Benchmarks/bin/Release/net10.0/EricksonLopez.Concurrency.Benchmarks-.NET 8.0-2/BenchmarkDotNet.Autogenerated.csproj::TargetFramework=net8.0]
    0 Warning(s)
    1 Error(s)
Time Elapsed 00:00:01.42

// BenchmarkDotNet has failed to build the auto-generated boilerplate code.
// It can be found in /home/runner/work/dotnet-concurrency/dotnet-concurrency/benchmarks/EricksonLopez.Concurrency.Benchmarks/bin/Release/net10.0/EricksonLopez.Concurrency.Benchmarks-.NET 8.0-2
// Please follow the troubleshooting guide: https://benchmarkdotnet.org/articles/guides/troubleshooting.html

// ** Remained 44 (81.5 %) benchmark(s) to run. Estimated finish 2026-08-30 8:10 (0h 9m from now) **
// Build Error: Standard output: 
  
 Standard error: 
 /usr/share/dotnet/sdk/10.0.400/Microsoft.Common.CurrentVersion.targets(1891,5): error : Project '/home/runner/work/dotnet-concurrency/dotnet-concurrency/benchmarks/EricksonLopez.Concurrency.Benchmarks/EricksonLopez.Concurrency.Benchmarks.csproj' targets 'net10.0'. It cannot be referenced by a project that targets '.NETCoreApp,Version=v9.0'. [/home/runner/work/dotnet-concurrency/dotnet-concurrency/benchmarks/EricksonLopez.Concurrency.Benchmarks/bin/Release/net10.0/EricksonLopez.Concurrency.Benchmarks-.NET 9.0-3/BenchmarkDotNet.Autogenerated.csproj::TargetFramework=net9.0]
Build FAILED.
/usr/share/dotnet/sdk/10.0.400/Microsoft.Common.CurrentVersion.targets(1891,5): error : Project '/home/runner/work/dotnet-concurrency/dotnet-concurrency/benchmarks/EricksonLopez.Concurrency.Benchmarks/EricksonLopez.Concurrency.Benchmarks.csproj' targets 'net10.0'. It cannot be referenced by a project that targets '.NETCoreApp,Version=v9.0'. [/home/runner/work/dotnet-concurrency/dotnet-concurrency/benchmarks/EricksonLopez.Concurrency.Benchmarks/bin/Release/net10.0/EricksonLopez.Concurrency.Benchmarks-.NET 9.0-3/BenchmarkDotNet.Autogenerated.csproj::TargetFramework=net9.0]
    0 Warning(s)
    1 Error(s)
Time Elapsed 00:00:01.38

// BenchmarkDotNet has failed to build the auto-generated boilerplate code.
// It can be found in /home/runner/work/dotnet-concurrency/dotnet-concurrency/benchmarks/EricksonLopez.Concurrency.Benchmarks/bin/Release/net10.0/EricksonLopez.Concurrency.Benchmarks-.NET 9.0-3
// Please follow the troubleshooting guide: https://benchmarkdotnet.org/articles/guides/troubleshooting.html

// ** Remained 43 (79.6 %) benchmark(s) to run. Estimated finish 2026-08-30 8:09 (0h 8m from now) **
// Build Error: Standard output: 
  
 Standard error: 
 /usr/share/dotnet/sdk/10.0.400/Microsoft.Common.CurrentVersion.targets(1891,5): error : Project '/home/runner/work/dotnet-concurrency/dotnet-concurrency/benchmarks/EricksonLopez.Concurrency.Benchmarks/EricksonLopez.Concurrency.Benchmarks.csproj' targets 'net10.0'. It cannot be referenced by a project that targets '.NETCoreApp,Version=v9.0'. [/home/runner/work/dotnet-concurrency/dotnet-concurrency/benchmarks/EricksonLopez.Concurrency.Benchmarks/bin/Release/net10.0/EricksonLopez.Concurrency.Benchmarks-.NET 9.0-3/BenchmarkDotNet.Autogenerated.csproj::TargetFramework=net9.0]
Build FAILED.
/usr/share/dotnet/sdk/10.0.400/Microsoft.Common.CurrentVersion.targets(1891,5): error : Project '/home/runner/work/dotnet-concurrency/dotnet-concurrency/benchmarks/EricksonLopez.Concurrency.Benchmarks/EricksonLopez.Concurrency.Benchmarks.csproj' targets 'net10.0'. It cannot be referenced by a project that targets '.NETCoreApp,Version=v9.0'. [/home/runner/work/dotnet-concurrency/dotnet-concurrency/benchmarks/EricksonLopez.Concurrency.Benchmarks/bin/Release/net10.0/EricksonLopez.Concurrency.Benchmarks-.NET 9.0-3/BenchmarkDotNet.Autogenerated.csproj::TargetFramework=net9.0]
    0 Warning(s)
    1 Error(s)
Time Elapsed 00:00:01.38

// BenchmarkDotNet has failed to build the auto-generated boilerplate code.
// It can be found in /home/runner/work/dotnet-concurrency/dotnet-concurrency/benchmarks/EricksonLopez.Concurrency.Benchmarks/bin/Release/net10.0/EricksonLopez.Concurrency.Benchmarks-.NET 9.0-3
// Please follow the troubleshooting guide: https://benchmarkdotnet.org/articles/guides/troubleshooting.html

// ** Remained 42 (77.8 %) benchmark(s) to run. Estimated finish 2026-08-30 8:08 (0h 7m from now) **
// Build Error: Standard output: 
  
 Standard error: 
 /usr/share/dotnet/sdk/10.0.400/Microsoft.Common.CurrentVersion.targets(1891,5): error : Project '/home/runner/work/dotnet-concurrency/dotnet-concurrency/benchmarks/EricksonLopez.Concurrency.Benchmarks/EricksonLopez.Concurrency.Benchmarks.csproj' targets 'net10.0'. It cannot be referenced by a project that targets '.NETCoreApp,Version=v9.0'. [/home/runner/work/dotnet-concurrency/dotnet-concurrency/benchmarks/EricksonLopez.Concurrency.Benchmarks/bin/Release/net10.0/EricksonLopez.Concurrency.Benchmarks-.NET 9.0-3/BenchmarkDotNet.Autogenerated.csproj::TargetFramework=net9.0]
Build FAILED.
/usr/share/dotnet/sdk/10.0.400/Microsoft.Common.CurrentVersion.targets(1891,5): error : Project '/home/runner/work/dotnet-concurrency/dotnet-concurrency/benchmarks/EricksonLopez.Concurrency.Benchmarks/EricksonLopez.Concurrency.Benchmarks.csproj' targets 'net10.0'. It cannot be referenced by a project that targets '.NETCoreApp,Version=v9.0'. [/home/runner/work/dotnet-concurrency/dotnet-concurrency/benchmarks/EricksonLopez.Concurrency.Benchmarks/bin/Release/net10.0/EricksonLopez.Concurrency.Benchmarks-.NET 9.0-3/BenchmarkDotNet.Autogenerated.csproj::TargetFramework=net9.0]
    0 Warning(s)
    1 Error(s)
Time Elapsed 00:00:01.38

// BenchmarkDotNet has failed to build the auto-generated boilerplate code.
// It can be found in /home/runner/work/dotnet-concurrency/dotnet-concurrency/benchmarks/EricksonLopez.Concurrency.Benchmarks/bin/Release/net10.0/EricksonLopez.Concurrency.Benchmarks-.NET 9.0-3
// Please follow the troubleshooting guide: https://benchmarkdotnet.org/articles/guides/troubleshooting.html

// ** Remained 41 (75.9 %) benchmark(s) to run. Estimated finish 2026-08-30 8:07 (0h 6m from now) **
// Build Error: Standard output: 
  
 Standard error: 
 /usr/share/dotnet/sdk/10.0.400/Microsoft.Common.CurrentVersion.targets(1891,5): error : Project '/home/runner/work/dotnet-concurrency/dotnet-concurrency/benchmarks/EricksonLopez.Concurrency.Benchmarks/EricksonLopez.Concurrency.Benchmarks.csproj' targets 'net10.0'. It cannot be referenced by a project that targets '.NETCoreApp,Version=v9.0'. [/home/runner/work/dotnet-concurrency/dotnet-concurrency/benchmarks/EricksonLopez.Concurrency.Benchmarks/bin/Release/net10.0/EricksonLopez.Concurrency.Benchmarks-.NET 9.0-3/BenchmarkDotNet.Autogenerated.csproj::TargetFramework=net9.0]
Build FAILED.
/usr/share/dotnet/sdk/10.0.400/Microsoft.Common.CurrentVersion.targets(1891,5): error : Project '/home/runner/work/dotnet-concurrency/dotnet-concurrency/benchmarks/EricksonLopez.Concurrency.Benchmarks/EricksonLopez.Concurrency.Benchmarks.csproj' targets 'net10.0'. It cannot be referenced by a project that targets '.NETCoreApp,Version=v9.0'. [/home/runner/work/dotnet-concurrency/dotnet-concurrency/benchmarks/EricksonLopez.Concurrency.Benchmarks/bin/Release/net10.0/EricksonLopez.Concurrency.Benchmarks-.NET 9.0-3/BenchmarkDotNet.Autogenerated.csproj::TargetFramework=net9.0]
    0 Warning(s)
    1 Error(s)
Time Elapsed 00:00:01.38

// BenchmarkDotNet has failed to build the auto-generated boilerplate code.
// It can be found in /home/runner/work/dotnet-concurrency/dotnet-concurrency/benchmarks/EricksonLopez.Concurrency.Benchmarks/bin/Release/net10.0/EricksonLopez.Concurrency.Benchmarks-.NET 9.0-3
// Please follow the troubleshooting guide: https://benchmarkdotnet.org/articles/guides/troubleshooting.html

// ** Remained 40 (74.1 %) benchmark(s) to run. Estimated finish 2026-08-30 8:07 (0h 5m from now) **
// Build Error: Standard output: 
  
 Standard error: 
 /usr/share/dotnet/sdk/10.0.400/Microsoft.Common.CurrentVersion.targets(1891,5): error : Project '/home/runner/work/dotnet-concurrency/dotnet-concurrency/benchmarks/EricksonLopez.Concurrency.Benchmarks/EricksonLopez.Concurrency.Benchmarks.csproj' targets 'net10.0'. It cannot be referenced by a project that targets '.NETCoreApp,Version=v9.0'. [/home/runner/work/dotnet-concurrency/dotnet-concurrency/benchmarks/EricksonLopez.Concurrency.Benchmarks/bin/Release/net10.0/EricksonLopez.Concurrency.Benchmarks-.NET 9.0-3/BenchmarkDotNet.Autogenerated.csproj::TargetFramework=net9.0]
Build FAILED.
/usr/share/dotnet/sdk/10.0.400/Microsoft.Common.CurrentVersion.targets(1891,5): error : Project '/home/runner/work/dotnet-concurrency/dotnet-concurrency/benchmarks/EricksonLopez.Concurrency.Benchmarks/EricksonLopez.Concurrency.Benchmarks.csproj' targets 'net10.0'. It cannot be referenced by a project that targets '.NETCoreApp,Version=v9.0'. [/home/runner/work/dotnet-concurrency/dotnet-concurrency/benchmarks/EricksonLopez.Concurrency.Benchmarks/bin/Release/net10.0/EricksonLopez.Concurrency.Benchmarks-.NET 9.0-3/BenchmarkDotNet.Autogenerated.csproj::TargetFramework=net9.0]
    0 Warning(s)
    1 Error(s)
Time Elapsed 00:00:01.38

// BenchmarkDotNet has failed to build the auto-generated boilerplate code.
// It can be found in /home/runner/work/dotnet-concurrency/dotnet-concurrency/benchmarks/EricksonLopez.Concurrency.Benchmarks/bin/Release/net10.0/EricksonLopez.Concurrency.Benchmarks-.NET 9.0-3
// Please follow the troubleshooting guide: https://benchmarkdotnet.org/articles/guides/troubleshooting.html

// ** Remained 39 (72.2 %) benchmark(s) to run. Estimated finish 2026-08-30 8:06 (0h 5m from now) **
// ***** BenchmarkRunner: Finish  *****

// * Export *
  benchmarks/results/results/EricksonLopez.Concurrency.Benchmarks.ConcurrencyBenchmarks-report.csv
  benchmarks/results/results/EricksonLopez.Concurrency.Benchmarks.ConcurrencyBenchmarks-report-github.md
  benchmarks/results/results/EricksonLopez.Concurrency.Benchmarks.ConcurrencyBenchmarks-report.html
  benchmarks/results/results/EricksonLopez.Concurrency.Benchmarks.ConcurrencyBenchmarks-report-full-compressed.json
  benchmarks/results/results/EricksonLopez.Concurrency.Benchmarks.ConcurrencyBenchmarks-report-default.md

// * Detailed results *
ConcurrencyBenchmarks.DirectVersionComparison: .NET 10.0(Runtime=.NET 10.0, Toolchain=net10.0)
Runtime = .NET 10.0.11 (10.0.11, 10.0.1126.37416), X64 RyuJIT x86-64-v3; GC = Concurrent Workstation
Mean = 0.000 ns, StdErr = 0.000 ns (NaN%), N = 15, StdDev = 0.000 ns
Min = 0.000 ns, Q1 = 0.000 ns, Median = 0.000 ns, Q3 = 0.000 ns, Max = 0.000 ns
IQR = 0.000 ns, LowerFence = 0.000 ns, UpperFence = 0.000 ns
ConfidenceInterval = [0.000 ns; 0.000 ns] (CI 99.9%), Margin = 0.000 ns (NaN% of Mean)
Skewness = NaN, Kurtosis = NaN, MValue = 2
-------------------- Histogram --------------------
[0.000 ns ; 0.500 ns) | @@@@@@@@@@@@@@@
---------------------------------------------------

ConcurrencyBenchmarks.CheckerCheckVersion: .NET 10.0(Runtime=.NET 10.0, Toolchain=net10.0)
Runtime = .NET 10.0.11 (10.0.11, 10.0.1126.37416), X64 RyuJIT x86-64-v3; GC = Concurrent Workstation
Mean = 0.539 ns, StdErr = 0.002 ns (0.39%), N = 13, StdDev = 0.008 ns
Min = 0.526 ns, Q1 = 0.535 ns, Median = 0.538 ns, Q3 = 0.546 ns, Max = 0.550 ns
IQR = 0.011 ns, LowerFence = 0.519 ns, UpperFence = 0.561 ns
ConfidenceInterval = [0.530 ns; 0.548 ns] (CI 99.9%), Margin = 0.009 ns (1.67% of Mean)
Skewness = -0.18, Kurtosis = 1.73, MValue = 2
-------------------- Histogram --------------------
[0.522 ns ; 0.542 ns) | @@@@@@@@
[0.542 ns ; 0.553 ns) | @@@@@
---------------------------------------------------

ConcurrencyBenchmarks.CheckerCheckToken: .NET 10.0(Runtime=.NET 10.0, Toolchain=net10.0)
Runtime = .NET 10.0.11 (10.0.11, 10.0.1126.37416), X64 RyuJIT x86-64-v3; GC = Concurrent Workstation
Mean = 22.400 ns, StdErr = 0.110 ns (0.49%), N = 16, StdDev = 0.441 ns
Min = 21.627 ns, Q1 = 22.154 ns, Median = 22.500 ns, Q3 = 22.679 ns, Max = 23.011 ns
IQR = 0.525 ns, LowerFence = 21.367 ns, UpperFence = 23.466 ns
ConfidenceInterval = [21.951 ns; 22.848 ns] (CI 99.9%), Margin = 0.449 ns (2.00% of Mean)
Skewness = -0.28, Kurtosis = 1.75, MValue = 2
-------------------- Histogram --------------------
[21.503 ns ; 21.979 ns) | @@@
[21.979 ns ; 22.438 ns) | @@@@@
[22.438 ns ; 23.025 ns) | @@@@@@@@
---------------------------------------------------

ConcurrencyBenchmarks.ControllerExecuteCasAsync: .NET 10.0(Runtime=.NET 10.0, Toolchain=net10.0)
Runtime = .NET 10.0.11 (10.0.11, 10.0.1126.37416), X64 RyuJIT x86-64-v3; GC = Concurrent Workstation
Mean = 184.797 ns, StdErr = 0.151 ns (0.08%), N = 13, StdDev = 0.543 ns
Min = 184.297 ns, Q1 = 184.381 ns, Median = 184.670 ns, Q3 = 184.956 ns, Max = 185.898 ns
IQR = 0.576 ns, LowerFence = 183.517 ns, UpperFence = 185.820 ns
ConfidenceInterval = [184.146 ns; 185.447 ns] (CI 99.9%), Margin = 0.651 ns (0.35% of Mean)
Skewness = 0.9, Kurtosis = 2.35, MValue = 2
-------------------- Histogram --------------------
[183.993 ns ; 186.202 ns) | @@@@@@@@@@@@@
---------------------------------------------------

ConcurrencyBenchmarks.ResultConversion: .NET 10.0(Runtime=.NET 10.0, Toolchain=net10.0)
Runtime = .NET 10.0.11 (10.0.11, 10.0.1126.37416), X64 RyuJIT x86-64-v3; GC = Concurrent Workstation
Mean = 4.074 ns, StdErr = 0.002 ns (0.06%), N = 15, StdDev = 0.010 ns
Min = 4.064 ns, Q1 = 4.067 ns, Median = 4.071 ns, Q3 = 4.081 ns, Max = 4.092 ns
IQR = 0.015 ns, LowerFence = 4.044 ns, UpperFence = 4.103 ns
ConfidenceInterval = [4.064 ns; 4.085 ns] (CI 99.9%), Margin = 0.010 ns (0.25% of Mean)
Skewness = 0.63, Kurtosis = 1.74, MValue = 2
-------------------- Histogram --------------------
[4.059 ns ; 4.097 ns) | @@@@@@@@@@@@@@@
---------------------------------------------------

ConcurrencyBenchmarks.DirectVersionComparison: .NET 8.0(Runtime=.NET 8.0, Toolchain=net8.0)
Runtime = ; GC = 
There are not any results runs

ConcurrencyBenchmarks.CheckerCheckVersion: .NET 8.0(Runtime=.NET 8.0, Toolchain=net8.0)
Runtime = ; GC = 
There are not any results runs

ConcurrencyBenchmarks.CheckerCheckToken: .NET 8.0(Runtime=.NET 8.0, Toolchain=net8.0)
Runtime = ; GC = 
There are not any results runs

ConcurrencyBenchmarks.ControllerExecuteCasAsync: .NET 8.0(Runtime=.NET 8.0, Toolchain=net8.0)
Runtime = ; GC = 
There are not any results runs

ConcurrencyBenchmarks.ResultConversion: .NET 8.0(Runtime=.NET 8.0, Toolchain=net8.0)
Runtime = ; GC = 
There are not any results runs

ConcurrencyBenchmarks.DirectVersionComparison: .NET 9.0(Runtime=.NET 9.0, Toolchain=net9.0)
Runtime = ; GC = 
There are not any results runs

ConcurrencyBenchmarks.CheckerCheckVersion: .NET 9.0(Runtime=.NET 9.0, Toolchain=net9.0)
Runtime = ; GC = 
There are not any results runs

ConcurrencyBenchmarks.CheckerCheckToken: .NET 9.0(Runtime=.NET 9.0, Toolchain=net9.0)
Runtime = ; GC = 
There are not any results runs

ConcurrencyBenchmarks.ControllerExecuteCasAsync: .NET 9.0(Runtime=.NET 9.0, Toolchain=net9.0)
Runtime = ; GC = 
There are not any results runs

ConcurrencyBenchmarks.ResultConversion: .NET 9.0(Runtime=.NET 9.0, Toolchain=net9.0)
Runtime = ; GC = 
There are not any results runs

// * Summary *

BenchmarkDotNet v0.15.8, Linux Ubuntu 24.04.4 LTS (Noble Numbat)
AMD EPYC 7763 2.45GHz, 1 CPU, 4 logical and 2 physical cores
.NET SDK 10.0.400
  [Host]    : .NET 10.0.11 (10.0.11, 10.0.1126.37416), X64 RyuJIT x86-64-v3
  .NET 10.0 : .NET 10.0.11 (10.0.11, 10.0.1126.37416), X64 RyuJIT x86-64-v3


| Method                    | Job       | Runtime   | Mean        | Error     | StdDev    | Ratio | RatioSD | Gen0   | Allocated | Alloc Ratio |
|-------------------------- |---------- |---------- |------------:|----------:|----------:|------:|--------:|-------:|----------:|------------:|
| DirectVersionComparison   | .NET 10.0 | .NET 10.0 |   0.0000 ns | 0.0000 ns | 0.0000 ns |     ? |       ? |      - |         - |           ? |
| CheckerCheckVersion       | .NET 10.0 | .NET 10.0 |   0.5392 ns | 0.0090 ns | 0.0075 ns |     ? |       ? |      - |         - |           ? |
| CheckerCheckToken         | .NET 10.0 | .NET 10.0 |  22.3995 ns | 0.4488 ns | 0.4408 ns |     ? |       ? | 0.0038 |      64 B |           ? |
| ControllerExecuteCasAsync | .NET 10.0 | .NET 10.0 | 184.7967 ns | 0.6507 ns | 0.5433 ns |     ? |       ? |      - |         - |           ? |
| ResultConversion          | .NET 10.0 | .NET 10.0 |   4.0744 ns | 0.0103 ns | 0.0096 ns |     ? |       ? |      - |         - |           ? |
| DirectVersionComparison   | .NET 8.0  | .NET 8.0  |          NA |        NA |        NA |     ? |       ? |     NA |        NA |           ? |
| CheckerCheckVersion       | .NET 8.0  | .NET 8.0  |          NA |        NA |        NA |     ? |       ? |     NA |        NA |           ? |
| CheckerCheckToken         | .NET 8.0  | .NET 8.0  |          NA |        NA |        NA |     ? |       ? |     NA |        NA |           ? |
| ControllerExecuteCasAsync | .NET 8.0  | .NET 8.0  |          NA |        NA |        NA |     ? |       ? |     NA |        NA |           ? |
| ResultConversion          | .NET 8.0  | .NET 8.0  |          NA |        NA |        NA |     ? |       ? |     NA |        NA |           ? |
| DirectVersionComparison   | .NET 9.0  | .NET 9.0  |          NA |        NA |        NA |     ? |       ? |     NA |        NA |           ? |
| CheckerCheckVersion       | .NET 9.0  | .NET 9.0  |          NA |        NA |        NA |     ? |       ? |     NA |        NA |           ? |
| CheckerCheckToken         | .NET 9.0  | .NET 9.0  |          NA |        NA |        NA |     ? |       ? |     NA |        NA |           ? |
| ControllerExecuteCasAsync | .NET 9.0  | .NET 9.0  |          NA |        NA |        NA |     ? |       ? |     NA |        NA |           ? |
| ResultConversion          | .NET 9.0  | .NET 9.0  |          NA |        NA |        NA |     ? |       ? |     NA |        NA |           ? |

Benchmarks with issues:
  ConcurrencyBenchmarks.DirectVersionComparison: .NET 8.0(Runtime=.NET 8.0, Toolchain=net8.0)
  ConcurrencyBenchmarks.CheckerCheckVersion: .NET 8.0(Runtime=.NET 8.0, Toolchain=net8.0)
  ConcurrencyBenchmarks.CheckerCheckToken: .NET 8.0(Runtime=.NET 8.0, Toolchain=net8.0)
  ConcurrencyBenchmarks.ControllerExecuteCasAsync: .NET 8.0(Runtime=.NET 8.0, Toolchain=net8.0)
  ConcurrencyBenchmarks.ResultConversion: .NET 8.0(Runtime=.NET 8.0, Toolchain=net8.0)
  ConcurrencyBenchmarks.DirectVersionComparison: .NET 9.0(Runtime=.NET 9.0, Toolchain=net9.0)
  ConcurrencyBenchmarks.CheckerCheckVersion: .NET 9.0(Runtime=.NET 9.0, Toolchain=net9.0)
  ConcurrencyBenchmarks.CheckerCheckToken: .NET 9.0(Runtime=.NET 9.0, Toolchain=net9.0)
  ConcurrencyBenchmarks.ControllerExecuteCasAsync: .NET 9.0(Runtime=.NET 9.0, Toolchain=net9.0)
  ConcurrencyBenchmarks.ResultConversion: .NET 9.0(Runtime=.NET 9.0, Toolchain=net9.0)

// * Warnings *
BaselineCustomAnalyzer
  Summary -> A question mark '?' symbol indicates that it was not possible to compute the (Ratio, RatioSD, Alloc Ratio) column(s) because the baseline or benchmark could not be found, or the baseline value is too close to zero.
ZeroMeasurement
  ConcurrencyBenchmarks.DirectVersionComparison: .NET 10.0 -> The method duration is indistinguishable from the empty method duration

// * Hints *
Outliers
  ConcurrencyBenchmarks.CheckerCheckVersion: .NET 10.0       -> 2 outliers were removed (2.42 ns, 2.43 ns)
  ConcurrencyBenchmarks.ControllerExecuteCasAsync: .NET 10.0 -> 2 outliers were removed (190.32 ns, 192.00 ns)

// * Legends *
  Mean        : Arithmetic mean of all measurements
  Error       : Half of 99.9% confidence interval
  StdDev      : Standard deviation of all measurements
  Ratio       : Mean of the ratio distribution ([Current]/[Baseline])
  RatioSD     : Standard deviation of the ratio distribution ([Current]/[Baseline])
  Gen0        : GC Generation 0 collects per 1000 operations
  Allocated   : Allocated memory per single operation (managed only, inclusive, 1KB = 1024B)
  Alloc Ratio : Allocated memory ratio distribution ([Current]/[Baseline])
  1 ns        : 1 Nanosecond (0.000000001 sec)

// * Diagnostic Output - MemoryDiagnoser *


// ***** BenchmarkRunner: End *****
Run time: 00:02:04 (124.58 sec), executed benchmarks: 5

// Found 6 benchmarks:
//   ConflictResolutionBenchmarks.ResolveTransientConflictWithMerge: .NET 10.0(Runtime=.NET 10.0, Toolchain=net10.0)
//   ConflictResolutionBenchmarks.RejectFatalConflictImmediately: .NET 10.0(Runtime=.NET 10.0, Toolchain=net10.0)
//   ConflictResolutionBenchmarks.ResolveTransientConflictWithMerge: .NET 8.0(Runtime=.NET 8.0, Toolchain=net8.0)
//   ConflictResolutionBenchmarks.RejectFatalConflictImmediately: .NET 8.0(Runtime=.NET 8.0, Toolchain=net8.0)
//   ConflictResolutionBenchmarks.ResolveTransientConflictWithMerge: .NET 9.0(Runtime=.NET 9.0, Toolchain=net9.0)
//   ConflictResolutionBenchmarks.RejectFatalConflictImmediately: .NET 9.0(Runtime=.NET 9.0, Toolchain=net9.0)

// **************************
// Benchmark: ConflictResolutionBenchmarks.ResolveTransientConflictWithMerge: .NET 10.0(Runtime=.NET 10.0, Toolchain=net10.0)
// *** Execute ***
// Launch: 1 / 1
// Execute: dotnet "EricksonLopez.Concurrency.Benchmarks-.NET 10.0-1.dll" --anonymousPipes 121 122 --benchmarkName EricksonLopez.Concurrency.Benchmarks.ConflictResolutionBenchmarks.ResolveTransientConflictWithMerge --job ".NET 10.0" --benchmarkId 5 in /home/runner/work/dotnet-concurrency/dotnet-concurrency/benchmarks/EricksonLopez.Concurrency.Benchmarks/bin/Release/net10.0/EricksonLopez.Concurrency.Benchmarks-.NET 10.0-1/bin/Release/net10.0
// Failed to set up high priority (Permission denied). In order to run benchmarks with high priority, make sure you have the right permissions.
// BeforeAnythingElse

// Benchmark Process Environment Information:
// BenchmarkDotNet v0.15.8
// Runtime=.NET 10.0.11 (10.0.11, 10.0.1126.37416), X64 RyuJIT x86-64-v3
// GC=Concurrent Workstation
// HardwareIntrinsics=AVX2+BMI1+BMI2+F16C+FMA+LZCNT+MOVBE,AVX,SSE3+SSSE3+SSE4.1+SSE4.2+POPCNT,X86Base+SSE+SSE2,AES+PCLMUL VectorSize=256
// Job: .NET 10.0

OverheadJitting  1: 1 op, 232495.00 ns, 232.4950 us/op
WorkloadJitting  1: 1 op, 9611382.00 ns, 9.6114 ms/op

OverheadJitting  2: 16 op, 214501.00 ns, 13.4063 us/op
WorkloadJitting  2: 16 op, 310421.00 ns, 19.4013 us/op

WorkloadPilot    1: 16 op, 39093.00 ns, 2.4433 us/op
WorkloadPilot    2: 32 op, 68598.00 ns, 2.1437 us/op
WorkloadPilot    3: 64 op, 75922.00 ns, 1.1863 us/op
WorkloadPilot    4: 128 op, 130834.00 ns, 1.0221 us/op
WorkloadPilot    5: 256 op, 239508.00 ns, 935.5781 ns/op
WorkloadPilot    6: 512 op, 494505.00 ns, 965.8301 ns/op
WorkloadPilot    7: 1024 op, 935501.00 ns, 913.5752 ns/op
WorkloadPilot    8: 2048 op, 1711952.00 ns, 835.9141 ns/op
WorkloadPilot    9: 4096 op, 3491622.00 ns, 852.4468 ns/op
WorkloadPilot   10: 8192 op, 7106476.00 ns, 867.4897 ns/op
WorkloadPilot   11: 16384 op, 14336673.00 ns, 875.0411 ns/op
WorkloadPilot   12: 32768 op, 27950694.00 ns, 852.9875 ns/op
WorkloadPilot   13: 65536 op, 56233518.00 ns, 858.0554 ns/op
WorkloadPilot   14: 131072 op, 99878974.00 ns, 762.0161 ns/op
WorkloadPilot   15: 262144 op, 39003552.00 ns, 148.7867 ns/op
WorkloadPilot   16: 524288 op, 60306488.00 ns, 115.0255 ns/op
WorkloadPilot   17: 1048576 op, 118399545.00 ns, 112.9146 ns/op
WorkloadPilot   18: 2097152 op, 235909907.00 ns, 112.4906 ns/op
WorkloadPilot   19: 4194304 op, 465274868.00 ns, 110.9302 ns/op
WorkloadPilot   20: 8388608 op, 934704128.00 ns, 111.4254 ns/op

OverheadWarmup   1: 8388608 op, 21597818.00 ns, 2.5747 ns/op
OverheadWarmup   2: 8388608 op, 21710548.00 ns, 2.5881 ns/op
OverheadWarmup   3: 8388608 op, 21549126.00 ns, 2.5689 ns/op
OverheadWarmup   4: 8388608 op, 21529329.00 ns, 2.5665 ns/op
OverheadWarmup   5: 8388608 op, 21635398.00 ns, 2.5791 ns/op
OverheadWarmup   6: 8388608 op, 21532725.00 ns, 2.5669 ns/op

OverheadActual   1: 8388608 op, 21630559.00 ns, 2.5786 ns/op
OverheadActual   2: 8388608 op, 21626732.00 ns, 2.5781 ns/op
OverheadActual   3: 8388608 op, 21788794.00 ns, 2.5974 ns/op
OverheadActual   4: 8388608 op, 21611794.00 ns, 2.5763 ns/op
OverheadActual   5: 8388608 op, 21565587.00 ns, 2.5708 ns/op
OverheadActual   6: 8388608 op, 21604150.00 ns, 2.5754 ns/op
OverheadActual   7: 8388608 op, 21605362.00 ns, 2.5756 ns/op
OverheadActual   8: 8388608 op, 21605081.00 ns, 2.5755 ns/op
OverheadActual   9: 8388608 op, 21594782.00 ns, 2.5743 ns/op
OverheadActual  10: 8388608 op, 21757967.00 ns, 2.5938 ns/op
OverheadActual  11: 8388608 op, 21552012.00 ns, 2.5692 ns/op
OverheadActual  12: 8388608 op, 24085061.00 ns, 2.8712 ns/op
OverheadActual  13: 8388608 op, 16410502.00 ns, 1.9563 ns/op
OverheadActual  14: 8388608 op, 16494700.00 ns, 1.9663 ns/op
OverheadActual  15: 8388608 op, 16436892.00 ns, 1.9594 ns/op
OverheadActual  16: 8388608 op, 16339520.00 ns, 1.9478 ns/op
OverheadActual  17: 8388608 op, 16370728.00 ns, 1.9515 ns/op
OverheadActual  18: 8388608 op, 16375838.00 ns, 1.9522 ns/op
OverheadActual  19: 8388608 op, 16385245.00 ns, 1.9533 ns/op
OverheadActual  20: 8388608 op, 16341343.00 ns, 1.9480 ns/op

WorkloadWarmup   1: 8388608 op, 965558443.00 ns, 115.1035 ns/op
WorkloadWarmup   2: 8388608 op, 948855363.00 ns, 113.1124 ns/op
WorkloadWarmup   3: 8388608 op, 928245725.00 ns, 110.6555 ns/op
WorkloadWarmup   4: 8388608 op, 939216571.00 ns, 111.9633 ns/op
WorkloadWarmup   5: 8388608 op, 948870403.00 ns, 113.1142 ns/op
WorkloadWarmup   6: 8388608 op, 940471609.00 ns, 112.1130 ns/op
WorkloadWarmup   7: 8388608 op, 973541921.00 ns, 116.0552 ns/op
WorkloadWarmup   8: 8388608 op, 968925975.00 ns, 115.5050 ns/op

// BeforeActualRun
WorkloadActual   1: 8388608 op, 961212684.00 ns, 114.5855 ns/op
WorkloadActual   2: 8388608 op, 970844885.00 ns, 115.7337 ns/op
WorkloadActual   3: 8388608 op, 966792513.00 ns, 115.2506 ns/op
WorkloadActual   4: 8388608 op, 960681882.00 ns, 114.5222 ns/op
WorkloadActual   5: 8388608 op, 958798741.00 ns, 114.2977 ns/op
WorkloadActual   6: 8388608 op, 967331966.00 ns, 115.3150 ns/op
WorkloadActual   7: 8388608 op, 970187008.00 ns, 115.6553 ns/op
WorkloadActual   8: 8388608 op, 950068257.00 ns, 113.2570 ns/op
WorkloadActual   9: 8388608 op, 966512483.00 ns, 115.2173 ns/op
WorkloadActual  10: 8388608 op, 967891843.00 ns, 115.3817 ns/op
WorkloadActual  11: 8388608 op, 954187103.00 ns, 113.7480 ns/op
WorkloadActual  12: 8388608 op, 946596882.00 ns, 112.8431 ns/op
WorkloadActual  13: 8388608 op, 969726619.00 ns, 115.6004 ns/op
WorkloadActual  14: 8388608 op, 967260748.00 ns, 115.3065 ns/op
WorkloadActual  15: 8388608 op, 969885908.00 ns, 115.6194 ns/op

// AfterActualRun
WorkloadResult   1: 8388608 op, 939632499.50 ns, 112.0129 ns/op
WorkloadResult   2: 8388608 op, 949264700.50 ns, 113.1612 ns/op
WorkloadResult   3: 8388608 op, 945212328.50 ns, 112.6781 ns/op
WorkloadResult   4: 8388608 op, 939101697.50 ns, 111.9496 ns/op
WorkloadResult   5: 8388608 op, 937218556.50 ns, 111.7252 ns/op
WorkloadResult   6: 8388608 op, 945751781.50 ns, 112.7424 ns/op
WorkloadResult   7: 8388608 op, 948606823.50 ns, 113.0827 ns/op
WorkloadResult   8: 8388608 op, 928488072.50 ns, 110.6844 ns/op
WorkloadResult   9: 8388608 op, 944932298.50 ns, 112.6447 ns/op
WorkloadResult  10: 8388608 op, 946311658.50 ns, 112.8091 ns/op
WorkloadResult  11: 8388608 op, 932606918.50 ns, 111.1754 ns/op
WorkloadResult  12: 8388608 op, 925016697.50 ns, 110.2706 ns/op
WorkloadResult  13: 8388608 op, 948146434.50 ns, 113.0279 ns/op
WorkloadResult  14: 8388608 op, 945680563.50 ns, 112.7339 ns/op
WorkloadResult  15: 8388608 op, 948305723.50 ns, 113.0469 ns/op
// GC:  112 0 0 1879132264 8388608
// Threading:  0 0 8388608

// AfterAll
// Benchmark Process 4539 has exited with code 0.

Mean = 112.250 ns, StdErr = 0.237 ns (0.21%), N = 15, StdDev = 0.920 ns
Min = 110.271 ns, Q1 = 111.837 ns, Median = 112.678 ns, Q3 = 112.919 ns, Max = 113.161 ns
IQR = 1.081 ns, LowerFence = 110.216 ns, UpperFence = 114.540 ns
ConfidenceInterval = [111.267 ns; 113.233 ns] (CI 99.9%), Margin = 0.983 ns (0.88% of Mean)
Skewness = -0.87, Kurtosis = 2.33, MValue = 2

// ** Remained 38 (70.4 %) benchmark(s) to run. Estimated finish 2026-08-30 8:07 (0h 5m from now) **
// **************************
// Benchmark: ConflictResolutionBenchmarks.RejectFatalConflictImmediately: .NET 10.0(Runtime=.NET 10.0, Toolchain=net10.0)
// *** Execute ***
// Launch: 1 / 1
// Execute: dotnet "EricksonLopez.Concurrency.Benchmarks-.NET 10.0-1.dll" --anonymousPipes 121 122 --benchmarkName EricksonLopez.Concurrency.Benchmarks.ConflictResolutionBenchmarks.RejectFatalConflictImmediately --job ".NET 10.0" --benchmarkId 6 in /home/runner/work/dotnet-concurrency/dotnet-concurrency/benchmarks/EricksonLopez.Concurrency.Benchmarks/bin/Release/net10.0/EricksonLopez.Concurrency.Benchmarks-.NET 10.0-1/bin/Release/net10.0
// Failed to set up high priority (Permission denied). In order to run benchmarks with high priority, make sure you have the right permissions.
// BeforeAnythingElse

// Benchmark Process Environment Information:
// BenchmarkDotNet v0.15.8
// Runtime=.NET 10.0.11 (10.0.11, 10.0.1126.37416), X64 RyuJIT x86-64-v3
// GC=Concurrent Workstation
// HardwareIntrinsics=AVX2+BMI1+BMI2+F16C+FMA+LZCNT+MOVBE,AVX,SSE3+SSSE3+SSE4.1+SSE4.2+POPCNT,X86Base+SSE+SSE2,AES+PCLMUL VectorSize=256
// Job: .NET 10.0

OverheadJitting  1: 1 op, 266799.00 ns, 266.7990 us/op
WorkloadJitting  1: 1 op, 6241357.00 ns, 6.2414 ms/op

OverheadJitting  2: 16 op, 241682.00 ns, 15.1051 us/op
WorkloadJitting  2: 16 op, 311513.00 ns, 19.4696 us/op

WorkloadPilot    1: 16 op, 37880.00 ns, 2.3675 us/op
WorkloadPilot    2: 32 op, 47840.00 ns, 1.4950 us/op
WorkloadPilot    3: 64 op, 96380.00 ns, 1.5059 us/op
WorkloadPilot    4: 128 op, 120556.00 ns, 941.8438 ns/op
WorkloadPilot    5: 256 op, 207127.00 ns, 809.0898 ns/op
WorkloadPilot    6: 512 op, 406401.00 ns, 793.7520 ns/op
WorkloadPilot    7: 1024 op, 792873.00 ns, 774.2900 ns/op
WorkloadPilot    8: 2048 op, 1533690.00 ns, 748.8721 ns/op
WorkloadPilot    9: 4096 op, 3049155.00 ns, 744.4226 ns/op
WorkloadPilot   10: 8192 op, 6324192.00 ns, 771.9961 ns/op
WorkloadPilot   11: 16384 op, 12463539.00 ns, 760.7141 ns/op
WorkloadPilot   12: 32768 op, 24676789.00 ns, 753.0758 ns/op
WorkloadPilot   13: 65536 op, 49934805.00 ns, 761.9447 ns/op
WorkloadPilot   14: 131072 op, 95279352.00 ns, 726.9238 ns/op
WorkloadPilot   15: 262144 op, 44608750.00 ns, 170.1689 ns/op
WorkloadPilot   16: 524288 op, 60471959.00 ns, 115.3411 ns/op
WorkloadPilot   17: 1048576 op, 119440656.00 ns, 113.9075 ns/op
WorkloadPilot   18: 2097152 op, 243382847.00 ns, 116.0540 ns/op
WorkloadPilot   19: 4194304 op, 468123290.00 ns, 111.6093 ns/op
WorkloadPilot   20: 8388608 op, 951204395.00 ns, 113.3924 ns/op

OverheadWarmup   1: 8388608 op, 21687035.00 ns, 2.5853 ns/op
OverheadWarmup   2: 8388608 op, 22235742.00 ns, 2.6507 ns/op
OverheadWarmup   3: 8388608 op, 21571018.00 ns, 2.5715 ns/op
OverheadWarmup   4: 8388608 op, 21546121.00 ns, 2.5685 ns/op
OverheadWarmup   5: 8388608 op, 23319509.00 ns, 2.7799 ns/op
OverheadWarmup   6: 8388608 op, 21620591.00 ns, 2.5774 ns/op

OverheadActual   1: 8388608 op, 21554417.00 ns, 2.5695 ns/op
OverheadActual   2: 8388608 op, 21728593.00 ns, 2.5903 ns/op
OverheadActual   3: 8388608 op, 21571699.00 ns, 2.5715 ns/op
OverheadActual   4: 8388608 op, 21621192.00 ns, 2.5774 ns/op
OverheadActual   5: 8388608 op, 21526524.00 ns, 2.5662 ns/op
OverheadActual   6: 8388608 op, 21546923.00 ns, 2.5686 ns/op
OverheadActual   7: 8388608 op, 21556841.00 ns, 2.5698 ns/op
OverheadActual   8: 8388608 op, 24012926.00 ns, 2.8626 ns/op
OverheadActual   9: 8388608 op, 21816518.00 ns, 2.6007 ns/op
OverheadActual  10: 8388608 op, 24158048.00 ns, 2.8799 ns/op
OverheadActual  11: 8388608 op, 24401875.00 ns, 2.9089 ns/op
OverheadActual  12: 8388608 op, 13763651.00 ns, 1.6408 ns/op
OverheadActual  13: 8388608 op, 13808775.00 ns, 1.6461 ns/op
OverheadActual  14: 8388608 op, 13704700.00 ns, 1.6337 ns/op
OverheadActual  15: 8388608 op, 13725590.00 ns, 1.6362 ns/op
OverheadActual  16: 8388608 op, 13734697.00 ns, 1.6373 ns/op
OverheadActual  17: 8388608 op, 14386827.00 ns, 1.7150 ns/op
OverheadActual  18: 8388608 op, 13761667.00 ns, 1.6405 ns/op
OverheadActual  19: 8388608 op, 13694441.00 ns, 1.6325 ns/op
OverheadActual  20: 8388608 op, 13732042.00 ns, 1.6370 ns/op

WorkloadWarmup   1: 8388608 op, 961730439.00 ns, 114.6472 ns/op
WorkloadWarmup   2: 8388608 op, 960545615.00 ns, 114.5060 ns/op
WorkloadWarmup   3: 8388608 op, 929881888.00 ns, 110.8506 ns/op
WorkloadWarmup   4: 8388608 op, 941134823.00 ns, 112.1920 ns/op
WorkloadWarmup   5: 8388608 op, 946665170.00 ns, 112.8513 ns/op
WorkloadWarmup   6: 8388608 op, 938315936.00 ns, 111.8560 ns/op
WorkloadWarmup   7: 8388608 op, 929496987.00 ns, 110.8047 ns/op
WorkloadWarmup   8: 8388608 op, 938990911.00 ns, 111.9364 ns/op
WorkloadWarmup   9: 8388608 op, 945366831.00 ns, 112.6965 ns/op
WorkloadWarmup  10: 8388608 op, 927570381.00 ns, 110.5750 ns/op

// BeforeActualRun
WorkloadActual   1: 8388608 op, 922512752.00 ns, 109.9721 ns/op
WorkloadActual   2: 8388608 op, 930981369.00 ns, 110.9816 ns/op
WorkloadActual   3: 8388608 op, 930990165.00 ns, 110.9827 ns/op
WorkloadActual   4: 8388608 op, 943553686.00 ns, 112.4804 ns/op
WorkloadActual   5: 8388608 op, 969162011.00 ns, 115.5331 ns/op
WorkloadActual   6: 8388608 op, 932017847.00 ns, 111.1052 ns/op
WorkloadActual   7: 8388608 op, 945858886.00 ns, 112.7552 ns/op
WorkloadActual   8: 8388608 op, 951940296.00 ns, 113.4801 ns/op
WorkloadActual   9: 8388608 op, 929151210.00 ns, 110.7635 ns/op
WorkloadActual  10: 8388608 op, 971341925.00 ns, 115.7930 ns/op
WorkloadActual  11: 8388608 op, 944085798.00 ns, 112.5438 ns/op
WorkloadActual  12: 8388608 op, 930819606.00 ns, 110.9623 ns/op
WorkloadActual  13: 8388608 op, 922537092.00 ns, 109.9750 ns/op
WorkloadActual  14: 8388608 op, 939567344.00 ns, 112.0052 ns/op
WorkloadActual  15: 8388608 op, 921125639.00 ns, 109.8067 ns/op

// AfterActualRun
WorkloadResult   1: 8388608 op, 900976028.50 ns, 107.4047 ns/op
WorkloadResult   2: 8388608 op, 909444645.50 ns, 108.4143 ns/op
WorkloadResult   3: 8388608 op, 909453441.50 ns, 108.4153 ns/op
WorkloadResult   4: 8388608 op, 922016962.50 ns, 109.9130 ns/op
WorkloadResult   5: 8388608 op, 910481123.50 ns, 108.5378 ns/op
WorkloadResult   6: 8388608 op, 924322162.50 ns, 110.1878 ns/op
WorkloadResult   7: 8388608 op, 930403572.50 ns, 110.9127 ns/op
WorkloadResult   8: 8388608 op, 907614486.50 ns, 108.1961 ns/op
WorkloadResult   9: 8388608 op, 922549074.50 ns, 109.9764 ns/op
WorkloadResult  10: 8388608 op, 909282882.50 ns, 108.3950 ns/op
WorkloadResult  11: 8388608 op, 901000368.50 ns, 107.4076 ns/op
WorkloadResult  12: 8388608 op, 918030620.50 ns, 109.4378 ns/op
WorkloadResult  13: 8388608 op, 899588915.50 ns, 107.2394 ns/op
// GC:  108 0 0 1812074488 8388608
// Threading:  0 0 8388608

// AfterAll
// Benchmark Process 4555 has exited with code 0.

Mean = 108.803 ns, StdErr = 0.327 ns (0.30%), N = 13, StdDev = 1.177 ns
Min = 107.239 ns, Q1 = 108.196 ns, Median = 108.415 ns, Q3 = 109.913 ns, Max = 110.913 ns
IQR = 1.717 ns, LowerFence = 105.621 ns, UpperFence = 112.488 ns
ConfidenceInterval = [107.393 ns; 110.213 ns] (CI 99.9%), Margin = 1.410 ns (1.30% of Mean)
Skewness = 0.26, Kurtosis = 1.64, MValue = 2

// ** Remained 37 (68.5 %) benchmark(s) to run. Estimated finish 2026-08-30 8:08 (0h 6m from now) **
// Build Error: Standard output: 
  
 Standard error: 
 /usr/share/dotnet/sdk/10.0.400/Microsoft.Common.CurrentVersion.targets(1891,5): error : Project '/home/runner/work/dotnet-concurrency/dotnet-concurrency/benchmarks/EricksonLopez.Concurrency.Benchmarks/EricksonLopez.Concurrency.Benchmarks.csproj' targets 'net10.0'. It cannot be referenced by a project that targets '.NETCoreApp,Version=v8.0'. [/home/runner/work/dotnet-concurrency/dotnet-concurrency/benchmarks/EricksonLopez.Concurrency.Benchmarks/bin/Release/net10.0/EricksonLopez.Concurrency.Benchmarks-.NET 8.0-2/BenchmarkDotNet.Autogenerated.csproj::TargetFramework=net8.0]
Build FAILED.
/usr/share/dotnet/sdk/10.0.400/Microsoft.Common.CurrentVersion.targets(1891,5): error : Project '/home/runner/work/dotnet-concurrency/dotnet-concurrency/benchmarks/EricksonLopez.Concurrency.Benchmarks/EricksonLopez.Concurrency.Benchmarks.csproj' targets 'net10.0'. It cannot be referenced by a project that targets '.NETCoreApp,Version=v8.0'. [/home/runner/work/dotnet-concurrency/dotnet-concurrency/benchmarks/EricksonLopez.Concurrency.Benchmarks/bin/Release/net10.0/EricksonLopez.Concurrency.Benchmarks-.NET 8.0-2/BenchmarkDotNet.Autogenerated.csproj::TargetFramework=net8.0]
    0 Warning(s)
    1 Error(s)
Time Elapsed 00:00:01.42

// BenchmarkDotNet has failed to build the auto-generated boilerplate code.
// It can be found in /home/runner/work/dotnet-concurrency/dotnet-concurrency/benchmarks/EricksonLopez.Concurrency.Benchmarks/bin/Release/net10.0/EricksonLopez.Concurrency.Benchmarks-.NET 8.0-2
// Please follow the troubleshooting guide: https://benchmarkdotnet.org/articles/guides/troubleshooting.html

// ** Remained 36 (66.7 %) benchmark(s) to run. Estimated finish 2026-08-30 8:08 (0h 5m from now) **
// Build Error: Standard output: 
  
 Standard error: 
 /usr/share/dotnet/sdk/10.0.400/Microsoft.Common.CurrentVersion.targets(1891,5): error : Project '/home/runner/work/dotnet-concurrency/dotnet-concurrency/benchmarks/EricksonLopez.Concurrency.Benchmarks/EricksonLopez.Concurrency.Benchmarks.csproj' targets 'net10.0'. It cannot be referenced by a project that targets '.NETCoreApp,Version=v8.0'. [/home/runner/work/dotnet-concurrency/dotnet-concurrency/benchmarks/EricksonLopez.Concurrency.Benchmarks/bin/Release/net10.0/EricksonLopez.Concurrency.Benchmarks-.NET 8.0-2/BenchmarkDotNet.Autogenerated.csproj::TargetFramework=net8.0]
Build FAILED.
/usr/share/dotnet/sdk/10.0.400/Microsoft.Common.CurrentVersion.targets(1891,5): error : Project '/home/runner/work/dotnet-concurrency/dotnet-concurrency/benchmarks/EricksonLopez.Concurrency.Benchmarks/EricksonLopez.Concurrency.Benchmarks.csproj' targets 'net10.0'. It cannot be referenced by a project that targets '.NETCoreApp,Version=v8.0'. [/home/runner/work/dotnet-concurrency/dotnet-concurrency/benchmarks/EricksonLopez.Concurrency.Benchmarks/bin/Release/net10.0/EricksonLopez.Concurrency.Benchmarks-.NET 8.0-2/BenchmarkDotNet.Autogenerated.csproj::TargetFramework=net8.0]
    0 Warning(s)
    1 Error(s)
Time Elapsed 00:00:01.42

// BenchmarkDotNet has failed to build the auto-generated boilerplate code.
// It can be found in /home/runner/work/dotnet-concurrency/dotnet-concurrency/benchmarks/EricksonLopez.Concurrency.Benchmarks/bin/Release/net10.0/EricksonLopez.Concurrency.Benchmarks-.NET 8.0-2
// Please follow the troubleshooting guide: https://benchmarkdotnet.org/articles/guides/troubleshooting.html

// ** Remained 35 (64.8 %) benchmark(s) to run. Estimated finish 2026-08-30 8:07 (0h 5m from now) **
// Build Error: Standard output: 
  
 Standard error: 
 /usr/share/dotnet/sdk/10.0.400/Microsoft.Common.CurrentVersion.targets(1891,5): error : Project '/home/runner/work/dotnet-concurrency/dotnet-concurrency/benchmarks/EricksonLopez.Concurrency.Benchmarks/EricksonLopez.Concurrency.Benchmarks.csproj' targets 'net10.0'. It cannot be referenced by a project that targets '.NETCoreApp,Version=v9.0'. [/home/runner/work/dotnet-concurrency/dotnet-concurrency/benchmarks/EricksonLopez.Concurrency.Benchmarks/bin/Release/net10.0/EricksonLopez.Concurrency.Benchmarks-.NET 9.0-3/BenchmarkDotNet.Autogenerated.csproj::TargetFramework=net9.0]
Build FAILED.
/usr/share/dotnet/sdk/10.0.400/Microsoft.Common.CurrentVersion.targets(1891,5): error : Project '/home/runner/work/dotnet-concurrency/dotnet-concurrency/benchmarks/EricksonLopez.Concurrency.Benchmarks/EricksonLopez.Concurrency.Benchmarks.csproj' targets 'net10.0'. It cannot be referenced by a project that targets '.NETCoreApp,Version=v9.0'. [/home/runner/work/dotnet-concurrency/dotnet-concurrency/benchmarks/EricksonLopez.Concurrency.Benchmarks/bin/Release/net10.0/EricksonLopez.Concurrency.Benchmarks-.NET 9.0-3/BenchmarkDotNet.Autogenerated.csproj::TargetFramework=net9.0]
    0 Warning(s)
    1 Error(s)
Time Elapsed 00:00:01.38

// BenchmarkDotNet has failed to build the auto-generated boilerplate code.
// It can be found in /home/runner/work/dotnet-concurrency/dotnet-concurrency/benchmarks/EricksonLopez.Concurrency.Benchmarks/bin/Release/net10.0/EricksonLopez.Concurrency.Benchmarks-.NET 9.0-3
// Please follow the troubleshooting guide: https://benchmarkdotnet.org/articles/guides/troubleshooting.html

// ** Remained 34 (63.0 %) benchmark(s) to run. Estimated finish 2026-08-30 8:07 (0h 5m from now) **
// Build Error: Standard output: 
  
 Standard error: 
 /usr/share/dotnet/sdk/10.0.400/Microsoft.Common.CurrentVersion.targets(1891,5): error : Project '/home/runner/work/dotnet-concurrency/dotnet-concurrency/benchmarks/EricksonLopez.Concurrency.Benchmarks/EricksonLopez.Concurrency.Benchmarks.csproj' targets 'net10.0'. It cannot be referenced by a project that targets '.NETCoreApp,Version=v9.0'. [/home/runner/work/dotnet-concurrency/dotnet-concurrency/benchmarks/EricksonLopez.Concurrency.Benchmarks/bin/Release/net10.0/EricksonLopez.Concurrency.Benchmarks-.NET 9.0-3/BenchmarkDotNet.Autogenerated.csproj::TargetFramework=net9.0]
Build FAILED.
/usr/share/dotnet/sdk/10.0.400/Microsoft.Common.CurrentVersion.targets(1891,5): error : Project '/home/runner/work/dotnet-concurrency/dotnet-concurrency/benchmarks/EricksonLopez.Concurrency.Benchmarks/EricksonLopez.Concurrency.Benchmarks.csproj' targets 'net10.0'. It cannot be referenced by a project that targets '.NETCoreApp,Version=v9.0'. [/home/runner/work/dotnet-concurrency/dotnet-concurrency/benchmarks/EricksonLopez.Concurrency.Benchmarks/bin/Release/net10.0/EricksonLopez.Concurrency.Benchmarks-.NET 9.0-3/BenchmarkDotNet.Autogenerated.csproj::TargetFramework=net9.0]
    0 Warning(s)
    1 Error(s)
Time Elapsed 00:00:01.38

// BenchmarkDotNet has failed to build the auto-generated boilerplate code.
// It can be found in /home/runner/work/dotnet-concurrency/dotnet-concurrency/benchmarks/EricksonLopez.Concurrency.Benchmarks/bin/Release/net10.0/EricksonLopez.Concurrency.Benchmarks-.NET 9.0-3
// Please follow the troubleshooting guide: https://benchmarkdotnet.org/articles/guides/troubleshooting.html

// ** Remained 33 (61.1 %) benchmark(s) to run. Estimated finish 2026-08-30 8:06 (0h 4m from now) **
// ***** BenchmarkRunner: Finish  *****

// * Export *
  benchmarks/results/results/EricksonLopez.Concurrency.Benchmarks.ConflictResolutionBenchmarks-report.csv
  benchmarks/results/results/EricksonLopez.Concurrency.Benchmarks.ConflictResolutionBenchmarks-report-github.md
  benchmarks/results/results/EricksonLopez.Concurrency.Benchmarks.ConflictResolutionBenchmarks-report.html
  benchmarks/results/results/EricksonLopez.Concurrency.Benchmarks.ConflictResolutionBenchmarks-report-full-compressed.json
  benchmarks/results/results/EricksonLopez.Concurrency.Benchmarks.ConflictResolutionBenchmarks-report-default.md

// * Detailed results *
ConflictResolutionBenchmarks.ResolveTransientConflictWithMerge: .NET 10.0(Runtime=.NET 10.0, Toolchain=net10.0)
Runtime = .NET 10.0.11 (10.0.11, 10.0.1126.37416), X64 RyuJIT x86-64-v3; GC = Concurrent Workstation
Mean = 112.250 ns, StdErr = 0.237 ns (0.21%), N = 15, StdDev = 0.920 ns
Min = 110.271 ns, Q1 = 111.837 ns, Median = 112.678 ns, Q3 = 112.919 ns, Max = 113.161 ns
IQR = 1.081 ns, LowerFence = 110.216 ns, UpperFence = 114.540 ns
ConfidenceInterval = [111.267 ns; 113.233 ns] (CI 99.9%), Margin = 0.983 ns (0.88% of Mean)
Skewness = -0.87, Kurtosis = 2.33, MValue = 2
-------------------- Histogram --------------------
[109.781 ns ; 113.651 ns) | @@@@@@@@@@@@@@@
---------------------------------------------------

ConflictResolutionBenchmarks.RejectFatalConflictImmediately: .NET 10.0(Runtime=.NET 10.0, Toolchain=net10.0)
Runtime = .NET 10.0.11 (10.0.11, 10.0.1126.37416), X64 RyuJIT x86-64-v3; GC = Concurrent Workstation
Mean = 108.803 ns, StdErr = 0.327 ns (0.30%), N = 13, StdDev = 1.177 ns
Min = 107.239 ns, Q1 = 108.196 ns, Median = 108.415 ns, Q3 = 109.913 ns, Max = 110.913 ns
IQR = 1.717 ns, LowerFence = 105.621 ns, UpperFence = 112.488 ns
ConfidenceInterval = [107.393 ns; 110.213 ns] (CI 99.9%), Margin = 1.410 ns (1.30% of Mean)
Skewness = 0.26, Kurtosis = 1.64, MValue = 2
-------------------- Histogram --------------------
[106.810 ns ; 111.570 ns) | @@@@@@@@@@@@@
---------------------------------------------------

ConflictResolutionBenchmarks.ResolveTransientConflictWithMerge: .NET 8.0(Runtime=.NET 8.0, Toolchain=net8.0)
Runtime = ; GC = 
There are not any results runs

ConflictResolutionBenchmarks.RejectFatalConflictImmediately: .NET 8.0(Runtime=.NET 8.0, Toolchain=net8.0)
Runtime = ; GC = 
There are not any results runs

ConflictResolutionBenchmarks.ResolveTransientConflictWithMerge: .NET 9.0(Runtime=.NET 9.0, Toolchain=net9.0)
Runtime = ; GC = 
There are not any results runs

ConflictResolutionBenchmarks.RejectFatalConflictImmediately: .NET 9.0(Runtime=.NET 9.0, Toolchain=net9.0)
Runtime = ; GC = 
There are not any results runs

// * Summary *

BenchmarkDotNet v0.15.8, Linux Ubuntu 24.04.4 LTS (Noble Numbat)
AMD EPYC 7763 2.45GHz, 1 CPU, 4 logical and 2 physical cores
.NET SDK 10.0.400
  [Host]    : .NET 10.0.11 (10.0.11, 10.0.1126.37416), X64 RyuJIT x86-64-v3
  .NET 10.0 : .NET 10.0.11 (10.0.11, 10.0.1126.37416), X64 RyuJIT x86-64-v3


| Method                            | Job       | Runtime   | Mean     | Error   | StdDev  | Ratio | RatioSD | Gen0   | Allocated | Alloc Ratio |
|---------------------------------- |---------- |---------- |---------:|--------:|--------:|------:|--------:|-------:|----------:|------------:|
| ResolveTransientConflictWithMerge | .NET 10.0 | .NET 10.0 | 112.2 ns | 0.98 ns | 0.92 ns |     ? |       ? | 0.0134 |     224 B |           ? |
| RejectFatalConflictImmediately    | .NET 10.0 | .NET 10.0 | 108.8 ns | 1.41 ns | 1.18 ns |     ? |       ? | 0.0129 |     216 B |           ? |
| ResolveTransientConflictWithMerge | .NET 8.0  | .NET 8.0  |       NA |      NA |      NA |     ? |       ? |     NA |        NA |           ? |
| RejectFatalConflictImmediately    | .NET 8.0  | .NET 8.0  |       NA |      NA |      NA |     ? |       ? |     NA |        NA |           ? |
| ResolveTransientConflictWithMerge | .NET 9.0  | .NET 9.0  |       NA |      NA |      NA |     ? |       ? |     NA |        NA |           ? |
| RejectFatalConflictImmediately    | .NET 9.0  | .NET 9.0  |       NA |      NA |      NA |     ? |       ? |     NA |        NA |           ? |

Benchmarks with issues:
  ConflictResolutionBenchmarks.ResolveTransientConflictWithMerge: .NET 8.0(Runtime=.NET 8.0, Toolchain=net8.0)
  ConflictResolutionBenchmarks.RejectFatalConflictImmediately: .NET 8.0(Runtime=.NET 8.0, Toolchain=net8.0)
  ConflictResolutionBenchmarks.ResolveTransientConflictWithMerge: .NET 9.0(Runtime=.NET 9.0, Toolchain=net9.0)
  ConflictResolutionBenchmarks.RejectFatalConflictImmediately: .NET 9.0(Runtime=.NET 9.0, Toolchain=net9.0)

// * Warnings *
BaselineCustomAnalyzer
  Summary -> A question mark '?' symbol indicates that it was not possible to compute the (Ratio, RatioSD, Alloc Ratio) column(s) because the baseline or benchmark could not be found, or the baseline value is too close to zero.

// * Hints *
Outliers
  ConflictResolutionBenchmarks.RejectFatalConflictImmediately: .NET 10.0 -> 2 outliers were removed (115.53 ns, 115.79 ns)

// * Legends *
  Mean        : Arithmetic mean of all measurements
  Error       : Half of 99.9% confidence interval
  StdDev      : Standard deviation of all measurements
  Ratio       : Mean of the ratio distribution ([Current]/[Baseline])
  RatioSD     : Standard deviation of the ratio distribution ([Current]/[Baseline])
  Gen0        : GC Generation 0 collects per 1000 operations
  Allocated   : Allocated memory per single operation (managed only, inclusive, 1KB = 1024B)
  Alloc Ratio : Allocated memory ratio distribution ([Current]/[Baseline])
  1 ns        : 1 Nanosecond (0.000000001 sec)

// * Diagnostic Output - MemoryDiagnoser *


// ***** BenchmarkRunner: End *****
Run time: 00:00:53 (53.14 sec), executed benchmarks: 2

// Found 9 benchmarks:
//   OptimisticContentionBenchmarks.SingleWorkerUncontendedCas: .NET 10.0(Runtime=.NET 10.0, Toolchain=net10.0)
//   OptimisticContentionBenchmarks.ParallelContentionFourWorkers: .NET 10.0(Runtime=.NET 10.0, Toolchain=net10.0)
//   OptimisticContentionBenchmarks.VersionPreconditionMismatchEvaluation: .NET 10.0(Runtime=.NET 10.0, Toolchain=net10.0)
//   OptimisticContentionBenchmarks.SingleWorkerUncontendedCas: .NET 8.0(Runtime=.NET 8.0, Toolchain=net8.0)
//   OptimisticContentionBenchmarks.ParallelContentionFourWorkers: .NET 8.0(Runtime=.NET 8.0, Toolchain=net8.0)
//   OptimisticContentionBenchmarks.VersionPreconditionMismatchEvaluation: .NET 8.0(Runtime=.NET 8.0, Toolchain=net8.0)
//   OptimisticContentionBenchmarks.SingleWorkerUncontendedCas: .NET 9.0(Runtime=.NET 9.0, Toolchain=net9.0)
//   OptimisticContentionBenchmarks.ParallelContentionFourWorkers: .NET 9.0(Runtime=.NET 9.0, Toolchain=net9.0)
//   OptimisticContentionBenchmarks.VersionPreconditionMismatchEvaluation: .NET 9.0(Runtime=.NET 9.0, Toolchain=net9.0)

// **************************
// Benchmark: OptimisticContentionBenchmarks.SingleWorkerUncontendedCas: .NET 10.0(Runtime=.NET 10.0, Toolchain=net10.0)
// *** Execute ***
// Launch: 1 / 1
// Execute: dotnet "EricksonLopez.Concurrency.Benchmarks-.NET 10.0-1.dll" --anonymousPipes 121 122 --benchmarkName EricksonLopez.Concurrency.Benchmarks.OptimisticContentionBenchmarks.SingleWorkerUncontendedCas --job ".NET 10.0" --benchmarkId 7 in /home/runner/work/dotnet-concurrency/dotnet-concurrency/benchmarks/EricksonLopez.Concurrency.Benchmarks/bin/Release/net10.0/EricksonLopez.Concurrency.Benchmarks-.NET 10.0-1/bin/Release/net10.0
// Failed to set up high priority (Permission denied). In order to run benchmarks with high priority, make sure you have the right permissions.
// BeforeAnythingElse

// Benchmark Process Environment Information:
// BenchmarkDotNet v0.15.8
// Runtime=.NET 10.0.11 (10.0.11, 10.0.1126.37416), X64 RyuJIT x86-64-v3
// GC=Concurrent Workstation
// HardwareIntrinsics=AVX2+BMI1+BMI2+F16C+FMA+LZCNT+MOVBE,AVX,SSE3+SSSE3+SSE4.1+SSE4.2+POPCNT,X86Base+SSE+SSE2,AES+PCLMUL VectorSize=256
// Job: .NET 10.0

OverheadJitting  1: 1 op, 227666.00 ns, 227.6660 us/op
WorkloadJitting  1: 1 op, 10294891.00 ns, 10.2949 ms/op

OverheadJitting  2: 16 op, 235761.00 ns, 14.7351 us/op
WorkloadJitting  2: 16 op, 311092.00 ns, 19.4433 us/op

WorkloadPilot    1: 16 op, 26049.00 ns, 1.6281 us/op
WorkloadPilot    2: 32 op, 36869.00 ns, 1.1522 us/op
WorkloadPilot    3: 64 op, 65042.00 ns, 1.0163 us/op
WorkloadPilot    4: 128 op, 128089.00 ns, 1.0007 us/op
WorkloadPilot    5: 256 op, 241542.00 ns, 943.5234 ns/op
WorkloadPilot    6: 512 op, 461544.00 ns, 901.4531 ns/op
WorkloadPilot    7: 1024 op, 934369.00 ns, 912.4697 ns/op
WorkloadPilot    8: 2048 op, 1859879.00 ns, 908.1440 ns/op
WorkloadPilot    9: 4096 op, 3678373.00 ns, 898.0403 ns/op
WorkloadPilot   10: 8192 op, 7316900.00 ns, 893.1763 ns/op
WorkloadPilot   11: 16384 op, 14767250.00 ns, 901.3214 ns/op
WorkloadPilot   12: 32768 op, 33912651.00 ns, 1.0349 us/op
WorkloadPilot   13: 65536 op, 58835433.00 ns, 897.7575 ns/op
WorkloadPilot   14: 131072 op, 98132478.00 ns, 748.6914 ns/op
WorkloadPilot   15: 262144 op, 58659944.00 ns, 223.7699 ns/op
WorkloadPilot   16: 524288 op, 111204206.00 ns, 212.1052 ns/op
WorkloadPilot   17: 1048576 op, 213552893.00 ns, 203.6599 ns/op
WorkloadPilot   18: 2097152 op, 427024007.00 ns, 203.6209 ns/op
WorkloadPilot   19: 4194304 op, 853588721.00 ns, 203.5114 ns/op

OverheadWarmup   1: 4194304 op, 12108575.00 ns, 2.8869 ns/op
OverheadWarmup   2: 4194304 op, 12092394.00 ns, 2.8831 ns/op
OverheadWarmup   3: 4194304 op, 12078949.00 ns, 2.8798 ns/op
OverheadWarmup   4: 4194304 op, 12750977.00 ns, 3.0401 ns/op
OverheadWarmup   5: 4194304 op, 12106691.00 ns, 2.8865 ns/op
OverheadWarmup   6: 4194304 op, 12103306.00 ns, 2.8857 ns/op
OverheadWarmup   7: 4194304 op, 13161956.00 ns, 3.1381 ns/op
OverheadWarmup   8: 4194304 op, 12100120.00 ns, 2.8849 ns/op

OverheadActual   1: 4194304 op, 12098516.00 ns, 2.8845 ns/op
OverheadActual   2: 4194304 op, 12086574.00 ns, 2.8817 ns/op
OverheadActual   3: 4194304 op, 12267232.00 ns, 2.9247 ns/op
OverheadActual   4: 4194304 op, 12200386.00 ns, 2.9088 ns/op
OverheadActual   5: 4194304 op, 12136997.00 ns, 2.8937 ns/op
OverheadActual   6: 4194304 op, 12090091.00 ns, 2.8825 ns/op
OverheadActual   7: 4194304 op, 12105749.00 ns, 2.8862 ns/op
OverheadActual   8: 4194304 op, 12856604.00 ns, 3.0653 ns/op
OverheadActual   9: 4194304 op, 12873395.00 ns, 3.0693 ns/op
OverheadActual  10: 4194304 op, 12135385.00 ns, 2.8933 ns/op
OverheadActual  11: 4194304 op, 12289043.00 ns, 2.9299 ns/op
OverheadActual  12: 4194304 op, 12216166.00 ns, 2.9126 ns/op
OverheadActual  13: 4194304 op, 12154090.00 ns, 2.8978 ns/op
OverheadActual  14: 4194304 op, 12157617.00 ns, 2.8986 ns/op
OverheadActual  15: 4194304 op, 15055649.00 ns, 3.5895 ns/op

WorkloadWarmup   1: 4194304 op, 872754079.00 ns, 208.0808 ns/op
WorkloadWarmup   2: 4194304 op, 885551957.00 ns, 211.1320 ns/op
WorkloadWarmup   3: 4194304 op, 859806034.00 ns, 204.9937 ns/op
WorkloadWarmup   4: 4194304 op, 860414032.00 ns, 205.1387 ns/op
WorkloadWarmup   5: 4194304 op, 853610934.00 ns, 203.5167 ns/op
WorkloadWarmup   6: 4194304 op, 851399786.00 ns, 202.9895 ns/op

// BeforeActualRun
WorkloadActual   1: 4194304 op, 855501781.00 ns, 203.9675 ns/op
WorkloadActual   2: 4194304 op, 854074979.00 ns, 203.6273 ns/op
WorkloadActual   3: 4194304 op, 852866916.00 ns, 203.3393 ns/op
WorkloadActual   4: 4194304 op, 852957596.00 ns, 203.3609 ns/op
WorkloadActual   5: 4194304 op, 853886154.00 ns, 203.5823 ns/op
WorkloadActual   6: 4194304 op, 853400785.00 ns, 203.4666 ns/op
WorkloadActual   7: 4194304 op, 851722805.00 ns, 203.0665 ns/op
WorkloadActual   8: 4194304 op, 852754265.00 ns, 203.3125 ns/op
WorkloadActual   9: 4194304 op, 852585029.00 ns, 203.2721 ns/op
WorkloadActual  10: 4194304 op, 852993102.00 ns, 203.3694 ns/op
WorkloadActual  11: 4194304 op, 851903584.00 ns, 203.1096 ns/op
WorkloadActual  12: 4194304 op, 850889134.00 ns, 202.8678 ns/op
WorkloadActual  13: 4194304 op, 852436420.00 ns, 203.2367 ns/op
WorkloadActual  14: 4194304 op, 852569869.00 ns, 203.2685 ns/op
WorkloadActual  15: 4194304 op, 852487134.00 ns, 203.2488 ns/op

// AfterActualRun
WorkloadResult   1: 4194304 op, 841917362.00 ns, 200.7287 ns/op
WorkloadResult   2: 4194304 op, 840709299.00 ns, 200.4407 ns/op
WorkloadResult   3: 4194304 op, 840799979.00 ns, 200.4623 ns/op
WorkloadResult   4: 4194304 op, 841728537.00 ns, 200.6837 ns/op
WorkloadResult   5: 4194304 op, 841243168.00 ns, 200.5680 ns/op
WorkloadResult   6: 4194304 op, 839565188.00 ns, 200.1679 ns/op
WorkloadResult   7: 4194304 op, 840596648.00 ns, 200.4139 ns/op
WorkloadResult   8: 4194304 op, 840427412.00 ns, 200.3735 ns/op
WorkloadResult   9: 4194304 op, 840835485.00 ns, 200.4708 ns/op
WorkloadResult  10: 4194304 op, 839745967.00 ns, 200.2110 ns/op
WorkloadResult  11: 4194304 op, 838731517.00 ns, 199.9692 ns/op
WorkloadResult  12: 4194304 op, 840278803.00 ns, 200.3381 ns/op
WorkloadResult  13: 4194304 op, 840412252.00 ns, 200.3699 ns/op
WorkloadResult  14: 4194304 op, 840329517.00 ns, 200.3502 ns/op
// GC:  12 0 0 201329504 4194304
// Threading:  0 0 4194304

// AfterAll
// Benchmark Process 4584 has exited with code 0.

Mean = 200.396 ns, StdErr = 0.053 ns (0.03%), N = 14, StdDev = 0.198 ns
Min = 199.969 ns, Q1 = 200.341 ns, Median = 200.394 ns, Q3 = 200.469 ns, Max = 200.729 ns
IQR = 0.128 ns, LowerFence = 200.150 ns, UpperFence = 200.660 ns
ConfidenceInterval = [200.173 ns; 200.620 ns] (CI 99.9%), Margin = 0.224 ns (0.11% of Mean)
Skewness = -0.28, Kurtosis = 2.65, MValue = 2

// ** Remained 32 (59.3 %) benchmark(s) to run. Estimated finish 2026-08-30 8:07 (0h 4m from now) **
// **************************
// Benchmark: OptimisticContentionBenchmarks.ParallelContentionFourWorkers: .NET 10.0(Runtime=.NET 10.0, Toolchain=net10.0)
// *** Execute ***
// Launch: 1 / 1
// Execute: dotnet "EricksonLopez.Concurrency.Benchmarks-.NET 10.0-1.dll" --anonymousPipes 121 122 --benchmarkName EricksonLopez.Concurrency.Benchmarks.OptimisticContentionBenchmarks.ParallelContentionFourWorkers --job ".NET 10.0" --benchmarkId 8 in /home/runner/work/dotnet-concurrency/dotnet-concurrency/benchmarks/EricksonLopez.Concurrency.Benchmarks/bin/Release/net10.0/EricksonLopez.Concurrency.Benchmarks-.NET 10.0-1/bin/Release/net10.0
// Failed to set up high priority (Permission denied). In order to run benchmarks with high priority, make sure you have the right permissions.
// BeforeAnythingElse

// Benchmark Process Environment Information:
// BenchmarkDotNet v0.15.8
// Runtime=.NET 10.0.11 (10.0.11, 10.0.1126.37416), X64 RyuJIT x86-64-v3
// GC=Concurrent Workstation
// HardwareIntrinsics=AVX2+BMI1+BMI2+F16C+FMA+LZCNT+MOVBE,AVX,SSE3+SSSE3+SSE4.1+SSE4.2+POPCNT,X86Base+SSE+SSE2,AES+PCLMUL VectorSize=256
// Job: .NET 10.0

OverheadJitting  1: 1 op, 210834.00 ns, 210.8340 us/op
WorkloadJitting  1: 1 op, 15350621.00 ns, 15.3506 ms/op

OverheadJitting  2: 16 op, 379050.00 ns, 23.6906 us/op
WorkloadJitting  2: 16 op, 932865.00 ns, 58.3041 us/op

WorkloadPilot    1: 16 op, 231253.00 ns, 14.4533 us/op
WorkloadPilot    2: 32 op, 372825.00 ns, 11.6508 us/op
WorkloadPilot    3: 64 op, 558796.00 ns, 8.7312 us/op
WorkloadPilot    4: 128 op, 1027282.00 ns, 8.0256 us/op
WorkloadPilot    5: 256 op, 4528252.00 ns, 17.6885 us/op
WorkloadPilot    6: 512 op, 9078045.00 ns, 17.7306 us/op
WorkloadPilot    7: 1024 op, 18154246.00 ns, 17.7288 us/op
WorkloadPilot    8: 2048 op, 36205239.00 ns, 17.6783 us/op
WorkloadPilot    9: 4096 op, 57049478.00 ns, 13.9281 us/op
WorkloadPilot   10: 8192 op, 68557630.00 ns, 8.3689 us/op
WorkloadPilot   11: 16384 op, 121165478.00 ns, 7.3954 us/op
WorkloadPilot   12: 32768 op, 234432148.00 ns, 7.1543 us/op
WorkloadPilot   13: 65536 op, 333948731.00 ns, 5.0957 us/op
WorkloadPilot   14: 131072 op, 461101771.00 ns, 3.5179 us/op
WorkloadPilot   15: 262144 op, 798862704.00 ns, 3.0474 us/op

OverheadWarmup   1: 262144 op, 594002.00 ns, 2.2659 ns/op
OverheadWarmup   2: 262144 op, 611594.00 ns, 2.3330 ns/op
OverheadWarmup   3: 262144 op, 592248.00 ns, 2.2592 ns/op
OverheadWarmup   4: 262144 op, 621914.00 ns, 2.3724 ns/op
OverheadWarmup   5: 262144 op, 592349.00 ns, 2.2596 ns/op

OverheadActual   1: 262144 op, 635759.00 ns, 2.4252 ns/op
OverheadActual   2: 262144 op, 633185.00 ns, 2.4154 ns/op
OverheadActual   3: 262144 op, 592439.00 ns, 2.2600 ns/op
OverheadActual   4: 262144 op, 639967.00 ns, 2.4413 ns/op
OverheadActual   5: 262144 op, 611234.00 ns, 2.3317 ns/op
OverheadActual   6: 262144 op, 660175.00 ns, 2.5184 ns/op
OverheadActual   7: 262144 op, 620029.00 ns, 2.3652 ns/op
OverheadActual   8: 262144 op, 592920.00 ns, 2.2618 ns/op
OverheadActual   9: 262144 op, 625059.00 ns, 2.3844 ns/op
OverheadActual  10: 262144 op, 612415.00 ns, 2.3362 ns/op
OverheadActual  11: 262144 op, 712913.00 ns, 2.7195 ns/op
OverheadActual  12: 262144 op, 609941.00 ns, 2.3267 ns/op
OverheadActual  13: 262144 op, 593070.00 ns, 2.2624 ns/op
OverheadActual  14: 262144 op, 611324.00 ns, 2.3320 ns/op
OverheadActual  15: 262144 op, 612306.00 ns, 2.3358 ns/op

WorkloadWarmup   1: 262144 op, 884320766.00 ns, 3.3734 us/op
WorkloadWarmup   2: 262144 op, 707894191.00 ns, 2.7004 us/op
WorkloadWarmup   3: 262144 op, 697263389.00 ns, 2.6598 us/op
WorkloadWarmup   4: 262144 op, 773294657.00 ns, 2.9499 us/op
WorkloadWarmup   5: 262144 op, 711066867.00 ns, 2.7125 us/op
WorkloadWarmup   6: 262144 op, 750309253.00 ns, 2.8622 us/op
WorkloadWarmup   7: 262144 op, 680038541.00 ns, 2.5941 us/op

// BeforeActualRun
WorkloadActual   1: 262144 op, 743044514.00 ns, 2.8345 us/op
WorkloadActual   2: 262144 op, 710175921.00 ns, 2.7091 us/op
WorkloadActual   3: 262144 op, 696286202.00 ns, 2.6561 us/op
WorkloadActual   4: 262144 op, 872666873.00 ns, 3.3290 us/op
WorkloadActual   5: 262144 op, 690897586.00 ns, 2.6356 us/op
WorkloadActual   6: 262144 op, 772032702.00 ns, 2.9451 us/op
WorkloadActual   7: 262144 op, 694413655.00 ns, 2.6490 us/op
WorkloadActual   8: 262144 op, 796330330.00 ns, 3.0378 us/op
WorkloadActual   9: 262144 op, 705121922.00 ns, 2.6898 us/op
WorkloadActual  10: 262144 op, 723952854.00 ns, 2.7617 us/op
WorkloadActual  11: 262144 op, 699510620.00 ns, 2.6684 us/op
WorkloadActual  12: 262144 op, 705103988.00 ns, 2.6898 us/op
WorkloadActual  13: 262144 op, 686816473.00 ns, 2.6200 us/op
WorkloadActual  14: 262144 op, 704249740.00 ns, 2.6865 us/op
WorkloadActual  15: 262144 op, 771435613.00 ns, 2.9428 us/op
WorkloadActual  16: 262144 op, 701642578.00 ns, 2.6766 us/op
WorkloadActual  17: 262144 op, 691359794.00 ns, 2.6373 us/op
WorkloadActual  18: 262144 op, 702717889.00 ns, 2.6807 us/op
WorkloadActual  19: 262144 op, 759285269.00 ns, 2.8964 us/op
WorkloadActual  20: 262144 op, 807127204.00 ns, 3.0789 us/op
WorkloadActual  21: 262144 op, 697213520.00 ns, 2.6597 us/op
WorkloadActual  22: 262144 op, 700888273.00 ns, 2.6737 us/op
WorkloadActual  23: 262144 op, 691248798.00 ns, 2.6369 us/op
WorkloadActual  24: 262144 op, 734495852.00 ns, 2.8019 us/op
WorkloadActual  25: 262144 op, 747330423.00 ns, 2.8508 us/op
WorkloadActual  26: 262144 op, 702670388.00 ns, 2.6805 us/op
WorkloadActual  27: 262144 op, 716489402.00 ns, 2.7332 us/op
WorkloadActual  28: 262144 op, 724846211.00 ns, 2.7651 us/op
WorkloadActual  29: 262144 op, 725372683.00 ns, 2.7671 us/op
WorkloadActual  30: 262144 op, 854898995.00 ns, 3.2612 us/op
WorkloadActual  31: 262144 op, 702782477.00 ns, 2.6809 us/op
WorkloadActual  32: 262144 op, 695514939.00 ns, 2.6532 us/op
WorkloadActual  33: 262144 op, 815872978.00 ns, 3.1123 us/op
WorkloadActual  34: 262144 op, 694107566.00 ns, 2.6478 us/op
WorkloadActual  35: 262144 op, 716238926.00 ns, 2.7322 us/op
WorkloadActual  36: 262144 op, 738702551.00 ns, 2.8179 us/op
WorkloadActual  37: 262144 op, 695305193.00 ns, 2.6524 us/op
WorkloadActual  38: 262144 op, 707746273.00 ns, 2.6998 us/op
WorkloadActual  39: 262144 op, 705313012.00 ns, 2.6906 us/op
WorkloadActual  40: 262144 op, 771153177.00 ns, 2.9417 us/op
WorkloadActual  41: 262144 op, 705709779.00 ns, 2.6921 us/op
WorkloadActual  42: 262144 op, 712512325.00 ns, 2.7180 us/op
WorkloadActual  43: 262144 op, 741194203.00 ns, 2.8274 us/op
WorkloadActual  44: 262144 op, 691439086.00 ns, 2.6376 us/op
WorkloadActual  45: 262144 op, 695750722.00 ns, 2.6541 us/op
WorkloadActual  46: 262144 op, 727899743.00 ns, 2.7767 us/op
WorkloadActual  47: 262144 op, 827455217.00 ns, 3.1565 us/op
WorkloadActual  48: 262144 op, 751707318.00 ns, 2.8675 us/op
WorkloadActual  49: 262144 op, 693411456.00 ns, 2.6452 us/op
WorkloadActual  50: 262144 op, 694643485.00 ns, 2.6499 us/op
WorkloadActual  51: 262144 op, 705524769.00 ns, 2.6914 us/op
WorkloadActual  52: 262144 op, 751487080.00 ns, 2.8667 us/op
WorkloadActual  53: 262144 op, 691384790.00 ns, 2.6374 us/op
WorkloadActual  54: 262144 op, 748158170.00 ns, 2.8540 us/op
WorkloadActual  55: 262144 op, 699735786.00 ns, 2.6693 us/op
WorkloadActual  56: 262144 op, 708076422.00 ns, 2.7011 us/op
WorkloadActual  57: 262144 op, 748850989.00 ns, 2.8566 us/op
WorkloadActual  58: 262144 op, 693184732.00 ns, 2.6443 us/op
WorkloadActual  59: 262144 op, 696423730.00 ns, 2.6566 us/op
WorkloadActual  60: 262144 op, 760582771.00 ns, 2.9014 us/op
WorkloadActual  61: 262144 op, 708392613.00 ns, 2.7023 us/op

// AfterActualRun
WorkloadResult   1: 262144 op, 742432099.00 ns, 2.8322 us/op
WorkloadResult   2: 262144 op, 709563506.00 ns, 2.7068 us/op
WorkloadResult   3: 262144 op, 695673787.00 ns, 2.6538 us/op
WorkloadResult   4: 262144 op, 690285171.00 ns, 2.6332 us/op
WorkloadResult   5: 262144 op, 771420287.00 ns, 2.9427 us/op
WorkloadResult   6: 262144 op, 693801240.00 ns, 2.6466 us/op
WorkloadResult   7: 262144 op, 795717915.00 ns, 3.0354 us/op
WorkloadResult   8: 262144 op, 704509507.00 ns, 2.6875 us/op
WorkloadResult   9: 262144 op, 723340439.00 ns, 2.7593 us/op
WorkloadResult  10: 262144 op, 698898205.00 ns, 2.6661 us/op
WorkloadResult  11: 262144 op, 704491573.00 ns, 2.6874 us/op
WorkloadResult  12: 262144 op, 686204058.00 ns, 2.6177 us/op
WorkloadResult  13: 262144 op, 703637325.00 ns, 2.6842 us/op
WorkloadResult  14: 262144 op, 770823198.00 ns, 2.9405 us/op
WorkloadResult  15: 262144 op, 701030163.00 ns, 2.6742 us/op
WorkloadResult  16: 262144 op, 690747379.00 ns, 2.6350 us/op
WorkloadResult  17: 262144 op, 702105474.00 ns, 2.6783 us/op
WorkloadResult  18: 262144 op, 758672854.00 ns, 2.8941 us/op
WorkloadResult  19: 262144 op, 806514789.00 ns, 3.0766 us/op
WorkloadResult  20: 262144 op, 696601105.00 ns, 2.6573 us/op
WorkloadResult  21: 262144 op, 700275858.00 ns, 2.6713 us/op
WorkloadResult  22: 262144 op, 690636383.00 ns, 2.6346 us/op
WorkloadResult  23: 262144 op, 733883437.00 ns, 2.7995 us/op
WorkloadResult  24: 262144 op, 746718008.00 ns, 2.8485 us/op
WorkloadResult  25: 262144 op, 702057973.00 ns, 2.6781 us/op
WorkloadResult  26: 262144 op, 715876987.00 ns, 2.7309 us/op
WorkloadResult  27: 262144 op, 724233796.00 ns, 2.7627 us/op
WorkloadResult  28: 262144 op, 724760268.00 ns, 2.7647 us/op
WorkloadResult  29: 262144 op, 702170062.00 ns, 2.6786 us/op
WorkloadResult  30: 262144 op, 694902524.00 ns, 2.6508 us/op
WorkloadResult  31: 262144 op, 815260563.00 ns, 3.1100 us/op
WorkloadResult  32: 262144 op, 693495151.00 ns, 2.6455 us/op
WorkloadResult  33: 262144 op, 715626511.00 ns, 2.7299 us/op
WorkloadResult  34: 262144 op, 738090136.00 ns, 2.8156 us/op
WorkloadResult  35: 262144 op, 694692778.00 ns, 2.6500 us/op
WorkloadResult  36: 262144 op, 707133858.00 ns, 2.6975 us/op
WorkloadResult  37: 262144 op, 704700597.00 ns, 2.6882 us/op
WorkloadResult  38: 262144 op, 770540762.00 ns, 2.9394 us/op
WorkloadResult  39: 262144 op, 705097364.00 ns, 2.6897 us/op
WorkloadResult  40: 262144 op, 711899910.00 ns, 2.7157 us/op
WorkloadResult  41: 262144 op, 740581788.00 ns, 2.8251 us/op
WorkloadResult  42: 262144 op, 690826671.00 ns, 2.6353 us/op
WorkloadResult  43: 262144 op, 695138307.00 ns, 2.6517 us/op
WorkloadResult  44: 262144 op, 727287328.00 ns, 2.7744 us/op
WorkloadResult  45: 262144 op, 751094903.00 ns, 2.8652 us/op
WorkloadResult  46: 262144 op, 692799041.00 ns, 2.6428 us/op
WorkloadResult  47: 262144 op, 694031070.00 ns, 2.6475 us/op
WorkloadResult  48: 262144 op, 704912354.00 ns, 2.6890 us/op
WorkloadResult  49: 262144 op, 750874665.00 ns, 2.8644 us/op
WorkloadResult  50: 262144 op, 690772375.00 ns, 2.6351 us/op
WorkloadResult  51: 262144 op, 747545755.00 ns, 2.8517 us/op
WorkloadResult  52: 262144 op, 699123371.00 ns, 2.6669 us/op
WorkloadResult  53: 262144 op, 707464007.00 ns, 2.6988 us/op
WorkloadResult  54: 262144 op, 748238574.00 ns, 2.8543 us/op
WorkloadResult  55: 262144 op, 692572317.00 ns, 2.6420 us/op
WorkloadResult  56: 262144 op, 695811315.00 ns, 2.6543 us/op
WorkloadResult  57: 262144 op, 759970356.00 ns, 2.8991 us/op
WorkloadResult  58: 262144 op, 707780198.00 ns, 2.7000 us/op
// GC:  15 0 0 255817720 262144
// Threading:  1049011 5 262144

// AfterAll
// Benchmark Process 4623 has exited with code 0.

Mean = 2.745 μs, StdErr = 0.016 μs (0.57%), N = 58, StdDev = 0.120 μs
Min = 2.618 μs, Q1 = 2.654 μs, Median = 2.689 μs, Q3 = 2.823 μs, Max = 3.110 μs
IQR = 0.169 μs, LowerFence = 2.401 μs, UpperFence = 3.076 μs
ConfidenceInterval = [2.690 μs; 2.800 μs] (CI 99.9%), Margin = 0.055 μs (1.99% of Mean)
Skewness = 1.26, Kurtosis = 3.82, MValue = 2.06

// ** Remained 31 (57.4 %) benchmark(s) to run. Estimated finish 2026-08-30 8:09 (0h 5m from now) **
// **************************
// Benchmark: OptimisticContentionBenchmarks.VersionPreconditionMismatchEvaluation: .NET 10.0(Runtime=.NET 10.0, Toolchain=net10.0)
// *** Execute ***
// Launch: 1 / 1
// Execute: dotnet "EricksonLopez.Concurrency.Benchmarks-.NET 10.0-1.dll" --anonymousPipes 121 122 --benchmarkName EricksonLopez.Concurrency.Benchmarks.OptimisticContentionBenchmarks.VersionPreconditionMismatchEvaluation --job ".NET 10.0" --benchmarkId 9 in /home/runner/work/dotnet-concurrency/dotnet-concurrency/benchmarks/EricksonLopez.Concurrency.Benchmarks/bin/Release/net10.0/EricksonLopez.Concurrency.Benchmarks-.NET 10.0-1/bin/Release/net10.0
// Failed to set up high priority (Permission denied). In order to run benchmarks with high priority, make sure you have the right permissions.
// BeforeAnythingElse

// Benchmark Process Environment Information:
// BenchmarkDotNet v0.15.8
// Runtime=.NET 10.0.11 (10.0.11, 10.0.1126.37416), X64 RyuJIT x86-64-v3
// GC=Concurrent Workstation
// HardwareIntrinsics=AVX2+BMI1+BMI2+F16C+FMA+LZCNT+MOVBE,AVX,SSE3+SSSE3+SSE4.1+SSE4.2+POPCNT,X86Base+SSE+SSE2,AES+PCLMUL VectorSize=256
// Job: .NET 10.0

OverheadJitting  1: 1 op, 211675.00 ns, 211.6750 us/op
WorkloadJitting  1: 1 op, 6790140.00 ns, 6.7901 ms/op

OverheadJitting  2: 16 op, 351567.00 ns, 21.9729 us/op
WorkloadJitting  2: 16 op, 417099.00 ns, 26.0687 us/op

WorkloadPilot    1: 16 op, 54953.00 ns, 3.4346 us/op
WorkloadPilot    2: 32 op, 65422.00 ns, 2.0444 us/op
WorkloadPilot    3: 64 op, 99286.00 ns, 1.5513 us/op
WorkloadPilot    4: 128 op, 171981.00 ns, 1.3436 us/op
WorkloadPilot    5: 256 op, 265807.00 ns, 1.0383 us/op
WorkloadPilot    6: 512 op, 421868.00 ns, 823.9609 ns/op
WorkloadPilot    7: 1024 op, 883191.00 ns, 862.4912 ns/op
WorkloadPilot    8: 2048 op, 1763135.00 ns, 860.9058 ns/op
WorkloadPilot    9: 4096 op, 3598134.00 ns, 878.4507 ns/op
WorkloadPilot   10: 8192 op, 7318527.00 ns, 893.3749 ns/op
WorkloadPilot   11: 16384 op, 13148402.00 ns, 802.5148 ns/op
WorkloadPilot   12: 32768 op, 27476088.00 ns, 838.5037 ns/op
WorkloadPilot   13: 65536 op, 46371901.00 ns, 707.5791 ns/op
WorkloadPilot   14: 131072 op, 102071754.00 ns, 778.7457 ns/op
WorkloadPilot   15: 262144 op, 92257934.00 ns, 351.9361 ns/op
WorkloadPilot   16: 524288 op, 185892450.00 ns, 354.5617 ns/op
WorkloadPilot   17: 1048576 op, 388657502.00 ns, 370.6527 ns/op
WorkloadPilot   18: 2097152 op, 757401199.00 ns, 361.1570 ns/op

OverheadWarmup   1: 2097152 op, 5595558.00 ns, 2.6682 ns/op
OverheadWarmup   2: 2097152 op, 5683732.00 ns, 2.7102 ns/op
OverheadWarmup   3: 2097152 op, 5633378.00 ns, 2.6862 ns/op
OverheadWarmup   4: 2097152 op, 5593834.00 ns, 2.6673 ns/op
OverheadWarmup   5: 2097152 op, 5644769.00 ns, 2.6916 ns/op
OverheadWarmup   6: 2097152 op, 5571944.00 ns, 2.6569 ns/op

OverheadActual   1: 2097152 op, 5639770.00 ns, 2.6893 ns/op
OverheadActual   2: 2097152 op, 5661050.00 ns, 2.6994 ns/op
OverheadActual   3: 2097152 op, 5603512.00 ns, 2.6720 ns/op
OverheadActual   4: 2097152 op, 5661851.00 ns, 2.6998 ns/op
OverheadActual   5: 2097152 op, 7546733.00 ns, 3.5986 ns/op
OverheadActual   6: 2097152 op, 7830424.00 ns, 3.7338 ns/op
OverheadActual   7: 2097152 op, 5626866.00 ns, 2.6831 ns/op
OverheadActual   8: 2097152 op, 5731050.00 ns, 2.7328 ns/op
OverheadActual   9: 2097152 op, 5694923.00 ns, 2.7156 ns/op
OverheadActual  10: 2097152 op, 5617638.00 ns, 2.6787 ns/op
OverheadActual  11: 2097152 op, 5629721.00 ns, 2.6845 ns/op
OverheadActual  12: 2097152 op, 5588003.00 ns, 2.6646 ns/op
OverheadActual  13: 2097152 op, 5606859.00 ns, 2.6736 ns/op
OverheadActual  14: 2097152 op, 5646973.00 ns, 2.6927 ns/op
OverheadActual  15: 2097152 op, 5629270.00 ns, 2.6842 ns/op

WorkloadWarmup   1: 2097152 op, 755491134.00 ns, 360.2462 ns/op
WorkloadWarmup   2: 2097152 op, 761813358.00 ns, 363.2609 ns/op
WorkloadWarmup   3: 2097152 op, 758271000.00 ns, 361.5718 ns/op
WorkloadWarmup   4: 2097152 op, 741213987.00 ns, 353.4384 ns/op
WorkloadWarmup   5: 2097152 op, 736501080.00 ns, 351.1911 ns/op
WorkloadWarmup   6: 2097152 op, 741657066.00 ns, 353.6496 ns/op
WorkloadWarmup   7: 2097152 op, 742076280.00 ns, 353.8495 ns/op
WorkloadWarmup   8: 2097152 op, 742913775.00 ns, 354.2489 ns/op
WorkloadWarmup   9: 2097152 op, 743743779.00 ns, 354.6447 ns/op
WorkloadWarmup  10: 2097152 op, 757892013.00 ns, 361.3911 ns/op
WorkloadWarmup  11: 2097152 op, 768391434.00 ns, 366.3976 ns/op
WorkloadWarmup  12: 2097152 op, 768485721.00 ns, 366.4425 ns/op
WorkloadWarmup  13: 2097152 op, 748712428.00 ns, 357.0139 ns/op

// BeforeActualRun
WorkloadActual   1: 2097152 op, 755082007.00 ns, 360.0512 ns/op
WorkloadActual   2: 2097152 op, 747058896.00 ns, 356.2254 ns/op
WorkloadActual   3: 2097152 op, 759502698.00 ns, 362.1591 ns/op
WorkloadActual   4: 2097152 op, 752485429.00 ns, 358.8130 ns/op
WorkloadActual   5: 2097152 op, 755901816.00 ns, 360.4421 ns/op
WorkloadActual   6: 2097152 op, 765516364.00 ns, 365.0266 ns/op
WorkloadActual   7: 2097152 op, 766576048.00 ns, 365.5319 ns/op
WorkloadActual   8: 2097152 op, 771330272.00 ns, 367.7989 ns/op
WorkloadActual   9: 2097152 op, 766259395.00 ns, 365.3810 ns/op
WorkloadActual  10: 2097152 op, 750588414.00 ns, 357.9084 ns/op
WorkloadActual  11: 2097152 op, 757381775.00 ns, 361.1478 ns/op
WorkloadActual  12: 2097152 op, 761814198.00 ns, 363.2613 ns/op
WorkloadActual  13: 2097152 op, 750522881.00 ns, 357.8772 ns/op
WorkloadActual  14: 2097152 op, 754888781.00 ns, 359.9590 ns/op
WorkloadActual  15: 2097152 op, 767712744.00 ns, 366.0740 ns/op

// AfterActualRun
WorkloadResult   1: 2097152 op, 749442237.00 ns, 357.3619 ns/op
WorkloadResult   2: 2097152 op, 741419126.00 ns, 353.5362 ns/op
WorkloadResult   3: 2097152 op, 753862928.00 ns, 359.4699 ns/op
WorkloadResult   4: 2097152 op, 746845659.00 ns, 356.1238 ns/op
WorkloadResult   5: 2097152 op, 750262046.00 ns, 357.7528 ns/op
WorkloadResult   6: 2097152 op, 759876594.00 ns, 362.3374 ns/op
WorkloadResult   7: 2097152 op, 760936278.00 ns, 362.8427 ns/op
WorkloadResult   8: 2097152 op, 765690502.00 ns, 365.1097 ns/op
WorkloadResult   9: 2097152 op, 760619625.00 ns, 362.6917 ns/op
WorkloadResult  10: 2097152 op, 744948644.00 ns, 355.2192 ns/op
WorkloadResult  11: 2097152 op, 751742005.00 ns, 358.4585 ns/op
WorkloadResult  12: 2097152 op, 756174428.00 ns, 360.5721 ns/op
WorkloadResult  13: 2097152 op, 744883111.00 ns, 355.1879 ns/op
WorkloadResult  14: 2097152 op, 749249011.00 ns, 357.2698 ns/op
WorkloadResult  15: 2097152 op, 762072974.00 ns, 363.3847 ns/op
// GC:  71 0 0 1191182368 2097152
// Threading:  0 0 2097152

// AfterAll
// Benchmark Process 4664 has exited with code 0.

Mean = 359.155 ns, StdErr = 0.907 ns (0.25%), N = 15, StdDev = 3.514 ns
Min = 353.536 ns, Q1 = 356.697 ns, Median = 358.459 ns, Q3 = 362.515 ns, Max = 365.110 ns
IQR = 5.818 ns, LowerFence = 347.970 ns, UpperFence = 371.241 ns
ConfidenceInterval = [355.398 ns; 362.911 ns] (CI 99.9%), Margin = 3.757 ns (1.05% of Mean)
Skewness = 0.11, Kurtosis = 1.58, MValue = 2

// ** Remained 30 (55.6 %) benchmark(s) to run. Estimated finish 2026-08-30 8:09 (0h 5m from now) **
// Build Error: Standard output: 
  
 Standard error: 
 /usr/share/dotnet/sdk/10.0.400/Microsoft.Common.CurrentVersion.targets(1891,5): error : Project '/home/runner/work/dotnet-concurrency/dotnet-concurrency/benchmarks/EricksonLopez.Concurrency.Benchmarks/EricksonLopez.Concurrency.Benchmarks.csproj' targets 'net10.0'. It cannot be referenced by a project that targets '.NETCoreApp,Version=v8.0'. [/home/runner/work/dotnet-concurrency/dotnet-concurrency/benchmarks/EricksonLopez.Concurrency.Benchmarks/bin/Release/net10.0/EricksonLopez.Concurrency.Benchmarks-.NET 8.0-2/BenchmarkDotNet.Autogenerated.csproj::TargetFramework=net8.0]
Build FAILED.
/usr/share/dotnet/sdk/10.0.400/Microsoft.Common.CurrentVersion.targets(1891,5): error : Project '/home/runner/work/dotnet-concurrency/dotnet-concurrency/benchmarks/EricksonLopez.Concurrency.Benchmarks/EricksonLopez.Concurrency.Benchmarks.csproj' targets 'net10.0'. It cannot be referenced by a project that targets '.NETCoreApp,Version=v8.0'. [/home/runner/work/dotnet-concurrency/dotnet-concurrency/benchmarks/EricksonLopez.Concurrency.Benchmarks/bin/Release/net10.0/EricksonLopez.Concurrency.Benchmarks-.NET 8.0-2/BenchmarkDotNet.Autogenerated.csproj::TargetFramework=net8.0]
    0 Warning(s)
    1 Error(s)
Time Elapsed 00:00:01.42

// BenchmarkDotNet has failed to build the auto-generated boilerplate code.
// It can be found in /home/runner/work/dotnet-concurrency/dotnet-concurrency/benchmarks/EricksonLopez.Concurrency.Benchmarks/bin/Release/net10.0/EricksonLopez.Concurrency.Benchmarks-.NET 8.0-2
// Please follow the troubleshooting guide: https://benchmarkdotnet.org/articles/guides/troubleshooting.html

// ** Remained 29 (53.7 %) benchmark(s) to run. Estimated finish 2026-08-30 8:09 (0h 5m from now) **
// Build Error: Standard output: 
  
 Standard error: 
 /usr/share/dotnet/sdk/10.0.400/Microsoft.Common.CurrentVersion.targets(1891,5): error : Project '/home/runner/work/dotnet-concurrency/dotnet-concurrency/benchmarks/EricksonLopez.Concurrency.Benchmarks/EricksonLopez.Concurrency.Benchmarks.csproj' targets 'net10.0'. It cannot be referenced by a project that targets '.NETCoreApp,Version=v8.0'. [/home/runner/work/dotnet-concurrency/dotnet-concurrency/benchmarks/EricksonLopez.Concurrency.Benchmarks/bin/Release/net10.0/EricksonLopez.Concurrency.Benchmarks-.NET 8.0-2/BenchmarkDotNet.Autogenerated.csproj::TargetFramework=net8.0]
Build FAILED.
/usr/share/dotnet/sdk/10.0.400/Microsoft.Common.CurrentVersion.targets(1891,5): error : Project '/home/runner/work/dotnet-concurrency/dotnet-concurrency/benchmarks/EricksonLopez.Concurrency.Benchmarks/EricksonLopez.Concurrency.Benchmarks.csproj' targets 'net10.0'. It cannot be referenced by a project that targets '.NETCoreApp,Version=v8.0'. [/home/runner/work/dotnet-concurrency/dotnet-concurrency/benchmarks/EricksonLopez.Concurrency.Benchmarks/bin/Release/net10.0/EricksonLopez.Concurrency.Benchmarks-.NET 8.0-2/BenchmarkDotNet.Autogenerated.csproj::TargetFramework=net8.0]
    0 Warning(s)
    1 Error(s)
Time Elapsed 00:00:01.42

// BenchmarkDotNet has failed to build the auto-generated boilerplate code.
// It can be found in /home/runner/work/dotnet-concurrency/dotnet-concurrency/benchmarks/EricksonLopez.Concurrency.Benchmarks/bin/Release/net10.0/EricksonLopez.Concurrency.Benchmarks-.NET 8.0-2
// Please follow the troubleshooting guide: https://benchmarkdotnet.org/articles/guides/troubleshooting.html

// ** Remained 28 (51.9 %) benchmark(s) to run. Estimated finish 2026-08-30 8:08 (0h 4m from now) **
// Build Error: Standard output: 
  
 Standard error: 
 /usr/share/dotnet/sdk/10.0.400/Microsoft.Common.CurrentVersion.targets(1891,5): error : Project '/home/runner/work/dotnet-concurrency/dotnet-concurrency/benchmarks/EricksonLopez.Concurrency.Benchmarks/EricksonLopez.Concurrency.Benchmarks.csproj' targets 'net10.0'. It cannot be referenced by a project that targets '.NETCoreApp,Version=v8.0'. [/home/runner/work/dotnet-concurrency/dotnet-concurrency/benchmarks/EricksonLopez.Concurrency.Benchmarks/bin/Release/net10.0/EricksonLopez.Concurrency.Benchmarks-.NET 8.0-2/BenchmarkDotNet.Autogenerated.csproj::TargetFramework=net8.0]
Build FAILED.
/usr/share/dotnet/sdk/10.0.400/Microsoft.Common.CurrentVersion.targets(1891,5): error : Project '/home/runner/work/dotnet-concurrency/dotnet-concurrency/benchmarks/EricksonLopez.Concurrency.Benchmarks/EricksonLopez.Concurrency.Benchmarks.csproj' targets 'net10.0'. It cannot be referenced by a project that targets '.NETCoreApp,Version=v8.0'. [/home/runner/work/dotnet-concurrency/dotnet-concurrency/benchmarks/EricksonLopez.Concurrency.Benchmarks/bin/Release/net10.0/EricksonLopez.Concurrency.Benchmarks-.NET 8.0-2/BenchmarkDotNet.Autogenerated.csproj::TargetFramework=net8.0]
    0 Warning(s)
    1 Error(s)
Time Elapsed 00:00:01.42

// BenchmarkDotNet has failed to build the auto-generated boilerplate code.
// It can be found in /home/runner/work/dotnet-concurrency/dotnet-concurrency/benchmarks/EricksonLopez.Concurrency.Benchmarks/bin/Release/net10.0/EricksonLopez.Concurrency.Benchmarks-.NET 8.0-2
// Please follow the troubleshooting guide: https://benchmarkdotnet.org/articles/guides/troubleshooting.html

// ** Remained 27 (50.0 %) benchmark(s) to run. Estimated finish 2026-08-30 8:08 (0h 4m from now) **
// Build Error: Standard output: 
  
 Standard error: 
 /usr/share/dotnet/sdk/10.0.400/Microsoft.Common.CurrentVersion.targets(1891,5): error : Project '/home/runner/work/dotnet-concurrency/dotnet-concurrency/benchmarks/EricksonLopez.Concurrency.Benchmarks/EricksonLopez.Concurrency.Benchmarks.csproj' targets 'net10.0'. It cannot be referenced by a project that targets '.NETCoreApp,Version=v9.0'. [/home/runner/work/dotnet-concurrency/dotnet-concurrency/benchmarks/EricksonLopez.Concurrency.Benchmarks/bin/Release/net10.0/EricksonLopez.Concurrency.Benchmarks-.NET 9.0-3/BenchmarkDotNet.Autogenerated.csproj::TargetFramework=net9.0]
Build FAILED.
/usr/share/dotnet/sdk/10.0.400/Microsoft.Common.CurrentVersion.targets(1891,5): error : Project '/home/runner/work/dotnet-concurrency/dotnet-concurrency/benchmarks/EricksonLopez.Concurrency.Benchmarks/EricksonLopez.Concurrency.Benchmarks.csproj' targets 'net10.0'. It cannot be referenced by a project that targets '.NETCoreApp,Version=v9.0'. [/home/runner/work/dotnet-concurrency/dotnet-concurrency/benchmarks/EricksonLopez.Concurrency.Benchmarks/bin/Release/net10.0/EricksonLopez.Concurrency.Benchmarks-.NET 9.0-3/BenchmarkDotNet.Autogenerated.csproj::TargetFramework=net9.0]
    0 Warning(s)
    1 Error(s)
Time Elapsed 00:00:01.38

// BenchmarkDotNet has failed to build the auto-generated boilerplate code.
// It can be found in /home/runner/work/dotnet-concurrency/dotnet-concurrency/benchmarks/EricksonLopez.Concurrency.Benchmarks/bin/Release/net10.0/EricksonLopez.Concurrency.Benchmarks-.NET 9.0-3
// Please follow the troubleshooting guide: https://benchmarkdotnet.org/articles/guides/troubleshooting.html

// ** Remained 26 (48.1 %) benchmark(s) to run. Estimated finish 2026-08-30 8:08 (0h 4m from now) **
// Build Error: Standard output: 
  
 Standard error: 
 /usr/share/dotnet/sdk/10.0.400/Microsoft.Common.CurrentVersion.targets(1891,5): error : Project '/home/runner/work/dotnet-concurrency/dotnet-concurrency/benchmarks/EricksonLopez.Concurrency.Benchmarks/EricksonLopez.Concurrency.Benchmarks.csproj' targets 'net10.0'. It cannot be referenced by a project that targets '.NETCoreApp,Version=v9.0'. [/home/runner/work/dotnet-concurrency/dotnet-concurrency/benchmarks/EricksonLopez.Concurrency.Benchmarks/bin/Release/net10.0/EricksonLopez.Concurrency.Benchmarks-.NET 9.0-3/BenchmarkDotNet.Autogenerated.csproj::TargetFramework=net9.0]
Build FAILED.
/usr/share/dotnet/sdk/10.0.400/Microsoft.Common.CurrentVersion.targets(1891,5): error : Project '/home/runner/work/dotnet-concurrency/dotnet-concurrency/benchmarks/EricksonLopez.Concurrency.Benchmarks/EricksonLopez.Concurrency.Benchmarks.csproj' targets 'net10.0'. It cannot be referenced by a project that targets '.NETCoreApp,Version=v9.0'. [/home/runner/work/dotnet-concurrency/dotnet-concurrency/benchmarks/EricksonLopez.Concurrency.Benchmarks/bin/Release/net10.0/EricksonLopez.Concurrency.Benchmarks-.NET 9.0-3/BenchmarkDotNet.Autogenerated.csproj::TargetFramework=net9.0]
    0 Warning(s)
    1 Error(s)
Time Elapsed 00:00:01.38

// BenchmarkDotNet has failed to build the auto-generated boilerplate code.
// It can be found in /home/runner/work/dotnet-concurrency/dotnet-concurrency/benchmarks/EricksonLopez.Concurrency.Benchmarks/bin/Release/net10.0/EricksonLopez.Concurrency.Benchmarks-.NET 9.0-3
// Please follow the troubleshooting guide: https://benchmarkdotnet.org/articles/guides/troubleshooting.html

// ** Remained 25 (46.3 %) benchmark(s) to run. Estimated finish 2026-08-30 8:07 (0h 3m from now) **
// Build Error: Standard output: 
  
 Standard error: 
 /usr/share/dotnet/sdk/10.0.400/Microsoft.Common.CurrentVersion.targets(1891,5): error : Project '/home/runner/work/dotnet-concurrency/dotnet-concurrency/benchmarks/EricksonLopez.Concurrency.Benchmarks/EricksonLopez.Concurrency.Benchmarks.csproj' targets 'net10.0'. It cannot be referenced by a project that targets '.NETCoreApp,Version=v9.0'. [/home/runner/work/dotnet-concurrency/dotnet-concurrency/benchmarks/EricksonLopez.Concurrency.Benchmarks/bin/Release/net10.0/EricksonLopez.Concurrency.Benchmarks-.NET 9.0-3/BenchmarkDotNet.Autogenerated.csproj::TargetFramework=net9.0]
Build FAILED.
/usr/share/dotnet/sdk/10.0.400/Microsoft.Common.CurrentVersion.targets(1891,5): error : Project '/home/runner/work/dotnet-concurrency/dotnet-concurrency/benchmarks/EricksonLopez.Concurrency.Benchmarks/EricksonLopez.Concurrency.Benchmarks.csproj' targets 'net10.0'. It cannot be referenced by a project that targets '.NETCoreApp,Version=v9.0'. [/home/runner/work/dotnet-concurrency/dotnet-concurrency/benchmarks/EricksonLopez.Concurrency.Benchmarks/bin/Release/net10.0/EricksonLopez.Concurrency.Benchmarks-.NET 9.0-3/BenchmarkDotNet.Autogenerated.csproj::TargetFramework=net9.0]
    0 Warning(s)
    1 Error(s)
Time Elapsed 00:00:01.38

// BenchmarkDotNet has failed to build the auto-generated boilerplate code.
// It can be found in /home/runner/work/dotnet-concurrency/dotnet-concurrency/benchmarks/EricksonLopez.Concurrency.Benchmarks/bin/Release/net10.0/EricksonLopez.Concurrency.Benchmarks-.NET 9.0-3
// Please follow the troubleshooting guide: https://benchmarkdotnet.org/articles/guides/troubleshooting.html

// ** Remained 24 (44.4 %) benchmark(s) to run. Estimated finish 2026-08-30 8:07 (0h 3m from now) **
// ***** BenchmarkRunner: Finish  *****

// * Export *
  benchmarks/results/results/EricksonLopez.Concurrency.Benchmarks.OptimisticContentionBenchmarks-report.csv
  benchmarks/results/results/EricksonLopez.Concurrency.Benchmarks.OptimisticContentionBenchmarks-report-github.md
  benchmarks/results/results/EricksonLopez.Concurrency.Benchmarks.OptimisticContentionBenchmarks-report.html
  benchmarks/results/results/EricksonLopez.Concurrency.Benchmarks.OptimisticContentionBenchmarks-report-full-compressed.json
  benchmarks/results/results/EricksonLopez.Concurrency.Benchmarks.OptimisticContentionBenchmarks-report-default.md

// * Detailed results *
OptimisticContentionBenchmarks.SingleWorkerUncontendedCas: .NET 10.0(Runtime=.NET 10.0, Toolchain=net10.0)
Runtime = .NET 10.0.11 (10.0.11, 10.0.1126.37416), X64 RyuJIT x86-64-v3; GC = Concurrent Workstation
Mean = 200.396 ns, StdErr = 0.053 ns (0.03%), N = 14, StdDev = 0.198 ns
Min = 199.969 ns, Q1 = 200.341 ns, Median = 200.394 ns, Q3 = 200.469 ns, Max = 200.729 ns
IQR = 0.128 ns, LowerFence = 200.150 ns, UpperFence = 200.660 ns
ConfidenceInterval = [200.173 ns; 200.620 ns] (CI 99.9%), Margin = 0.224 ns (0.11% of Mean)
Skewness = -0.28, Kurtosis = 2.65, MValue = 2
-------------------- Histogram --------------------
[199.861 ns ; 200.837 ns) | @@@@@@@@@@@@@@
---------------------------------------------------

OptimisticContentionBenchmarks.ParallelContentionFourWorkers: .NET 10.0(Runtime=.NET 10.0, Toolchain=net10.0)
Runtime = .NET 10.0.11 (10.0.11, 10.0.1126.37416), X64 RyuJIT x86-64-v3; GC = Concurrent Workstation
Mean = 2.745 μs, StdErr = 0.016 μs (0.57%), N = 58, StdDev = 0.120 μs
Min = 2.618 μs, Q1 = 2.654 μs, Median = 2.689 μs, Q3 = 2.823 μs, Max = 3.110 μs
IQR = 0.169 μs, LowerFence = 2.401 μs, UpperFence = 3.076 μs
ConfidenceInterval = [2.690 μs; 2.800 μs] (CI 99.9%), Margin = 0.055 μs (1.99% of Mean)
Skewness = 1.26, Kurtosis = 3.82, MValue = 2.06
-------------------- Histogram --------------------
[2.577 μs ; 2.711 μs) | @@@@@@@@@@@@@@@@@@@@@@@@@@@@@@@@@@
[2.711 μs ; 2.792 μs) | @@@@@@@
[2.792 μs ; 2.873 μs) | @@@@@@@@@
[2.873 μs ; 2.959 μs) | @@@@@
[2.959 μs ; 3.032 μs) | 
[3.032 μs ; 3.113 μs) | @@@
---------------------------------------------------

OptimisticContentionBenchmarks.VersionPreconditionMismatchEvaluation: .NET 10.0(Runtime=.NET 10.0, Toolchain=net10.0)
Runtime = .NET 10.0.11 (10.0.11, 10.0.1126.37416), X64 RyuJIT x86-64-v3; GC = Concurrent Workstation
Mean = 359.155 ns, StdErr = 0.907 ns (0.25%), N = 15, StdDev = 3.514 ns
Min = 353.536 ns, Q1 = 356.697 ns, Median = 358.459 ns, Q3 = 362.515 ns, Max = 365.110 ns
IQR = 5.818 ns, LowerFence = 347.970 ns, UpperFence = 371.241 ns
ConfidenceInterval = [355.398 ns; 362.911 ns] (CI 99.9%), Margin = 3.757 ns (1.05% of Mean)
Skewness = 0.11, Kurtosis = 1.58, MValue = 2
-------------------- Histogram --------------------
[353.255 ns ; 366.980 ns) | @@@@@@@@@@@@@@@
---------------------------------------------------

OptimisticContentionBenchmarks.SingleWorkerUncontendedCas: .NET 8.0(Runtime=.NET 8.0, Toolchain=net8.0)
Runtime = ; GC = 
There are not any results runs

OptimisticContentionBenchmarks.ParallelContentionFourWorkers: .NET 8.0(Runtime=.NET 8.0, Toolchain=net8.0)
Runtime = ; GC = 
There are not any results runs

OptimisticContentionBenchmarks.VersionPreconditionMismatchEvaluation: .NET 8.0(Runtime=.NET 8.0, Toolchain=net8.0)
Runtime = ; GC = 
There are not any results runs

OptimisticContentionBenchmarks.SingleWorkerUncontendedCas: .NET 9.0(Runtime=.NET 9.0, Toolchain=net9.0)
Runtime = ; GC = 
There are not any results runs

OptimisticContentionBenchmarks.ParallelContentionFourWorkers: .NET 9.0(Runtime=.NET 9.0, Toolchain=net9.0)
Runtime = ; GC = 
There are not any results runs

OptimisticContentionBenchmarks.VersionPreconditionMismatchEvaluation: .NET 9.0(Runtime=.NET 9.0, Toolchain=net9.0)
Runtime = ; GC = 
There are not any results runs

// * Summary *

BenchmarkDotNet v0.15.8, Linux Ubuntu 24.04.4 LTS (Noble Numbat)
AMD EPYC 7763 2.45GHz, 1 CPU, 4 logical and 2 physical cores
.NET SDK 10.0.400
  [Host]    : .NET 10.0.11 (10.0.11, 10.0.1126.37416), X64 RyuJIT x86-64-v3
  .NET 10.0 : .NET 10.0.11 (10.0.11, 10.0.1126.37416), X64 RyuJIT x86-64-v3


| Method                                | Job       | Runtime   | Mean       | Error    | StdDev    | Median     | Ratio | RatioSD | Gen0   | Allocated | Alloc Ratio |
|-------------------------------------- |---------- |---------- |-----------:|---------:|----------:|-----------:|------:|--------:|-------:|----------:|------------:|
| SingleWorkerUncontendedCas            | .NET 10.0 | .NET 10.0 |   200.4 ns |  0.22 ns |   0.20 ns |   200.4 ns |     ? |       ? | 0.0029 |      48 B |           ? |
| ParallelContentionFourWorkers         | .NET 10.0 | .NET 10.0 | 2,745.0 ns | 54.58 ns | 119.80 ns | 2,689.4 ns |     ? |       ? | 0.0572 |     976 B |           ? |
| VersionPreconditionMismatchEvaluation | .NET 10.0 | .NET 10.0 |   359.2 ns |  3.76 ns |   3.51 ns |   358.5 ns |     ? |       ? | 0.0339 |     568 B |           ? |
| SingleWorkerUncontendedCas            | .NET 8.0  | .NET 8.0  |         NA |       NA |        NA |         NA |     ? |       ? |     NA |        NA |           ? |
| ParallelContentionFourWorkers         | .NET 8.0  | .NET 8.0  |         NA |       NA |        NA |         NA |     ? |       ? |     NA |        NA |           ? |
| VersionPreconditionMismatchEvaluation | .NET 8.0  | .NET 8.0  |         NA |       NA |        NA |         NA |     ? |       ? |     NA |        NA |           ? |
| SingleWorkerUncontendedCas            | .NET 9.0  | .NET 9.0  |         NA |       NA |        NA |         NA |     ? |       ? |     NA |        NA |           ? |
| ParallelContentionFourWorkers         | .NET 9.0  | .NET 9.0  |         NA |       NA |        NA |         NA |     ? |       ? |     NA |        NA |           ? |
| VersionPreconditionMismatchEvaluation | .NET 9.0  | .NET 9.0  |         NA |       NA |        NA |         NA |     ? |       ? |     NA |        NA |           ? |

Benchmarks with issues:
  OptimisticContentionBenchmarks.SingleWorkerUncontendedCas: .NET 8.0(Runtime=.NET 8.0, Toolchain=net8.0)
  OptimisticContentionBenchmarks.ParallelContentionFourWorkers: .NET 8.0(Runtime=.NET 8.0, Toolchain=net8.0)
  OptimisticContentionBenchmarks.VersionPreconditionMismatchEvaluation: .NET 8.0(Runtime=.NET 8.0, Toolchain=net8.0)
  OptimisticContentionBenchmarks.SingleWorkerUncontendedCas: .NET 9.0(Runtime=.NET 9.0, Toolchain=net9.0)
  OptimisticContentionBenchmarks.ParallelContentionFourWorkers: .NET 9.0(Runtime=.NET 9.0, Toolchain=net9.0)
  OptimisticContentionBenchmarks.VersionPreconditionMismatchEvaluation: .NET 9.0(Runtime=.NET 9.0, Toolchain=net9.0)

// * Warnings *
BaselineCustomAnalyzer
  Summary -> A question mark '?' symbol indicates that it was not possible to compute the (Ratio, RatioSD, Alloc Ratio) column(s) because the baseline or benchmark could not be found, or the baseline value is too close to zero.

// * Hints *
Outliers
  OptimisticContentionBenchmarks.SingleWorkerUncontendedCas: .NET 10.0    -> 1 outlier  was  removed, 2 outliers were detected (202.87 ns, 203.97 ns)
  OptimisticContentionBenchmarks.ParallelContentionFourWorkers: .NET 10.0 -> 3 outliers were removed (3.16 μs..3.33 μs)

// * Legends *
  Mean        : Arithmetic mean of all measurements
  Error       : Half of 99.9% confidence interval
  StdDev      : Standard deviation of all measurements
  Median      : Value separating the higher half of all measurements (50th percentile)
  Ratio       : Mean of the ratio distribution ([Current]/[Baseline])
  RatioSD     : Standard deviation of the ratio distribution ([Current]/[Baseline])
  Gen0        : GC Generation 0 collects per 1000 operations
  Allocated   : Allocated memory per single operation (managed only, inclusive, 1KB = 1024B)
  Alloc Ratio : Allocated memory ratio distribution ([Current]/[Baseline])
  1 ns        : 1 Nanosecond (0.000000001 sec)

// * Diagnostic Output - MemoryDiagnoser *


// ***** BenchmarkRunner: End *****
Run time: 00:01:37 (97.63 sec), executed benchmarks: 3

// Found 24 benchmarks:
//   TokenAllocationBenchmarks.CreateStructVersion: .NET 10.0(Runtime=.NET 10.0, Toolchain=net10.0)
//   TokenAllocationBenchmarks.CreateStructToken: .NET 10.0(Runtime=.NET 10.0, Toolchain=net10.0)
//   TokenAllocationBenchmarks.CreateExpectedVersionSpecific: .NET 10.0(Runtime=.NET 10.0, Toolchain=net10.0)
//   TokenAllocationBenchmarks.TryParseSpanVersion: .NET 10.0(Runtime=.NET 10.0, Toolchain=net10.0)
//   TokenAllocationBenchmarks.TryParseStringVersion: .NET 10.0(Runtime=.NET 10.0, Toolchain=net10.0)
//   TokenAllocationBenchmarks.FormatVersionToString: .NET 10.0(Runtime=.NET 10.0, Toolchain=net10.0)
//   TokenAllocationBenchmarks.CompareTokensValueEquality: .NET 10.0(Runtime=.NET 10.0, Toolchain=net10.0)
//   TokenAllocationBenchmarks.CheckExpectedMatchesActual: .NET 10.0(Runtime=.NET 10.0, Toolchain=net10.0)
//   TokenAllocationBenchmarks.CreateStructVersion: .NET 8.0(Runtime=.NET 8.0, Toolchain=net8.0)
//   TokenAllocationBenchmarks.CreateStructToken: .NET 8.0(Runtime=.NET 8.0, Toolchain=net8.0)
//   TokenAllocationBenchmarks.CreateExpectedVersionSpecific: .NET 8.0(Runtime=.NET 8.0, Toolchain=net8.0)
//   TokenAllocationBenchmarks.TryParseSpanVersion: .NET 8.0(Runtime=.NET 8.0, Toolchain=net8.0)
//   TokenAllocationBenchmarks.TryParseStringVersion: .NET 8.0(Runtime=.NET 8.0, Toolchain=net8.0)
//   TokenAllocationBenchmarks.FormatVersionToString: .NET 8.0(Runtime=.NET 8.0, Toolchain=net8.0)
//   TokenAllocationBenchmarks.CompareTokensValueEquality: .NET 8.0(Runtime=.NET 8.0, Toolchain=net8.0)
//   TokenAllocationBenchmarks.CheckExpectedMatchesActual: .NET 8.0(Runtime=.NET 8.0, Toolchain=net8.0)
//   TokenAllocationBenchmarks.CreateStructVersion: .NET 9.0(Runtime=.NET 9.0, Toolchain=net9.0)
//   TokenAllocationBenchmarks.CreateStructToken: .NET 9.0(Runtime=.NET 9.0, Toolchain=net9.0)
//   TokenAllocationBenchmarks.CreateExpectedVersionSpecific: .NET 9.0(Runtime=.NET 9.0, Toolchain=net9.0)
//   TokenAllocationBenchmarks.TryParseSpanVersion: .NET 9.0(Runtime=.NET 9.0, Toolchain=net9.0)
//   TokenAllocationBenchmarks.TryParseStringVersion: .NET 9.0(Runtime=.NET 9.0, Toolchain=net9.0)
//   TokenAllocationBenchmarks.FormatVersionToString: .NET 9.0(Runtime=.NET 9.0, Toolchain=net9.0)
//   TokenAllocationBenchmarks.CompareTokensValueEquality: .NET 9.0(Runtime=.NET 9.0, Toolchain=net9.0)
//   TokenAllocationBenchmarks.CheckExpectedMatchesActual: .NET 9.0(Runtime=.NET 9.0, Toolchain=net9.0)

// **************************
// Benchmark: TokenAllocationBenchmarks.CreateStructVersion: .NET 10.0(Runtime=.NET 10.0, Toolchain=net10.0)
// *** Execute ***
// Launch: 1 / 1
// Execute: dotnet "EricksonLopez.Concurrency.Benchmarks-.NET 10.0-1.dll" --anonymousPipes 121 122 --benchmarkName EricksonLopez.Concurrency.Benchmarks.TokenAllocationBenchmarks.CreateStructVersion --job ".NET 10.0" --benchmarkId 10 in /home/runner/work/dotnet-concurrency/dotnet-concurrency/benchmarks/EricksonLopez.Concurrency.Benchmarks/bin/Release/net10.0/EricksonLopez.Concurrency.Benchmarks-.NET 10.0-1/bin/Release/net10.0
// Failed to set up high priority (Permission denied). In order to run benchmarks with high priority, make sure you have the right permissions.
// BeforeAnythingElse

// Benchmark Process Environment Information:
// BenchmarkDotNet v0.15.8
// Runtime=.NET 10.0.11 (10.0.11, 10.0.1126.37416), X64 RyuJIT x86-64-v3
// GC=Concurrent Workstation
// HardwareIntrinsics=AVX2+BMI1+BMI2+F16C+FMA+LZCNT+MOVBE,AVX,SSE3+SSSE3+SSE4.1+SSE4.2+POPCNT,X86Base+SSE+SSE2,AES+PCLMUL VectorSize=256
// Job: .NET 10.0

OverheadJitting  1: 1 op, 245799.00 ns, 245.7990 us/op
WorkloadJitting  1: 1 op, 245158.00 ns, 245.1580 us/op

OverheadJitting  2: 16 op, 208691.00 ns, 13.0432 us/op
WorkloadJitting  2: 16 op, 215392.00 ns, 13.4620 us/op

WorkloadPilot    1: 16 op, 651.00 ns, 40.6875 ns/op
WorkloadPilot    2: 32 op, 641.00 ns, 20.0313 ns/op
WorkloadPilot    3: 64 op, 791.00 ns, 12.3594 ns/op
WorkloadPilot    4: 128 op, 1002.00 ns, 7.8281 ns/op
WorkloadPilot    5: 256 op, 1493.00 ns, 5.8320 ns/op
WorkloadPilot    6: 512 op, 2514.00 ns, 4.9102 ns/op
WorkloadPilot    7: 1024 op, 4548.00 ns, 4.4414 ns/op
WorkloadPilot    8: 2048 op, 8586.00 ns, 4.1924 ns/op
WorkloadPilot    9: 4096 op, 16511.00 ns, 4.0310 ns/op
WorkloadPilot   10: 8192 op, 32501.00 ns, 3.9674 ns/op
WorkloadPilot   11: 16384 op, 64501.00 ns, 3.9368 ns/op
WorkloadPilot   12: 32768 op, 148298.00 ns, 4.5257 ns/op
WorkloadPilot   13: 65536 op, 256530.00 ns, 3.9143 ns/op
WorkloadPilot   14: 131072 op, 528428.00 ns, 4.0316 ns/op
WorkloadPilot   15: 262144 op, 1054022.00 ns, 4.0208 ns/op
WorkloadPilot   16: 524288 op, 2085531.00 ns, 3.9778 ns/op
WorkloadPilot   17: 1048576 op, 4160862.00 ns, 3.9681 ns/op
WorkloadPilot   18: 2097152 op, 8321074.00 ns, 3.9678 ns/op
WorkloadPilot   19: 4194304 op, 16535859.00 ns, 3.9425 ns/op
WorkloadPilot   20: 8388608 op, 33342735.00 ns, 3.9748 ns/op
WorkloadPilot   21: 16777216 op, 67532374.00 ns, 4.0252 ns/op
WorkloadPilot   22: 33554432 op, 89099685.00 ns, 2.6554 ns/op
WorkloadPilot   23: 67108864 op, 110414763.00 ns, 1.6453 ns/op
WorkloadPilot   24: 134217728 op, 219426703.00 ns, 1.6349 ns/op
WorkloadPilot   25: 268435456 op, 438789325.00 ns, 1.6346 ns/op
WorkloadPilot   26: 536870912 op, 878156241.00 ns, 1.6357 ns/op

OverheadWarmup   1: 536870912 op, 1490154863.00 ns, 2.7756 ns/op
OverheadWarmup   2: 536870912 op, 878284211.00 ns, 1.6359 ns/op
OverheadWarmup   3: 536870912 op, 1032461048.00 ns, 1.9231 ns/op
OverheadWarmup   4: 536870912 op, 880253294.00 ns, 1.6396 ns/op
OverheadWarmup   5: 536870912 op, 877889643.00 ns, 1.6352 ns/op
OverheadWarmup   6: 536870912 op, 877848334.00 ns, 1.6351 ns/op
OverheadWarmup   7: 536870912 op, 898014177.00 ns, 1.6727 ns/op
OverheadWarmup   8: 536870912 op, 879722313.00 ns, 1.6386 ns/op

OverheadActual   1: 536870912 op, 878477214.00 ns, 1.6363 ns/op
OverheadActual   2: 536870912 op, 944426442.00 ns, 1.7591 ns/op
OverheadActual   3: 536870912 op, 878008907.00 ns, 1.6354 ns/op
OverheadActual   4: 536870912 op, 878071785.00 ns, 1.6355 ns/op
OverheadActual   5: 536870912 op, 881447731.00 ns, 1.6418 ns/op
OverheadActual   6: 536870912 op, 877077896.00 ns, 1.6337 ns/op
OverheadActual   7: 536870912 op, 877770089.00 ns, 1.6350 ns/op
OverheadActual   8: 536870912 op, 878008931.00 ns, 1.6354 ns/op
OverheadActual   9: 536870912 op, 877450857.00 ns, 1.6344 ns/op
OverheadActual  10: 536870912 op, 879600678.00 ns, 1.6384 ns/op
OverheadActual  11: 536870912 op, 878175954.00 ns, 1.6357 ns/op
OverheadActual  12: 536870912 op, 880065027.00 ns, 1.6392 ns/op
OverheadActual  13: 536870912 op, 877718118.00 ns, 1.6349 ns/op
OverheadActual  14: 536870912 op, 878711436.00 ns, 1.6367 ns/op
OverheadActual  15: 536870912 op, 877848671.00 ns, 1.6351 ns/op

WorkloadWarmup   1: 536870912 op, 877602656.00 ns, 1.6347 ns/op
WorkloadWarmup   2: 536870912 op, 878003225.00 ns, 1.6354 ns/op
WorkloadWarmup   3: 536870912 op, 878007012.00 ns, 1.6354 ns/op
WorkloadWarmup   4: 536870912 op, 879363816.00 ns, 1.6379 ns/op
WorkloadWarmup   5: 536870912 op, 889938678.00 ns, 1.6576 ns/op
WorkloadWarmup   6: 536870912 op, 879580712.00 ns, 1.6383 ns/op
WorkloadWarmup   7: 536870912 op, 879572877.00 ns, 1.6383 ns/op
WorkloadWarmup   8: 536870912 op, 878605007.00 ns, 1.6365 ns/op
WorkloadWarmup   9: 536870912 op, 878923001.00 ns, 1.6371 ns/op
WorkloadWarmup  10: 536870912 op, 881508005.00 ns, 1.6419 ns/op
WorkloadWarmup  11: 536870912 op, 878685895.00 ns, 1.6367 ns/op

// BeforeActualRun
WorkloadActual   1: 536870912 op, 878180840.00 ns, 1.6357 ns/op
WorkloadActual   2: 536870912 op, 879607780.00 ns, 1.6384 ns/op
WorkloadActual   3: 536870912 op, 878115688.00 ns, 1.6356 ns/op
WorkloadActual   4: 536870912 op, 878320932.00 ns, 1.6360 ns/op
WorkloadActual   5: 536870912 op, 878165141.00 ns, 1.6357 ns/op
WorkloadActual   6: 536870912 op, 878516267.00 ns, 1.6364 ns/op
WorkloadActual   7: 536870912 op, 878374172.00 ns, 1.6361 ns/op
WorkloadActual   8: 536870912 op, 877654853.00 ns, 1.6348 ns/op
WorkloadActual   9: 536870912 op, 886095662.00 ns, 1.6505 ns/op
WorkloadActual  10: 536870912 op, 877967680.00 ns, 1.6353 ns/op
WorkloadActual  11: 536870912 op, 878299171.00 ns, 1.6360 ns/op
WorkloadActual  12: 536870912 op, 894753097.00 ns, 1.6666 ns/op
WorkloadActual  13: 536870912 op, 877394400.00 ns, 1.6343 ns/op
WorkloadActual  14: 536870912 op, 877870090.00 ns, 1.6352 ns/op
WorkloadActual  15: 536870912 op, 879435087.00 ns, 1.6381 ns/op

// AfterActualRun
WorkloadResult   1: 536870912 op, 109055.00 ns, 0.0002 ns/op
WorkloadResult   2: 536870912 op, 1535995.00 ns, 0.0029 ns/op
WorkloadResult   3: 536870912 op, 43903.00 ns, 0.0001 ns/op
WorkloadResult   4: 536870912 op, 249147.00 ns, 0.0005 ns/op
WorkloadResult   5: 536870912 op, 93356.00 ns, 0.0002 ns/op
WorkloadResult   6: 536870912 op, 444482.00 ns, 0.0008 ns/op
WorkloadResult   7: 536870912 op, 302387.00 ns, 0.0006 ns/op
WorkloadResult   8: 536870912 op, 0.00 ns, 0.0000 ns/op
WorkloadResult   9: 536870912 op, 0.00 ns, 0.0000 ns/op
WorkloadResult  10: 536870912 op, 227386.00 ns, 0.0004 ns/op
WorkloadResult  11: 536870912 op, 0.00 ns, 0.0000 ns/op
WorkloadResult  12: 536870912 op, 0.00 ns, 0.0000 ns/op
WorkloadResult  13: 536870912 op, 1363302.00 ns, 0.0025 ns/op
// GC:  0 0 0 32 536870912
// Threading:  0 0 536870912

// AfterAll
// Benchmark Process 4683 has exited with code 0.

Mean = 0.001 ns, StdErr = 0.000 ns (42.45%), N = 13, StdDev = 0.001 ns
Min = 0.000 ns, Q1 = 0.000 ns, Median = 0.000 ns, Q3 = 0.001 ns, Max = 0.003 ns
IQR = 0.001 ns, LowerFence = -0.001 ns, UpperFence = 0.001 ns
ConfidenceInterval = [-0.001 ns; 0.002 ns] (CI 99.9%), Margin = 0.001 ns (183.28% of Mean)
Skewness = 1.47, Kurtosis = 3.57, MValue = 2

// ** Remained 23 (42.6 %) benchmark(s) to run. Estimated finish 2026-08-30 8:08 (0h 3m from now) **
// **************************
// Benchmark: TokenAllocationBenchmarks.CreateStructToken: .NET 10.0(Runtime=.NET 10.0, Toolchain=net10.0)
// *** Execute ***
// Launch: 1 / 1
// Execute: dotnet "EricksonLopez.Concurrency.Benchmarks-.NET 10.0-1.dll" --anonymousPipes 121 122 --benchmarkName EricksonLopez.Concurrency.Benchmarks.TokenAllocationBenchmarks.CreateStructToken --job ".NET 10.0" --benchmarkId 11 in /home/runner/work/dotnet-concurrency/dotnet-concurrency/benchmarks/EricksonLopez.Concurrency.Benchmarks/bin/Release/net10.0/EricksonLopez.Concurrency.Benchmarks-.NET 10.0-1/bin/Release/net10.0
// Failed to set up high priority (Permission denied). In order to run benchmarks with high priority, make sure you have the right permissions.
// BeforeAnythingElse

// Benchmark Process Environment Information:
// BenchmarkDotNet v0.15.8
// Runtime=.NET 10.0.11 (10.0.11, 10.0.1126.37416), X64 RyuJIT x86-64-v3
// GC=Concurrent Workstation
// HardwareIntrinsics=AVX2+BMI1+BMI2+F16C+FMA+LZCNT+MOVBE,AVX,SSE3+SSSE3+SSE4.1+SSE4.2+POPCNT,X86Base+SSE+SSE2,AES+PCLMUL VectorSize=256
// Job: .NET 10.0

OverheadJitting  1: 1 op, 247433.00 ns, 247.4330 us/op
WorkloadJitting  1: 1 op, 230170.00 ns, 230.1700 us/op

OverheadJitting  2: 16 op, 208540.00 ns, 13.0338 us/op
WorkloadJitting  2: 16 op, 237815.00 ns, 14.8634 us/op

WorkloadPilot    1: 16 op, 892.00 ns, 55.7500 ns/op
WorkloadPilot    2: 32 op, 962.00 ns, 30.0625 ns/op
WorkloadPilot    3: 64 op, 1272.00 ns, 19.8750 ns/op
WorkloadPilot    4: 128 op, 1854.00 ns, 14.4844 ns/op
WorkloadPilot    5: 256 op, 3156.00 ns, 12.3281 ns/op
WorkloadPilot    6: 512 op, 5790.00 ns, 11.3086 ns/op
WorkloadPilot    7: 1024 op, 10740.00 ns, 10.4883 ns/op
WorkloadPilot    8: 2048 op, 20558.00 ns, 10.0381 ns/op
WorkloadPilot    9: 4096 op, 40295.00 ns, 9.8376 ns/op
WorkloadPilot   10: 8192 op, 79720.00 ns, 9.7314 ns/op
WorkloadPilot   11: 16384 op, 189724.00 ns, 11.5798 ns/op
WorkloadPilot   12: 32768 op, 316663.00 ns, 9.6638 ns/op
WorkloadPilot   13: 65536 op, 660476.00 ns, 10.0781 ns/op
WorkloadPilot   14: 131072 op, 1291966.00 ns, 9.8569 ns/op
WorkloadPilot   15: 262144 op, 2588813.00 ns, 9.8755 ns/op
WorkloadPilot   16: 524288 op, 5160003.00 ns, 9.8419 ns/op
WorkloadPilot   17: 1048576 op, 10220189.00 ns, 9.7467 ns/op
WorkloadPilot   18: 2097152 op, 20582986.00 ns, 9.8147 ns/op
WorkloadPilot   19: 4194304 op, 40834893.00 ns, 9.7358 ns/op
WorkloadPilot   20: 8388608 op, 82374505.00 ns, 9.8198 ns/op
WorkloadPilot   21: 16777216 op, 61170296.00 ns, 3.6460 ns/op
WorkloadPilot   22: 33554432 op, 94701446.00 ns, 2.8223 ns/op
WorkloadPilot   23: 67108864 op, 188646851.00 ns, 2.8111 ns/op
WorkloadPilot   24: 134217728 op, 377506362.00 ns, 2.8126 ns/op
WorkloadPilot   25: 268435456 op, 758153579.00 ns, 2.8243 ns/op

OverheadWarmup   1: 268435456 op, 717483574.00 ns, 2.6728 ns/op
OverheadWarmup   2: 268435456 op, 438947926.00 ns, 1.6352 ns/op
OverheadWarmup   3: 268435456 op, 438880170.00 ns, 1.6350 ns/op
OverheadWarmup   4: 268435456 op, 439439596.00 ns, 1.6370 ns/op
OverheadWarmup   5: 268435456 op, 438914334.00 ns, 1.6351 ns/op
OverheadWarmup   6: 268435456 op, 440292071.00 ns, 1.6402 ns/op
OverheadWarmup   7: 268435456 op, 438846526.00 ns, 1.6348 ns/op

OverheadActual   1: 268435456 op, 439952847.00 ns, 1.6390 ns/op
OverheadActual   2: 268435456 op, 438923772.00 ns, 1.6351 ns/op
OverheadActual   3: 268435456 op, 439641825.00 ns, 1.6378 ns/op
OverheadActual   4: 268435456 op, 439161437.00 ns, 1.6360 ns/op
OverheadActual   5: 268435456 op, 439074764.00 ns, 1.6357 ns/op
OverheadActual   6: 268435456 op, 439500921.00 ns, 1.6373 ns/op
OverheadActual   7: 268435456 op, 438909425.00 ns, 1.6351 ns/op
OverheadActual   8: 268435456 op, 439456505.00 ns, 1.6371 ns/op
OverheadActual   9: 268435456 op, 438725867.00 ns, 1.6344 ns/op
OverheadActual  10: 268435456 op, 442610183.00 ns, 1.6489 ns/op
OverheadActual  11: 268435456 op, 438961799.00 ns, 1.6353 ns/op
OverheadActual  12: 268435456 op, 439636300.00 ns, 1.6378 ns/op
OverheadActual  13: 268435456 op, 438601906.00 ns, 1.6339 ns/op
OverheadActual  14: 268435456 op, 438539109.00 ns, 1.6337 ns/op
OverheadActual  15: 268435456 op, 440644366.00 ns, 1.6415 ns/op

WorkloadWarmup   1: 268435456 op, 756376201.00 ns, 2.8177 ns/op
WorkloadWarmup   2: 268435456 op, 755379186.00 ns, 2.8140 ns/op
WorkloadWarmup   3: 268435456 op, 756216481.00 ns, 2.8171 ns/op
WorkloadWarmup   4: 268435456 op, 755916270.00 ns, 2.8160 ns/op
WorkloadWarmup   5: 268435456 op, 755739760.00 ns, 2.8153 ns/op
WorkloadWarmup   6: 268435456 op, 754991731.00 ns, 2.8126 ns/op
WorkloadWarmup   7: 268435456 op, 756021069.00 ns, 2.8164 ns/op
WorkloadWarmup   8: 268435456 op, 756194932.00 ns, 2.8170 ns/op
WorkloadWarmup   9: 268435456 op, 755745662.00 ns, 2.8154 ns/op

// BeforeActualRun
WorkloadActual   1: 268435456 op, 754799143.00 ns, 2.8118 ns/op
WorkloadActual   2: 268435456 op, 755969611.00 ns, 2.8162 ns/op
WorkloadActual   3: 268435456 op, 755620718.00 ns, 2.8149 ns/op
WorkloadActual   4: 268435456 op, 758670749.00 ns, 2.8263 ns/op
WorkloadActual   5: 268435456 op, 754675642.00 ns, 2.8114 ns/op
WorkloadActual   6: 268435456 op, 758211501.00 ns, 2.8246 ns/op
WorkloadActual   7: 268435456 op, 760365043.00 ns, 2.8326 ns/op
WorkloadActual   8: 268435456 op, 756762021.00 ns, 2.8192 ns/op
WorkloadActual   9: 268435456 op, 756098760.00 ns, 2.8167 ns/op
WorkloadActual  10: 268435456 op, 756279356.00 ns, 2.8174 ns/op
WorkloadActual  11: 268435456 op, 756117435.00 ns, 2.8168 ns/op
WorkloadActual  12: 268435456 op, 755726206.00 ns, 2.8153 ns/op
WorkloadActual  13: 268435456 op, 755360769.00 ns, 2.8139 ns/op
WorkloadActual  14: 268435456 op, 756304633.00 ns, 2.8175 ns/op
WorkloadActual  15: 268435456 op, 758100441.00 ns, 2.8241 ns/op

// AfterActualRun
WorkloadResult   1: 268435456 op, 315637706.00 ns, 1.1758 ns/op
WorkloadResult   2: 268435456 op, 316808174.00 ns, 1.1802 ns/op
WorkloadResult   3: 268435456 op, 316459281.00 ns, 1.1789 ns/op
WorkloadResult   4: 268435456 op, 319509312.00 ns, 1.1903 ns/op
WorkloadResult   5: 268435456 op, 315514205.00 ns, 1.1754 ns/op
WorkloadResult   6: 268435456 op, 319050064.00 ns, 1.1886 ns/op
WorkloadResult   7: 268435456 op, 317600584.00 ns, 1.1832 ns/op
WorkloadResult   8: 268435456 op, 316937323.00 ns, 1.1807 ns/op
WorkloadResult   9: 268435456 op, 317117919.00 ns, 1.1814 ns/op
WorkloadResult  10: 268435456 op, 316955998.00 ns, 1.1808 ns/op
WorkloadResult  11: 268435456 op, 316564769.00 ns, 1.1793 ns/op
WorkloadResult  12: 268435456 op, 316199332.00 ns, 1.1779 ns/op
WorkloadResult  13: 268435456 op, 317143196.00 ns, 1.1815 ns/op
WorkloadResult  14: 268435456 op, 318939004.00 ns, 1.1881 ns/op
// GC:  0 0 0 0 268435456
// Threading:  0 0 268435456

// AfterAll
// Benchmark Process 4703 has exited with code 0.

Mean = 1.182 ns, StdErr = 0.001 ns (0.10%), N = 14, StdDev = 0.005 ns
Min = 1.175 ns, Q1 = 1.179 ns, Median = 1.181 ns, Q3 = 1.183 ns, Max = 1.190 ns
IQR = 0.004 ns, LowerFence = 1.173 ns, UpperFence = 1.188 ns
ConfidenceInterval = [1.176 ns; 1.187 ns] (CI 99.9%), Margin = 0.005 ns (0.44% of Mean)
Skewness = 0.59, Kurtosis = 2.12, MValue = 2

// ** Remained 22 (40.7 %) benchmark(s) to run. Estimated finish 2026-08-30 8:09 (0h 4m from now) **
// **************************
// Benchmark: TokenAllocationBenchmarks.CreateExpectedVersionSpecific: .NET 10.0(Runtime=.NET 10.0, Toolchain=net10.0)
// *** Execute ***
// Launch: 1 / 1
// Execute: dotnet "EricksonLopez.Concurrency.Benchmarks-.NET 10.0-1.dll" --anonymousPipes 121 122 --benchmarkName EricksonLopez.Concurrency.Benchmarks.TokenAllocationBenchmarks.CreateExpectedVersionSpecific --job ".NET 10.0" --benchmarkId 12 in /home/runner/work/dotnet-concurrency/dotnet-concurrency/benchmarks/EricksonLopez.Concurrency.Benchmarks/bin/Release/net10.0/EricksonLopez.Concurrency.Benchmarks-.NET 10.0-1/bin/Release/net10.0
// Failed to set up high priority (Permission denied). In order to run benchmarks with high priority, make sure you have the right permissions.
// BeforeAnythingElse

// Benchmark Process Environment Information:
// BenchmarkDotNet v0.15.8
// Runtime=.NET 10.0.11 (10.0.11, 10.0.1126.37416), X64 RyuJIT x86-64-v3
// GC=Concurrent Workstation
// HardwareIntrinsics=AVX2+BMI1+BMI2+F16C+FMA+LZCNT+MOVBE,AVX,SSE3+SSSE3+SSE4.1+SSE4.2+POPCNT,X86Base+SSE+SSE2,AES+PCLMUL VectorSize=256
// Job: .NET 10.0

OverheadJitting  1: 1 op, 219891.00 ns, 219.8910 us/op
WorkloadJitting  1: 1 op, 251400.00 ns, 251.4000 us/op

OverheadJitting  2: 16 op, 209152.00 ns, 13.0720 us/op
WorkloadJitting  2: 16 op, 273271.00 ns, 17.0794 us/op

WorkloadPilot    1: 16 op, 3286.00 ns, 205.3750 ns/op
WorkloadPilot    2: 32 op, 1603.00 ns, 50.0938 ns/op
WorkloadPilot    3: 64 op, 1393.00 ns, 21.7656 ns/op
WorkloadPilot    4: 128 op, 2235.00 ns, 17.4609 ns/op
WorkloadPilot    5: 256 op, 4038.00 ns, 15.7734 ns/op
WorkloadPilot    6: 512 op, 7895.00 ns, 15.4199 ns/op
WorkloadPilot    7: 1024 op, 14707.00 ns, 14.3623 ns/op
WorkloadPilot    8: 2048 op, 28714.00 ns, 14.0205 ns/op
WorkloadPilot    9: 4096 op, 56676.00 ns, 13.8369 ns/op
WorkloadPilot   10: 8192 op, 142737.00 ns, 17.4240 ns/op
WorkloadPilot   11: 16384 op, 225161.00 ns, 13.7427 ns/op
WorkloadPilot   12: 32768 op, 451995.00 ns, 13.7938 ns/op
WorkloadPilot   13: 65536 op, 923127.00 ns, 14.0858 ns/op
WorkloadPilot   14: 131072 op, 1847716.00 ns, 14.0970 ns/op
WorkloadPilot   15: 262144 op, 3657311.00 ns, 13.9515 ns/op
WorkloadPilot   16: 524288 op, 7292481.00 ns, 13.9093 ns/op
WorkloadPilot   17: 1048576 op, 14576695.00 ns, 13.9014 ns/op
WorkloadPilot   18: 2097152 op, 29016054.00 ns, 13.8359 ns/op
WorkloadPilot   19: 4194304 op, 58109603.00 ns, 13.8544 ns/op
WorkloadPilot   20: 8388608 op, 74778382.00 ns, 8.9143 ns/op
WorkloadPilot   21: 16777216 op, 27487826.00 ns, 1.6384 ns/op
WorkloadPilot   22: 33554432 op, 54854986.00 ns, 1.6348 ns/op
WorkloadPilot   23: 67108864 op, 109730440.00 ns, 1.6351 ns/op
WorkloadPilot   24: 134217728 op, 222130877.00 ns, 1.6550 ns/op
WorkloadPilot   25: 268435456 op, 438725503.00 ns, 1.6344 ns/op
WorkloadPilot   26: 536870912 op, 877755620.00 ns, 1.6349 ns/op

OverheadWarmup   1: 536870912 op, 1491179133.00 ns, 2.7775 ns/op
OverheadWarmup   2: 536870912 op, 878394293.00 ns, 1.6361 ns/op
OverheadWarmup   3: 536870912 op, 879005401.00 ns, 1.6373 ns/op
OverheadWarmup   4: 536870912 op, 878627494.00 ns, 1.6366 ns/op
OverheadWarmup   5: 536870912 op, 877824092.00 ns, 1.6351 ns/op
OverheadWarmup   6: 536870912 op, 877709017.00 ns, 1.6349 ns/op
OverheadWarmup   7: 536870912 op, 877866822.00 ns, 1.6352 ns/op
OverheadWarmup   8: 536870912 op, 877741949.00 ns, 1.6349 ns/op

OverheadActual   1: 536870912 op, 884269806.00 ns, 1.6471 ns/op
OverheadActual   2: 536870912 op, 880643298.00 ns, 1.6403 ns/op
OverheadActual   3: 536870912 op, 877971755.00 ns, 1.6353 ns/op
OverheadActual   4: 536870912 op, 878511575.00 ns, 1.6364 ns/op
OverheadActual   5: 536870912 op, 878408161.00 ns, 1.6362 ns/op
OverheadActual   6: 536870912 op, 877831774.00 ns, 1.6351 ns/op
OverheadActual   7: 536870912 op, 878384336.00 ns, 1.6361 ns/op
OverheadActual   8: 536870912 op, 877772784.00 ns, 1.6350 ns/op
OverheadActual   9: 536870912 op, 878740522.00 ns, 1.6368 ns/op
OverheadActual  10: 536870912 op, 877468497.00 ns, 1.6344 ns/op
OverheadActual  11: 536870912 op, 877967567.00 ns, 1.6353 ns/op
OverheadActual  12: 536870912 op, 877901995.00 ns, 1.6352 ns/op
OverheadActual  13: 536870912 op, 880232591.00 ns, 1.6396 ns/op
OverheadActual  14: 536870912 op, 877869444.00 ns, 1.6352 ns/op
OverheadActual  15: 536870912 op, 877195534.00 ns, 1.6339 ns/op

WorkloadWarmup   1: 536870912 op, 879737967.00 ns, 1.6386 ns/op
WorkloadWarmup   2: 536870912 op, 877533476.00 ns, 1.6345 ns/op
WorkloadWarmup   3: 536870912 op, 877572589.00 ns, 1.6346 ns/op
WorkloadWarmup   4: 536870912 op, 877954028.00 ns, 1.6353 ns/op
WorkloadWarmup   5: 536870912 op, 877960933.00 ns, 1.6353 ns/op
WorkloadWarmup   6: 536870912 op, 877818196.00 ns, 1.6351 ns/op
WorkloadWarmup   7: 536870912 op, 879584940.00 ns, 1.6384 ns/op
WorkloadWarmup   8: 536870912 op, 877546167.00 ns, 1.6346 ns/op

// BeforeActualRun
WorkloadActual   1: 536870912 op, 878132884.00 ns, 1.6356 ns/op
WorkloadActual   2: 536870912 op, 877130270.00 ns, 1.6338 ns/op
WorkloadActual   3: 536870912 op, 877058726.00 ns, 1.6336 ns/op
WorkloadActual   4: 536870912 op, 878198557.00 ns, 1.6358 ns/op
WorkloadActual   5: 536870912 op, 878913171.00 ns, 1.6371 ns/op
WorkloadActual   6: 536870912 op, 877348673.00 ns, 1.6342 ns/op
WorkloadActual   7: 536870912 op, 877136276.00 ns, 1.6338 ns/op
WorkloadActual   8: 536870912 op, 877672458.00 ns, 1.6348 ns/op
WorkloadActual   9: 536870912 op, 877600784.00 ns, 1.6347 ns/op
WorkloadActual  10: 536870912 op, 876961910.00 ns, 1.6335 ns/op
WorkloadActual  11: 536870912 op, 877723283.00 ns, 1.6349 ns/op
WorkloadActual  12: 536870912 op, 877170860.00 ns, 1.6339 ns/op
WorkloadActual  13: 536870912 op, 879902137.00 ns, 1.6389 ns/op
WorkloadActual  14: 536870912 op, 877978684.00 ns, 1.6354 ns/op
WorkloadActual  15: 536870912 op, 878258550.00 ns, 1.6359 ns/op

// AfterActualRun
WorkloadResult   1: 536870912 op, 161129.00 ns, 0.0003 ns/op
WorkloadResult   2: 536870912 op, 0.00 ns, 0.0000 ns/op
WorkloadResult   3: 536870912 op, 0.00 ns, 0.0000 ns/op
WorkloadResult   4: 536870912 op, 226802.00 ns, 0.0004 ns/op
WorkloadResult   5: 536870912 op, 941416.00 ns, 0.0018 ns/op
WorkloadResult   6: 536870912 op, 0.00 ns, 0.0000 ns/op
WorkloadResult   7: 536870912 op, 0.00 ns, 0.0000 ns/op
WorkloadResult   8: 536870912 op, 0.00 ns, 0.0000 ns/op
WorkloadResult   9: 536870912 op, 0.00 ns, 0.0000 ns/op
WorkloadResult  10: 536870912 op, 0.00 ns, 0.0000 ns/op
WorkloadResult  11: 536870912 op, 0.00 ns, 0.0000 ns/op
WorkloadResult  12: 536870912 op, 0.00 ns, 0.0000 ns/op
WorkloadResult  13: 536870912 op, 6929.00 ns, 0.0000 ns/op
WorkloadResult  14: 536870912 op, 286795.00 ns, 0.0005 ns/op
// GC:  0 0 0 32 536870912
// Threading:  0 0 536870912

// AfterAll
// Benchmark Process 4719 has exited with code 0.

Mean = 0.000 ns, StdErr = 0.000 ns (59.22%), N = 14, StdDev = 0.000 ns
Min = 0.000 ns, Q1 = 0.000 ns, Median = 0.000 ns, Q3 = 0.000 ns, Max = 0.002 ns
IQR = 0.000 ns, LowerFence = -0.000 ns, UpperFence = 0.001 ns
ConfidenceInterval = [-0.000 ns; 0.001 ns] (CI 99.9%), Margin = 0.001 ns (249.95% of Mean)
Skewness = 2.33, Kurtosis = 7.66, MValue = 2.4

// ** Remained 21 (38.9 %) benchmark(s) to run. Estimated finish 2026-08-30 8:10 (0h 4m from now) **
// **************************
// Benchmark: TokenAllocationBenchmarks.TryParseSpanVersion: .NET 10.0(Runtime=.NET 10.0, Toolchain=net10.0)
// *** Execute ***
// Launch: 1 / 1
// Execute: dotnet "EricksonLopez.Concurrency.Benchmarks-.NET 10.0-1.dll" --anonymousPipes 121 122 --benchmarkName EricksonLopez.Concurrency.Benchmarks.TokenAllocationBenchmarks.TryParseSpanVersion --job ".NET 10.0" --benchmarkId 13 in /home/runner/work/dotnet-concurrency/dotnet-concurrency/benchmarks/EricksonLopez.Concurrency.Benchmarks/bin/Release/net10.0/EricksonLopez.Concurrency.Benchmarks-.NET 10.0-1/bin/Release/net10.0
// Failed to set up high priority (Permission denied). In order to run benchmarks with high priority, make sure you have the right permissions.
// BeforeAnythingElse

// Benchmark Process Environment Information:
// BenchmarkDotNet v0.15.8
// Runtime=.NET 10.0.11 (10.0.11, 10.0.1126.37416), X64 RyuJIT x86-64-v3
// GC=Concurrent Workstation
// HardwareIntrinsics=AVX2+BMI1+BMI2+F16C+FMA+LZCNT+MOVBE,AVX,SSE3+SSSE3+SSE4.1+SSE4.2+POPCNT,X86Base+SSE+SSE2,AES+PCLMUL VectorSize=256
// Job: .NET 10.0

OverheadJitting  1: 1 op, 202820.00 ns, 202.8200 us/op
WorkloadJitting  1: 1 op, 401752.00 ns, 401.7520 us/op

OverheadJitting  2: 16 op, 374961.00 ns, 23.4351 us/op
WorkloadJitting  2: 16 op, 368820.00 ns, 23.0513 us/op

WorkloadPilot    1: 16 op, 2274.00 ns, 142.1250 ns/op
WorkloadPilot    2: 32 op, 2735.00 ns, 85.4688 ns/op
WorkloadPilot    3: 64 op, 3838.00 ns, 59.9688 ns/op
WorkloadPilot    4: 128 op, 5911.00 ns, 46.1797 ns/op
WorkloadPilot    5: 256 op, 10300.00 ns, 40.2344 ns/op
WorkloadPilot    6: 512 op, 19036.00 ns, 37.1797 ns/op
WorkloadPilot    7: 1024 op, 36429.00 ns, 35.5752 ns/op
WorkloadPilot    8: 2048 op, 73528.00 ns, 35.9023 ns/op
WorkloadPilot    9: 4096 op, 147256.00 ns, 35.9512 ns/op
WorkloadPilot   10: 8192 op, 295953.00 ns, 36.1271 ns/op
WorkloadPilot   11: 16384 op, 586217.00 ns, 35.7798 ns/op
WorkloadPilot   12: 32768 op, 1169797.00 ns, 35.6994 ns/op
WorkloadPilot   13: 65536 op, 2295493.00 ns, 35.0264 ns/op
WorkloadPilot   14: 131072 op, 4549256.00 ns, 34.7081 ns/op
WorkloadPilot   15: 262144 op, 9133288.00 ns, 34.8407 ns/op
WorkloadPilot   16: 524288 op, 18198880.00 ns, 34.7116 ns/op
WorkloadPilot   17: 1048576 op, 36309314.00 ns, 34.6273 ns/op
WorkloadPilot   18: 2097152 op, 72492783.00 ns, 34.5673 ns/op
WorkloadPilot   19: 4194304 op, 96304939.00 ns, 22.9609 ns/op
WorkloadPilot   20: 8388608 op, 135189438.00 ns, 16.1158 ns/op
WorkloadPilot   21: 16777216 op, 290872717.00 ns, 17.3374 ns/op
WorkloadPilot   22: 33554432 op, 538277465.00 ns, 16.0419 ns/op

OverheadWarmup   1: 33554432 op, 77771263.00 ns, 2.3178 ns/op
OverheadWarmup   2: 33554432 op, 77656498.00 ns, 2.3143 ns/op
OverheadWarmup   3: 33554432 op, 86318776.00 ns, 2.5725 ns/op
OverheadWarmup   4: 33554432 op, 62765124.00 ns, 1.8705 ns/op
OverheadWarmup   5: 33554432 op, 63556494.00 ns, 1.8941 ns/op
OverheadWarmup   6: 33554432 op, 62257294.00 ns, 1.8554 ns/op

OverheadActual   1: 33554432 op, 63332645.00 ns, 1.8875 ns/op
OverheadActual   2: 33554432 op, 62695343.00 ns, 1.8685 ns/op
OverheadActual   3: 33554432 op, 62503985.00 ns, 1.8628 ns/op
OverheadActual   4: 33554432 op, 62766346.00 ns, 1.8706 ns/op
OverheadActual   5: 33554432 op, 63318468.00 ns, 1.8870 ns/op
OverheadActual   6: 33554432 op, 63166844.00 ns, 1.8825 ns/op
OverheadActual   7: 33554432 op, 63284685.00 ns, 1.8860 ns/op
OverheadActual   8: 33554432 op, 63094570.00 ns, 1.8804 ns/op
OverheadActual   9: 33554432 op, 62943006.00 ns, 1.8758 ns/op
OverheadActual  10: 33554432 op, 62830967.00 ns, 1.8725 ns/op
OverheadActual  11: 33554432 op, 62904785.00 ns, 1.8747 ns/op
OverheadActual  12: 33554432 op, 62458110.00 ns, 1.8614 ns/op
OverheadActual  13: 33554432 op, 62770664.00 ns, 1.8707 ns/op
OverheadActual  14: 33554432 op, 62974255.00 ns, 1.8768 ns/op
OverheadActual  15: 33554432 op, 63129885.00 ns, 1.8814 ns/op

WorkloadWarmup   1: 33554432 op, 539764286.00 ns, 16.0862 ns/op
WorkloadWarmup   2: 33554432 op, 539327309.00 ns, 16.0732 ns/op
WorkloadWarmup   3: 33554432 op, 538599587.00 ns, 16.0515 ns/op
WorkloadWarmup   4: 33554432 op, 539532503.00 ns, 16.0793 ns/op
WorkloadWarmup   5: 33554432 op, 542505516.00 ns, 16.1679 ns/op
WorkloadWarmup   6: 33554432 op, 545003879.00 ns, 16.2424 ns/op
WorkloadWarmup   7: 33554432 op, 535124935.00 ns, 15.9480 ns/op
WorkloadWarmup   8: 33554432 op, 537147207.00 ns, 16.0082 ns/op
WorkloadWarmup   9: 33554432 op, 538872554.00 ns, 16.0597 ns/op
WorkloadWarmup  10: 33554432 op, 540008909.00 ns, 16.0935 ns/op
WorkloadWarmup  11: 33554432 op, 538827881.00 ns, 16.0583 ns/op

// BeforeActualRun
WorkloadActual   1: 33554432 op, 539370565.00 ns, 16.0745 ns/op
WorkloadActual   2: 33554432 op, 538602900.00 ns, 16.0516 ns/op
WorkloadActual   3: 33554432 op, 539936123.00 ns, 16.0914 ns/op
WorkloadActual   4: 33554432 op, 540997068.00 ns, 16.1230 ns/op
WorkloadActual   5: 33554432 op, 538302277.00 ns, 16.0427 ns/op
WorkloadActual   6: 33554432 op, 538811160.00 ns, 16.0578 ns/op
WorkloadActual   7: 33554432 op, 538162917.00 ns, 16.0385 ns/op
WorkloadActual   8: 33554432 op, 539662493.00 ns, 16.0832 ns/op
WorkloadActual   9: 33554432 op, 539109982.00 ns, 16.0667 ns/op
WorkloadActual  10: 33554432 op, 553256038.00 ns, 16.4883 ns/op
WorkloadActual  11: 33554432 op, 552164581.00 ns, 16.4558 ns/op
WorkloadActual  12: 33554432 op, 539093731.00 ns, 16.0662 ns/op
WorkloadActual  13: 33554432 op, 534659469.00 ns, 15.9341 ns/op
WorkloadActual  14: 33554432 op, 540019833.00 ns, 16.0938 ns/op
WorkloadActual  15: 33554432 op, 559442955.00 ns, 16.6727 ns/op

// AfterActualRun
WorkloadResult   1: 33554432 op, 476427559.00 ns, 14.1986 ns/op
WorkloadResult   2: 33554432 op, 475659894.00 ns, 14.1758 ns/op
WorkloadResult   3: 33554432 op, 476993117.00 ns, 14.2155 ns/op
WorkloadResult   4: 33554432 op, 478054062.00 ns, 14.2471 ns/op
WorkloadResult   5: 33554432 op, 475359271.00 ns, 14.1668 ns/op
WorkloadResult   6: 33554432 op, 475868154.00 ns, 14.1820 ns/op
WorkloadResult   7: 33554432 op, 475219911.00 ns, 14.1627 ns/op
WorkloadResult   8: 33554432 op, 476719487.00 ns, 14.2073 ns/op
WorkloadResult   9: 33554432 op, 476166976.00 ns, 14.1909 ns/op
WorkloadResult  10: 33554432 op, 476150725.00 ns, 14.1904 ns/op
WorkloadResult  11: 33554432 op, 471716463.00 ns, 14.0582 ns/op
WorkloadResult  12: 33554432 op, 477076827.00 ns, 14.2180 ns/op
// GC:  0 0 0 0 33554432
// Threading:  0 0 33554432

// AfterAll
// Benchmark Process 4740 has exited with code 0.

Mean = 14.184 ns, StdErr = 0.013 ns (0.09%), N = 12, StdDev = 0.046 ns
Min = 14.058 ns, Q1 = 14.174 ns, Median = 14.191 ns, Q3 = 14.209 ns, Max = 14.247 ns
IQR = 0.036 ns, LowerFence = 14.120 ns, UpperFence = 14.263 ns
ConfidenceInterval = [14.125 ns; 14.244 ns] (CI 99.9%), Margin = 0.059 ns (0.42% of Mean)
Skewness = -1.42, Kurtosis = 4.92, MValue = 2

// ** Remained 20 (37.0 %) benchmark(s) to run. Estimated finish 2026-08-30 8:10 (0h 4m from now) **
// **************************
// Benchmark: TokenAllocationBenchmarks.TryParseStringVersion: .NET 10.0(Runtime=.NET 10.0, Toolchain=net10.0)
// *** Execute ***
// Launch: 1 / 1
// Execute: dotnet "EricksonLopez.Concurrency.Benchmarks-.NET 10.0-1.dll" --anonymousPipes 121 122 --benchmarkName EricksonLopez.Concurrency.Benchmarks.TokenAllocationBenchmarks.TryParseStringVersion --job ".NET 10.0" --benchmarkId 14 in /home/runner/work/dotnet-concurrency/dotnet-concurrency/benchmarks/EricksonLopez.Concurrency.Benchmarks/bin/Release/net10.0/EricksonLopez.Concurrency.Benchmarks-.NET 10.0-1/bin/Release/net10.0
// Failed to set up high priority (Permission denied). In order to run benchmarks with high priority, make sure you have the right permissions.
// BeforeAnythingElse

// Benchmark Process Environment Information:
// BenchmarkDotNet v0.15.8
// Runtime=.NET 10.0.11 (10.0.11, 10.0.1126.37416), X64 RyuJIT x86-64-v3
// GC=Concurrent Workstation
// HardwareIntrinsics=AVX2+BMI1+BMI2+F16C+FMA+LZCNT+MOVBE,AVX,SSE3+SSSE3+SSE4.1+SSE4.2+POPCNT,X86Base+SSE+SSE2,AES+PCLMUL VectorSize=256
// Job: .NET 10.0

OverheadJitting  1: 1 op, 206987.00 ns, 206.9870 us/op
WorkloadJitting  1: 1 op, 435844.00 ns, 435.8440 us/op

OverheadJitting  2: 16 op, 357960.00 ns, 22.3725 us/op
WorkloadJitting  2: 16 op, 350946.00 ns, 21.9341 us/op

WorkloadPilot    1: 16 op, 2394.00 ns, 149.6250 ns/op
WorkloadPilot    2: 32 op, 2936.00 ns, 91.7500 ns/op
WorkloadPilot    3: 64 op, 3897.00 ns, 60.8906 ns/op
WorkloadPilot    4: 128 op, 6302.00 ns, 49.2344 ns/op
WorkloadPilot    5: 256 op, 10820.00 ns, 42.2656 ns/op
WorkloadPilot    6: 512 op, 19847.00 ns, 38.7637 ns/op
WorkloadPilot    7: 1024 op, 37811.00 ns, 36.9248 ns/op
WorkloadPilot    8: 2048 op, 74209.00 ns, 36.2349 ns/op
WorkloadPilot    9: 4096 op, 146694.00 ns, 35.8140 ns/op
WorkloadPilot   10: 8192 op, 291545.00 ns, 35.5890 ns/op
WorkloadPilot   11: 16384 op, 597568.00 ns, 36.4727 ns/op
WorkloadPilot   12: 32768 op, 1190827.00 ns, 36.3412 ns/op
WorkloadPilot   13: 65536 op, 2370422.00 ns, 36.1698 ns/op
WorkloadPilot   14: 131072 op, 4742308.00 ns, 36.1809 ns/op
WorkloadPilot   15: 262144 op, 9489626.00 ns, 36.2001 ns/op
WorkloadPilot   16: 524288 op, 18886759.00 ns, 36.0236 ns/op
WorkloadPilot   17: 1048576 op, 39892190.00 ns, 38.0442 ns/op
WorkloadPilot   18: 2097152 op, 75145384.00 ns, 35.8321 ns/op
WorkloadPilot   19: 4194304 op, 98643957.00 ns, 23.5186 ns/op
WorkloadPilot   20: 8388608 op, 152924554.00 ns, 18.2300 ns/op
WorkloadPilot   21: 16777216 op, 301475057.00 ns, 17.9693 ns/op
WorkloadPilot   22: 33554432 op, 611557050.00 ns, 18.2258 ns/op

OverheadWarmup   1: 33554432 op, 77801772.00 ns, 2.3187 ns/op
OverheadWarmup   2: 33554432 op, 77209133.00 ns, 2.3010 ns/op
OverheadWarmup   3: 33554432 op, 87818824.00 ns, 2.6172 ns/op
OverheadWarmup   4: 33554432 op, 62535984.00 ns, 1.8637 ns/op
OverheadWarmup   5: 33554432 op, 63008097.00 ns, 1.8778 ns/op
OverheadWarmup   6: 33554432 op, 62333285.00 ns, 1.8577 ns/op

OverheadActual   1: 33554432 op, 62675167.00 ns, 1.8679 ns/op
OverheadActual   2: 33554432 op, 62617747.00 ns, 1.8662 ns/op
OverheadActual   3: 33554432 op, 62574225.00 ns, 1.8649 ns/op
OverheadActual   4: 33554432 op, 62396273.00 ns, 1.8596 ns/op
OverheadActual   5: 33554432 op, 62721091.00 ns, 1.8692 ns/op
OverheadActual   6: 33554432 op, 62442379.00 ns, 1.8609 ns/op
OverheadActual   7: 33554432 op, 62250497.00 ns, 1.8552 ns/op
OverheadActual   8: 33554432 op, 63475111.00 ns, 1.8917 ns/op
OverheadActual   9: 33554432 op, 63269035.00 ns, 1.8856 ns/op
OverheadActual  10: 33554432 op, 62722834.00 ns, 1.8693 ns/op
OverheadActual  11: 33554432 op, 62498334.00 ns, 1.8626 ns/op
OverheadActual  12: 33554432 op, 62843709.00 ns, 1.8729 ns/op
OverheadActual  13: 33554432 op, 62423864.00 ns, 1.8604 ns/op
OverheadActual  14: 33554432 op, 62875549.00 ns, 1.8738 ns/op
OverheadActual  15: 33554432 op, 62107062.00 ns, 1.8509 ns/op

WorkloadWarmup   1: 33554432 op, 608858142.00 ns, 18.1454 ns/op
WorkloadWarmup   2: 33554432 op, 613477932.00 ns, 18.2831 ns/op
WorkloadWarmup   3: 33554432 op, 620499899.00 ns, 18.4923 ns/op
WorkloadWarmup   4: 33554432 op, 607671520.00 ns, 18.1100 ns/op
WorkloadWarmup   5: 33554432 op, 609723496.00 ns, 18.1712 ns/op
WorkloadWarmup   6: 33554432 op, 609157658.00 ns, 18.1543 ns/op

// BeforeActualRun
WorkloadActual   1: 33554432 op, 610848610.00 ns, 18.2047 ns/op
WorkloadActual   2: 33554432 op, 603254211.00 ns, 17.9784 ns/op
WorkloadActual   3: 33554432 op, 604732065.00 ns, 18.0224 ns/op
WorkloadActual   4: 33554432 op, 599535248.00 ns, 17.8675 ns/op
WorkloadActual   5: 33554432 op, 598862451.00 ns, 17.8475 ns/op
WorkloadActual   6: 33554432 op, 610644007.00 ns, 18.1986 ns/op
WorkloadActual   7: 33554432 op, 609144344.00 ns, 18.1539 ns/op
WorkloadActual   8: 33554432 op, 606109202.00 ns, 18.0635 ns/op
WorkloadActual   9: 33554432 op, 602645684.00 ns, 17.9602 ns/op
WorkloadActual  10: 33554432 op, 608721318.00 ns, 18.1413 ns/op
WorkloadActual  11: 33554432 op, 606585403.00 ns, 18.0777 ns/op
WorkloadActual  12: 33554432 op, 608497940.00 ns, 18.1347 ns/op
WorkloadActual  13: 33554432 op, 598047087.00 ns, 17.8232 ns/op
WorkloadActual  14: 33554432 op, 599685787.00 ns, 17.8720 ns/op
WorkloadActual  15: 33554432 op, 609182023.00 ns, 18.1550 ns/op

// AfterActualRun
WorkloadResult   1: 33554432 op, 548230863.00 ns, 16.3386 ns/op
WorkloadResult   2: 33554432 op, 540636464.00 ns, 16.1122 ns/op
WorkloadResult   3: 33554432 op, 542114318.00 ns, 16.1563 ns/op
WorkloadResult   4: 33554432 op, 536917501.00 ns, 16.0014 ns/op
WorkloadResult   5: 33554432 op, 536244704.00 ns, 15.9813 ns/op
WorkloadResult   6: 33554432 op, 548026260.00 ns, 16.3325 ns/op
WorkloadResult   7: 33554432 op, 546526597.00 ns, 16.2878 ns/op
WorkloadResult   8: 33554432 op, 543491455.00 ns, 16.1973 ns/op
WorkloadResult   9: 33554432 op, 540027937.00 ns, 16.0941 ns/op
WorkloadResult  10: 33554432 op, 546103571.00 ns, 16.2752 ns/op
WorkloadResult  11: 33554432 op, 543967656.00 ns, 16.2115 ns/op
WorkloadResult  12: 33554432 op, 545880193.00 ns, 16.2685 ns/op
WorkloadResult  13: 33554432 op, 535429340.00 ns, 15.9570 ns/op
WorkloadResult  14: 33554432 op, 537068040.00 ns, 16.0059 ns/op
WorkloadResult  15: 33554432 op, 546564276.00 ns, 16.2889 ns/op
// GC:  0 0 0 0 33554432
// Threading:  0 0 33554432

// AfterAll
// Benchmark Process 4752 has exited with code 0.

Mean = 16.167 ns, StdErr = 0.035 ns (0.21%), N = 15, StdDev = 0.134 ns
Min = 15.957 ns, Q1 = 16.050 ns, Median = 16.197 ns, Q3 = 16.281 ns, Max = 16.339 ns
IQR = 0.231 ns, LowerFence = 15.703 ns, UpperFence = 16.629 ns
ConfidenceInterval = [16.024 ns; 16.311 ns] (CI 99.9%), Margin = 0.143 ns (0.89% of Mean)
Skewness = -0.26, Kurtosis = 1.43, MValue = 2

// ** Remained 19 (35.2 %) benchmark(s) to run. Estimated finish 2026-08-30 8:10 (0h 3m from now) **
// **************************
// Benchmark: TokenAllocationBenchmarks.FormatVersionToString: .NET 10.0(Runtime=.NET 10.0, Toolchain=net10.0)
// *** Execute ***
// Launch: 1 / 1
// Execute: dotnet "EricksonLopez.Concurrency.Benchmarks-.NET 10.0-1.dll" --anonymousPipes 121 122 --benchmarkName EricksonLopez.Concurrency.Benchmarks.TokenAllocationBenchmarks.FormatVersionToString --job ".NET 10.0" --benchmarkId 15 in /home/runner/work/dotnet-concurrency/dotnet-concurrency/benchmarks/EricksonLopez.Concurrency.Benchmarks/bin/Release/net10.0/EricksonLopez.Concurrency.Benchmarks-.NET 10.0-1/bin/Release/net10.0
// Failed to set up high priority (Permission denied). In order to run benchmarks with high priority, make sure you have the right permissions.
// BeforeAnythingElse

// Benchmark Process Environment Information:
// BenchmarkDotNet v0.15.8
// Runtime=.NET 10.0.11 (10.0.11, 10.0.1126.37416), X64 RyuJIT x86-64-v3
// GC=Concurrent Workstation
// HardwareIntrinsics=AVX2+BMI1+BMI2+F16C+FMA+LZCNT+MOVBE,AVX,SSE3+SSSE3+SSE4.1+SSE4.2+POPCNT,X86Base+SSE+SSE2,AES+PCLMUL VectorSize=256
// Job: .NET 10.0

OverheadJitting  1: 1 op, 222086.00 ns, 222.0860 us/op
WorkloadJitting  1: 1 op, 293699.00 ns, 293.6990 us/op

OverheadJitting  2: 16 op, 456754.00 ns, 28.5471 us/op
WorkloadJitting  2: 16 op, 499254.00 ns, 31.2034 us/op

WorkloadPilot    1: 16 op, 9718.00 ns, 607.3750 ns/op
WorkloadPilot    2: 32 op, 3477.00 ns, 108.6563 ns/op
WorkloadPilot    3: 64 op, 3847.00 ns, 60.1094 ns/op
WorkloadPilot    4: 128 op, 25688.00 ns, 200.6875 ns/op
WorkloadPilot    5: 256 op, 31419.00 ns, 122.7305 ns/op
WorkloadPilot    6: 512 op, 29815.00 ns, 58.2324 ns/op
WorkloadPilot    7: 1024 op, 65011.00 ns, 63.4873 ns/op
WorkloadPilot    8: 2048 op, 119303.00 ns, 58.2534 ns/op
WorkloadPilot    9: 4096 op, 240419.00 ns, 58.6960 ns/op
WorkloadPilot   10: 8192 op, 318806.00 ns, 38.9167 ns/op
WorkloadPilot   11: 16384 op, 742087.00 ns, 45.2934 ns/op
WorkloadPilot   12: 32768 op, 2281175.00 ns, 69.6159 ns/op
WorkloadPilot   13: 65536 op, 2944546.00 ns, 44.9302 ns/op
WorkloadPilot   14: 131072 op, 5834079.00 ns, 44.5105 ns/op
WorkloadPilot   15: 262144 op, 11713212.00 ns, 44.6824 ns/op
WorkloadPilot   16: 524288 op, 17148615.00 ns, 32.7084 ns/op
WorkloadPilot   17: 1048576 op, 26988384.00 ns, 25.7381 ns/op
WorkloadPilot   18: 2097152 op, 56123963.00 ns, 26.7620 ns/op
WorkloadPilot   19: 4194304 op, 91423497.00 ns, 21.7971 ns/op
WorkloadPilot   20: 8388608 op, 142913776.00 ns, 17.0366 ns/op
WorkloadPilot   21: 16777216 op, 285147750.00 ns, 16.9961 ns/op
WorkloadPilot   22: 33554432 op, 550959129.00 ns, 16.4199 ns/op

OverheadWarmup   1: 33554432 op, 142435663.00 ns, 4.2449 ns/op
OverheadWarmup   2: 33554432 op, 148324503.00 ns, 4.4204 ns/op
OverheadWarmup   3: 33554432 op, 110877744.00 ns, 3.3044 ns/op
OverheadWarmup   4: 33554432 op, 110925363.00 ns, 3.3058 ns/op
OverheadWarmup   5: 33554432 op, 111062890.00 ns, 3.3099 ns/op
OverheadWarmup   6: 33554432 op, 110966330.00 ns, 3.3071 ns/op

OverheadActual   1: 33554432 op, 111217028.00 ns, 3.3145 ns/op
OverheadActual   2: 33554432 op, 111081712.00 ns, 3.3105 ns/op
OverheadActual   3: 33554432 op, 111014923.00 ns, 3.3085 ns/op
OverheadActual   4: 33554432 op, 110996116.00 ns, 3.3079 ns/op
OverheadActual   5: 33554432 op, 110913951.00 ns, 3.3055 ns/op
OverheadActual   6: 33554432 op, 110972020.00 ns, 3.3072 ns/op
OverheadActual   7: 33554432 op, 111128312.00 ns, 3.3119 ns/op
OverheadActual   8: 33554432 op, 111784269.00 ns, 3.3314 ns/op
OverheadActual   9: 33554432 op, 110939609.00 ns, 3.3063 ns/op
OverheadActual  10: 33554432 op, 110983271.00 ns, 3.3076 ns/op
OverheadActual  11: 33554432 op, 111042912.00 ns, 3.3093 ns/op
OverheadActual  12: 33554432 op, 111072778.00 ns, 3.3102 ns/op
OverheadActual  13: 33554432 op, 111026672.00 ns, 3.3089 ns/op
OverheadActual  14: 33554432 op, 110893012.00 ns, 3.3049 ns/op
OverheadActual  15: 33554432 op, 110966639.00 ns, 3.3071 ns/op

WorkloadWarmup   1: 33554432 op, 603956544.00 ns, 17.9993 ns/op
WorkloadWarmup   2: 33554432 op, 605377953.00 ns, 18.0417 ns/op
WorkloadWarmup   3: 33554432 op, 585664911.00 ns, 17.4542 ns/op
WorkloadWarmup   4: 33554432 op, 576542326.00 ns, 17.1823 ns/op
WorkloadWarmup   5: 33554432 op, 570077066.00 ns, 16.9896 ns/op
WorkloadWarmup   6: 33554432 op, 576901188.00 ns, 17.1930 ns/op
WorkloadWarmup   7: 33554432 op, 571025219.00 ns, 17.0179 ns/op

// BeforeActualRun
WorkloadActual   1: 33554432 op, 569709194.00 ns, 16.9787 ns/op
WorkloadActual   2: 33554432 op, 590777389.00 ns, 17.6065 ns/op
WorkloadActual   3: 33554432 op, 586646543.00 ns, 17.4834 ns/op
WorkloadActual   4: 33554432 op, 571343602.00 ns, 17.0274 ns/op
WorkloadActual   5: 33554432 op, 583397676.00 ns, 17.3866 ns/op
WorkloadActual   6: 33554432 op, 581651481.00 ns, 17.3346 ns/op
WorkloadActual   7: 33554432 op, 581040357.00 ns, 17.3164 ns/op
WorkloadActual   8: 33554432 op, 565719430.00 ns, 16.8598 ns/op
WorkloadActual   9: 33554432 op, 576508218.00 ns, 17.1813 ns/op
WorkloadActual  10: 33554432 op, 586187370.00 ns, 17.4697 ns/op
WorkloadActual  11: 33554432 op, 586398852.00 ns, 17.4760 ns/op
WorkloadActual  12: 33554432 op, 592331842.00 ns, 17.6529 ns/op
WorkloadActual  13: 33554432 op, 584932804.00 ns, 17.4324 ns/op
WorkloadActual  14: 33554432 op, 578592687.00 ns, 17.2434 ns/op
WorkloadActual  15: 33554432 op, 570335814.00 ns, 16.9973 ns/op

// AfterActualRun
WorkloadResult   1: 33554432 op, 458694271.00 ns, 13.6702 ns/op
WorkloadResult   2: 33554432 op, 479762466.00 ns, 14.2980 ns/op
WorkloadResult   3: 33554432 op, 475631620.00 ns, 14.1749 ns/op
WorkloadResult   4: 33554432 op, 460328679.00 ns, 13.7189 ns/op
WorkloadResult   5: 33554432 op, 472382753.00 ns, 14.0781 ns/op
WorkloadResult   6: 33554432 op, 470636558.00 ns, 14.0261 ns/op
WorkloadResult   7: 33554432 op, 470025434.00 ns, 14.0078 ns/op
WorkloadResult   8: 33554432 op, 454704507.00 ns, 13.5513 ns/op
WorkloadResult   9: 33554432 op, 465493295.00 ns, 13.8728 ns/op
WorkloadResult  10: 33554432 op, 475172447.00 ns, 14.1612 ns/op
WorkloadResult  11: 33554432 op, 475383929.00 ns, 14.1675 ns/op
WorkloadResult  12: 33554432 op, 481316919.00 ns, 14.3444 ns/op
WorkloadResult  13: 33554432 op, 473917881.00 ns, 14.1239 ns/op
WorkloadResult  14: 33554432 op, 467577764.00 ns, 13.9349 ns/op
WorkloadResult  15: 33554432 op, 459320891.00 ns, 13.6888 ns/op
// GC:  96 0 0 1610612736 33554432
// Threading:  0 0 33554432

// AfterAll
// Benchmark Process 4764 has exited with code 0.

Mean = 13.988 ns, StdErr = 0.062 ns (0.45%), N = 15, StdDev = 0.242 ns
Min = 13.551 ns, Q1 = 13.796 ns, Median = 14.026 ns, Q3 = 14.164 ns, Max = 14.344 ns
IQR = 0.369 ns, LowerFence = 13.243 ns, UpperFence = 14.717 ns
ConfidenceInterval = [13.729 ns; 14.246 ns] (CI 99.9%), Margin = 0.258 ns (1.85% of Mean)
Skewness = -0.32, Kurtosis = 1.73, MValue = 2

// ** Remained 18 (33.3 %) benchmark(s) to run. Estimated finish 2026-08-30 8:10 (0h 3m from now) **
// **************************
// Benchmark: TokenAllocationBenchmarks.CompareTokensValueEquality: .NET 10.0(Runtime=.NET 10.0, Toolchain=net10.0)
// *** Execute ***
// Launch: 1 / 1
// Execute: dotnet "EricksonLopez.Concurrency.Benchmarks-.NET 10.0-1.dll" --anonymousPipes 121 122 --benchmarkName EricksonLopez.Concurrency.Benchmarks.TokenAllocationBenchmarks.CompareTokensValueEquality --job ".NET 10.0" --benchmarkId 16 in /home/runner/work/dotnet-concurrency/dotnet-concurrency/benchmarks/EricksonLopez.Concurrency.Benchmarks/bin/Release/net10.0/EricksonLopez.Concurrency.Benchmarks-.NET 10.0-1/bin/Release/net10.0
// Failed to set up high priority (Permission denied). In order to run benchmarks with high priority, make sure you have the right permissions.
// BeforeAnythingElse

// Benchmark Process Environment Information:
// BenchmarkDotNet v0.15.8
// Runtime=.NET 10.0.11 (10.0.11, 10.0.1126.37416), X64 RyuJIT x86-64-v3
// GC=Concurrent Workstation
// HardwareIntrinsics=AVX2+BMI1+BMI2+F16C+FMA+LZCNT+MOVBE,AVX,SSE3+SSSE3+SSE4.1+SSE4.2+POPCNT,X86Base+SSE+SSE2,AES+PCLMUL VectorSize=256
// Job: .NET 10.0

OverheadJitting  1: 1 op, 208721.00 ns, 208.7210 us/op
WorkloadJitting  1: 1 op, 424814.00 ns, 424.8140 us/op

OverheadJitting  2: 16 op, 368069.00 ns, 23.0043 us/op
WorkloadJitting  2: 16 op, 328605.00 ns, 20.5378 us/op

WorkloadPilot    1: 16 op, 1954.00 ns, 122.1250 ns/op
WorkloadPilot    2: 32 op, 2244.00 ns, 70.1250 ns/op
WorkloadPilot    3: 64 op, 3086.00 ns, 48.2188 ns/op
WorkloadPilot    4: 128 op, 5260.00 ns, 41.0938 ns/op
WorkloadPilot    5: 256 op, 8446.00 ns, 32.9922 ns/op
WorkloadPilot    6: 512 op, 14927.00 ns, 29.1543 ns/op
WorkloadPilot    7: 1024 op, 28343.00 ns, 27.6787 ns/op
WorkloadPilot    8: 2048 op, 55143.00 ns, 26.9253 ns/op
WorkloadPilot    9: 4096 op, 108183.00 ns, 26.4119 ns/op
WorkloadPilot   10: 8192 op, 217096.00 ns, 26.5010 ns/op
WorkloadPilot   11: 16384 op, 463306.00 ns, 28.2780 ns/op
WorkloadPilot   12: 32768 op, 873002.00 ns, 26.6419 ns/op
WorkloadPilot   13: 65536 op, 1861542.00 ns, 28.4049 ns/op
WorkloadPilot   14: 131072 op, 3625030.00 ns, 27.6568 ns/op
WorkloadPilot   15: 262144 op, 7116770.00 ns, 27.1483 ns/op
WorkloadPilot   16: 524288 op, 14017886.00 ns, 26.7370 ns/op
WorkloadPilot   17: 1048576 op, 27864553.00 ns, 26.5737 ns/op
WorkloadPilot   18: 2097152 op, 55546925.00 ns, 26.4868 ns/op
WorkloadPilot   19: 4194304 op, 73886134.00 ns, 17.6158 ns/op
WorkloadPilot   20: 8388608 op, 31486227.00 ns, 3.7535 ns/op
WorkloadPilot   21: 16777216 op, 63382930.00 ns, 3.7779 ns/op
WorkloadPilot   22: 33554432 op, 125742055.00 ns, 3.7474 ns/op
WorkloadPilot   23: 67108864 op, 251020104.00 ns, 3.7405 ns/op
WorkloadPilot   24: 134217728 op, 502544390.00 ns, 3.7442 ns/op

OverheadWarmup   1: 134217728 op, 337413057.00 ns, 2.5139 ns/op
OverheadWarmup   2: 134217728 op, 249283796.00 ns, 1.8573 ns/op
OverheadWarmup   3: 134217728 op, 250830239.00 ns, 1.8688 ns/op
OverheadWarmup   4: 134217728 op, 251122996.00 ns, 1.8710 ns/op
OverheadWarmup   5: 134217728 op, 247757983.00 ns, 1.8459 ns/op
OverheadWarmup   6: 134217728 op, 250645693.00 ns, 1.8675 ns/op
OverheadWarmup   7: 134217728 op, 250748278.00 ns, 1.8682 ns/op
OverheadWarmup   8: 134217728 op, 249841390.00 ns, 1.8615 ns/op

OverheadActual   1: 134217728 op, 249256328.00 ns, 1.8571 ns/op
OverheadActual   2: 134217728 op, 249924456.00 ns, 1.8621 ns/op
OverheadActual   3: 134217728 op, 251637415.00 ns, 1.8748 ns/op
OverheadActual   4: 134217728 op, 251025422.00 ns, 1.8703 ns/op
OverheadActual   5: 134217728 op, 249625186.00 ns, 1.8599 ns/op
OverheadActual   6: 134217728 op, 248733100.00 ns, 1.8532 ns/op
OverheadActual   7: 134217728 op, 250846539.00 ns, 1.8690 ns/op
OverheadActual   8: 134217728 op, 249878690.00 ns, 1.8617 ns/op
OverheadActual   9: 134217728 op, 248679169.00 ns, 1.8528 ns/op
OverheadActual  10: 134217728 op, 251627447.00 ns, 1.8748 ns/op
OverheadActual  11: 134217728 op, 250297603.00 ns, 1.8649 ns/op
OverheadActual  12: 134217728 op, 249747174.00 ns, 1.8608 ns/op
OverheadActual  13: 134217728 op, 250123367.00 ns, 1.8636 ns/op
OverheadActual  14: 134217728 op, 250360149.00 ns, 1.8653 ns/op
OverheadActual  15: 134217728 op, 253127725.00 ns, 1.8859 ns/op

WorkloadWarmup   1: 134217728 op, 501697545.00 ns, 3.7379 ns/op
WorkloadWarmup   2: 134217728 op, 503455293.00 ns, 3.7510 ns/op
WorkloadWarmup   3: 134217728 op, 501503854.00 ns, 3.7365 ns/op
WorkloadWarmup   4: 134217728 op, 502238598.00 ns, 3.7420 ns/op
WorkloadWarmup   5: 134217728 op, 501186789.00 ns, 3.7341 ns/op
WorkloadWarmup   6: 134217728 op, 502143800.00 ns, 3.7413 ns/op

// BeforeActualRun
WorkloadActual   1: 134217728 op, 502052629.00 ns, 3.7406 ns/op
WorkloadActual   2: 134217728 op, 502573124.00 ns, 3.7445 ns/op
WorkloadActual   3: 134217728 op, 502449690.00 ns, 3.7435 ns/op
WorkloadActual   4: 134217728 op, 512125907.00 ns, 3.8156 ns/op
WorkloadActual   5: 134217728 op, 513677173.00 ns, 3.8272 ns/op
WorkloadActual   6: 134217728 op, 501867242.00 ns, 3.7392 ns/op
WorkloadActual   7: 134217728 op, 501448766.00 ns, 3.7361 ns/op
WorkloadActual   8: 134217728 op, 502238482.00 ns, 3.7420 ns/op
WorkloadActual   9: 134217728 op, 501297062.00 ns, 3.7350 ns/op
WorkloadActual  10: 134217728 op, 501928912.00 ns, 3.7397 ns/op
WorkloadActual  11: 134217728 op, 501056331.00 ns, 3.7332 ns/op
WorkloadActual  12: 134217728 op, 503335413.00 ns, 3.7501 ns/op
WorkloadActual  13: 134217728 op, 501211100.00 ns, 3.7343 ns/op
WorkloadActual  14: 134217728 op, 501565594.00 ns, 3.7370 ns/op
WorkloadActual  15: 134217728 op, 502149866.00 ns, 3.7413 ns/op

// AfterActualRun
WorkloadResult   1: 134217728 op, 251929262.00 ns, 1.8770 ns/op
WorkloadResult   2: 134217728 op, 252449757.00 ns, 1.8809 ns/op
WorkloadResult   3: 134217728 op, 252326323.00 ns, 1.8800 ns/op
WorkloadResult   4: 134217728 op, 251743875.00 ns, 1.8756 ns/op
WorkloadResult   5: 134217728 op, 251325399.00 ns, 1.8725 ns/op
WorkloadResult   6: 134217728 op, 252115115.00 ns, 1.8784 ns/op
WorkloadResult   7: 134217728 op, 251173695.00 ns, 1.8714 ns/op
WorkloadResult   8: 134217728 op, 251805545.00 ns, 1.8761 ns/op
WorkloadResult   9: 134217728 op, 250932964.00 ns, 1.8696 ns/op
WorkloadResult  10: 134217728 op, 253212046.00 ns, 1.8866 ns/op
WorkloadResult  11: 134217728 op, 251087733.00 ns, 1.8707 ns/op
WorkloadResult  12: 134217728 op, 251442227.00 ns, 1.8734 ns/op
WorkloadResult  13: 134217728 op, 252026499.00 ns, 1.8777 ns/op
// GC:  0 0 0 0 134217728
// Threading:  0 0 134217728

// AfterAll
// Benchmark Process 4778 has exited with code 0.

Mean = 1.876 ns, StdErr = 0.001 ns (0.07%), N = 13, StdDev = 0.005 ns
Min = 1.870 ns, Q1 = 1.873 ns, Median = 1.876 ns, Q3 = 1.878 ns, Max = 1.887 ns
IQR = 0.006 ns, LowerFence = 1.864 ns, UpperFence = 1.887 ns
ConfidenceInterval = [1.870 ns; 1.882 ns] (CI 99.9%), Margin = 0.006 ns (0.30% of Mean)
Skewness = 0.5, Kurtosis = 2.43, MValue = 2

// ** Remained 17 (31.5 %) benchmark(s) to run. Estimated finish 2026-08-30 8:10 (0h 3m from now) **
// **************************
// Benchmark: TokenAllocationBenchmarks.CheckExpectedMatchesActual: .NET 10.0(Runtime=.NET 10.0, Toolchain=net10.0)
// *** Execute ***
// Launch: 1 / 1
// Execute: dotnet "EricksonLopez.Concurrency.Benchmarks-.NET 10.0-1.dll" --anonymousPipes 121 122 --benchmarkName EricksonLopez.Concurrency.Benchmarks.TokenAllocationBenchmarks.CheckExpectedMatchesActual --job ".NET 10.0" --benchmarkId 17 in /home/runner/work/dotnet-concurrency/dotnet-concurrency/benchmarks/EricksonLopez.Concurrency.Benchmarks/bin/Release/net10.0/EricksonLopez.Concurrency.Benchmarks-.NET 10.0-1/bin/Release/net10.0
// Failed to set up high priority (Permission denied). In order to run benchmarks with high priority, make sure you have the right permissions.
// BeforeAnythingElse

// Benchmark Process Environment Information:
// BenchmarkDotNet v0.15.8
// Runtime=.NET 10.0.11 (10.0.11, 10.0.1126.37416), X64 RyuJIT x86-64-v3
// GC=Concurrent Workstation
// HardwareIntrinsics=AVX2+BMI1+BMI2+F16C+FMA+LZCNT+MOVBE,AVX,SSE3+SSSE3+SSE4.1+SSE4.2+POPCNT,X86Base+SSE+SSE2,AES+PCLMUL VectorSize=256
// Job: .NET 10.0

OverheadJitting  1: 1 op, 202528.00 ns, 202.5280 us/op
WorkloadJitting  1: 1 op, 484326.00 ns, 484.3260 us/op

OverheadJitting  2: 16 op, 356006.00 ns, 22.2504 us/op
WorkloadJitting  2: 16 op, 325960.00 ns, 20.3725 us/op

WorkloadPilot    1: 16 op, 1212.00 ns, 75.7500 ns/op
WorkloadPilot    2: 32 op, 1312.00 ns, 41.0000 ns/op
WorkloadPilot    3: 64 op, 1603.00 ns, 25.0469 ns/op
WorkloadPilot    4: 128 op, 2705.00 ns, 21.1328 ns/op
WorkloadPilot    5: 256 op, 4588.00 ns, 17.9219 ns/op
WorkloadPilot    6: 512 op, 8486.00 ns, 16.5742 ns/op
WorkloadPilot    7: 1024 op, 16131.00 ns, 15.7529 ns/op
WorkloadPilot    8: 2048 op, 31419.00 ns, 15.3413 ns/op
WorkloadPilot    9: 4096 op, 61656.00 ns, 15.0527 ns/op
WorkloadPilot   10: 8192 op, 122589.00 ns, 14.9645 ns/op
WorkloadPilot   11: 16384 op, 261760.00 ns, 15.9766 ns/op
WorkloadPilot   12: 32768 op, 505515.00 ns, 15.4271 ns/op
WorkloadPilot   13: 65536 op, 994079.00 ns, 15.1684 ns/op
WorkloadPilot   14: 131072 op, 1992365.00 ns, 15.2005 ns/op
WorkloadPilot   15: 262144 op, 3995311.00 ns, 15.2409 ns/op
WorkloadPilot   16: 524288 op, 7963370.00 ns, 15.1889 ns/op
WorkloadPilot   17: 1048576 op, 15817556.00 ns, 15.0848 ns/op
WorkloadPilot   18: 2097152 op, 31519738.00 ns, 15.0298 ns/op
WorkloadPilot   19: 4194304 op, 62908970.00 ns, 14.9987 ns/op
WorkloadPilot   20: 8388608 op, 68589041.00 ns, 8.1765 ns/op
WorkloadPilot   21: 16777216 op, 37612800.00 ns, 2.2419 ns/op
WorkloadPilot   22: 33554432 op, 75797620.00 ns, 2.2589 ns/op
WorkloadPilot   23: 67108864 op, 167598144.00 ns, 2.4974 ns/op
WorkloadPilot   24: 134217728 op, 300267726.00 ns, 2.2372 ns/op
WorkloadPilot   25: 268435456 op, 595857515.00 ns, 2.2197 ns/op

OverheadWarmup   1: 268435456 op, 752352133.00 ns, 2.8027 ns/op
OverheadWarmup   2: 268435456 op, 503629934.00 ns, 1.8762 ns/op
OverheadWarmup   3: 268435456 op, 503655622.00 ns, 1.8763 ns/op
OverheadWarmup   4: 268435456 op, 503568960.00 ns, 1.8759 ns/op
OverheadWarmup   5: 268435456 op, 503146082.00 ns, 1.8744 ns/op
OverheadWarmup   6: 268435456 op, 509126651.00 ns, 1.8966 ns/op
OverheadWarmup   7: 268435456 op, 503829326.00 ns, 1.8769 ns/op

OverheadActual   1: 268435456 op, 504387480.00 ns, 1.8790 ns/op
OverheadActual   2: 268435456 op, 507301739.00 ns, 1.8898 ns/op
OverheadActual   3: 268435456 op, 501165526.00 ns, 1.8670 ns/op
OverheadActual   4: 268435456 op, 520246751.00 ns, 1.9381 ns/op
OverheadActual   5: 268435456 op, 504341995.00 ns, 1.8788 ns/op
OverheadActual   6: 268435456 op, 503301840.00 ns, 1.8749 ns/op
OverheadActual   7: 268435456 op, 505865894.00 ns, 1.8845 ns/op
OverheadActual   8: 268435456 op, 503365485.00 ns, 1.8752 ns/op
OverheadActual   9: 268435456 op, 503652732.00 ns, 1.8763 ns/op
OverheadActual  10: 268435456 op, 504406572.00 ns, 1.8791 ns/op
OverheadActual  11: 268435456 op, 506646620.00 ns, 1.8874 ns/op
OverheadActual  12: 268435456 op, 501704710.00 ns, 1.8690 ns/op
OverheadActual  13: 268435456 op, 506249888.00 ns, 1.8859 ns/op
OverheadActual  14: 268435456 op, 504346990.00 ns, 1.8788 ns/op
OverheadActual  15: 268435456 op, 503107800.00 ns, 1.8742 ns/op

WorkloadWarmup   1: 268435456 op, 595900393.00 ns, 2.2199 ns/op
WorkloadWarmup   2: 268435456 op, 595931297.00 ns, 2.2200 ns/op
WorkloadWarmup   3: 268435456 op, 611369483.00 ns, 2.2775 ns/op
WorkloadWarmup   4: 268435456 op, 608440476.00 ns, 2.2666 ns/op
WorkloadWarmup   5: 268435456 op, 600933240.00 ns, 2.2387 ns/op
WorkloadWarmup   6: 268435456 op, 597169041.00 ns, 2.2246 ns/op
WorkloadWarmup   7: 268435456 op, 596128030.00 ns, 2.2207 ns/op
WorkloadWarmup   8: 268435456 op, 597741390.00 ns, 2.2268 ns/op
WorkloadWarmup   9: 268435456 op, 600170031.00 ns, 2.2358 ns/op
WorkloadWarmup  10: 268435456 op, 597612529.00 ns, 2.2263 ns/op

// BeforeActualRun
WorkloadActual   1: 268435456 op, 596779341.00 ns, 2.2232 ns/op
WorkloadActual   2: 268435456 op, 596542508.00 ns, 2.2223 ns/op
WorkloadActual   3: 268435456 op, 594654167.00 ns, 2.2153 ns/op
WorkloadActual   4: 268435456 op, 597841747.00 ns, 2.2271 ns/op
WorkloadActual   5: 268435456 op, 596186623.00 ns, 2.2210 ns/op
WorkloadActual   6: 268435456 op, 594444986.00 ns, 2.2145 ns/op
WorkloadActual   7: 268435456 op, 600300806.00 ns, 2.2363 ns/op
WorkloadActual   8: 268435456 op, 597610946.00 ns, 2.2263 ns/op
WorkloadActual   9: 268435456 op, 598141879.00 ns, 2.2283 ns/op
WorkloadActual  10: 268435456 op, 619285041.00 ns, 2.3070 ns/op
WorkloadActual  11: 268435456 op, 596830371.00 ns, 2.2234 ns/op
WorkloadActual  12: 268435456 op, 596224226.00 ns, 2.2211 ns/op
WorkloadActual  13: 268435456 op, 596298866.00 ns, 2.2214 ns/op
WorkloadActual  14: 268435456 op, 595211460.00 ns, 2.2173 ns/op
WorkloadActual  15: 268435456 op, 597183070.00 ns, 2.2247 ns/op

// AfterActualRun
WorkloadResult   1: 268435456 op, 92432351.00 ns, 0.3443 ns/op
WorkloadResult   2: 268435456 op, 92195518.00 ns, 0.3435 ns/op
WorkloadResult   3: 268435456 op, 90307177.00 ns, 0.3364 ns/op
WorkloadResult   4: 268435456 op, 93494757.00 ns, 0.3483 ns/op
WorkloadResult   5: 268435456 op, 91839633.00 ns, 0.3421 ns/op
WorkloadResult   6: 268435456 op, 90097996.00 ns, 0.3356 ns/op
WorkloadResult   7: 268435456 op, 93263956.00 ns, 0.3474 ns/op
WorkloadResult   8: 268435456 op, 93794889.00 ns, 0.3494 ns/op
WorkloadResult   9: 268435456 op, 92483381.00 ns, 0.3445 ns/op
WorkloadResult  10: 268435456 op, 91877236.00 ns, 0.3423 ns/op
WorkloadResult  11: 268435456 op, 91951876.00 ns, 0.3425 ns/op
WorkloadResult  12: 268435456 op, 90864470.00 ns, 0.3385 ns/op
WorkloadResult  13: 268435456 op, 92836080.00 ns, 0.3458 ns/op
// GC:  0 0 0 0 268435456
// Threading:  0 0 268435456

// AfterAll
// Benchmark Process 4790 has exited with code 0.

Mean = 0.343 ns, StdErr = 0.001 ns (0.35%), N = 13, StdDev = 0.004 ns
Min = 0.336 ns, Q1 = 0.342 ns, Median = 0.343 ns, Q3 = 0.346 ns, Max = 0.349 ns
IQR = 0.004 ns, LowerFence = 0.337 ns, UpperFence = 0.351 ns
ConfidenceInterval = [0.338 ns; 0.348 ns] (CI 99.9%), Margin = 0.005 ns (1.50% of Mean)
Skewness = -0.33, Kurtosis = 1.9, MValue = 2

// ** Remained 16 (29.6 %) benchmark(s) to run. Estimated finish 2026-08-30 8:10 (0h 3m from now) **
// Build Error: Standard output: 
  
 Standard error: 
 /usr/share/dotnet/sdk/10.0.400/Microsoft.Common.CurrentVersion.targets(1891,5): error : Project '/home/runner/work/dotnet-concurrency/dotnet-concurrency/benchmarks/EricksonLopez.Concurrency.Benchmarks/EricksonLopez.Concurrency.Benchmarks.csproj' targets 'net10.0'. It cannot be referenced by a project that targets '.NETCoreApp,Version=v8.0'. [/home/runner/work/dotnet-concurrency/dotnet-concurrency/benchmarks/EricksonLopez.Concurrency.Benchmarks/bin/Release/net10.0/EricksonLopez.Concurrency.Benchmarks-.NET 8.0-2/BenchmarkDotNet.Autogenerated.csproj::TargetFramework=net8.0]
Build FAILED.
/usr/share/dotnet/sdk/10.0.400/Microsoft.Common.CurrentVersion.targets(1891,5): error : Project '/home/runner/work/dotnet-concurrency/dotnet-concurrency/benchmarks/EricksonLopez.Concurrency.Benchmarks/EricksonLopez.Concurrency.Benchmarks.csproj' targets 'net10.0'. It cannot be referenced by a project that targets '.NETCoreApp,Version=v8.0'. [/home/runner/work/dotnet-concurrency/dotnet-concurrency/benchmarks/EricksonLopez.Concurrency.Benchmarks/bin/Release/net10.0/EricksonLopez.Concurrency.Benchmarks-.NET 8.0-2/BenchmarkDotNet.Autogenerated.csproj::TargetFramework=net8.0]
    0 Warning(s)
    1 Error(s)
Time Elapsed 00:00:01.42

// BenchmarkDotNet has failed to build the auto-generated boilerplate code.
// It can be found in /home/runner/work/dotnet-concurrency/dotnet-concurrency/benchmarks/EricksonLopez.Concurrency.Benchmarks/bin/Release/net10.0/EricksonLopez.Concurrency.Benchmarks-.NET 8.0-2
// Please follow the troubleshooting guide: https://benchmarkdotnet.org/articles/guides/troubleshooting.html

// ** Remained 15 (27.8 %) benchmark(s) to run. Estimated finish 2026-08-30 8:10 (0h 3m from now) **
// Build Error: Standard output: 
  
 Standard error: 
 /usr/share/dotnet/sdk/10.0.400/Microsoft.Common.CurrentVersion.targets(1891,5): error : Project '/home/runner/work/dotnet-concurrency/dotnet-concurrency/benchmarks/EricksonLopez.Concurrency.Benchmarks/EricksonLopez.Concurrency.Benchmarks.csproj' targets 'net10.0'. It cannot be referenced by a project that targets '.NETCoreApp,Version=v8.0'. [/home/runner/work/dotnet-concurrency/dotnet-concurrency/benchmarks/EricksonLopez.Concurrency.Benchmarks/bin/Release/net10.0/EricksonLopez.Concurrency.Benchmarks-.NET 8.0-2/BenchmarkDotNet.Autogenerated.csproj::TargetFramework=net8.0]
Build FAILED.
/usr/share/dotnet/sdk/10.0.400/Microsoft.Common.CurrentVersion.targets(1891,5): error : Project '/home/runner/work/dotnet-concurrency/dotnet-concurrency/benchmarks/EricksonLopez.Concurrency.Benchmarks/EricksonLopez.Concurrency.Benchmarks.csproj' targets 'net10.0'. It cannot be referenced by a project that targets '.NETCoreApp,Version=v8.0'. [/home/runner/work/dotnet-concurrency/dotnet-concurrency/benchmarks/EricksonLopez.Concurrency.Benchmarks/bin/Release/net10.0/EricksonLopez.Concurrency.Benchmarks-.NET 8.0-2/BenchmarkDotNet.Autogenerated.csproj::TargetFramework=net8.0]
    0 Warning(s)
    1 Error(s)
Time Elapsed 00:00:01.42

// BenchmarkDotNet has failed to build the auto-generated boilerplate code.
// It can be found in /home/runner/work/dotnet-concurrency/dotnet-concurrency/benchmarks/EricksonLopez.Concurrency.Benchmarks/bin/Release/net10.0/EricksonLopez.Concurrency.Benchmarks-.NET 8.0-2
// Please follow the troubleshooting guide: https://benchmarkdotnet.org/articles/guides/troubleshooting.html

// ** Remained 14 (25.9 %) benchmark(s) to run. Estimated finish 2026-08-30 8:10 (0h 2m from now) **
// Build Error: Standard output: 
  
 Standard error: 
 /usr/share/dotnet/sdk/10.0.400/Microsoft.Common.CurrentVersion.targets(1891,5): error : Project '/home/runner/work/dotnet-concurrency/dotnet-concurrency/benchmarks/EricksonLopez.Concurrency.Benchmarks/EricksonLopez.Concurrency.Benchmarks.csproj' targets 'net10.0'. It cannot be referenced by a project that targets '.NETCoreApp,Version=v8.0'. [/home/runner/work/dotnet-concurrency/dotnet-concurrency/benchmarks/EricksonLopez.Concurrency.Benchmarks/bin/Release/net10.0/EricksonLopez.Concurrency.Benchmarks-.NET 8.0-2/BenchmarkDotNet.Autogenerated.csproj::TargetFramework=net8.0]
Build FAILED.
/usr/share/dotnet/sdk/10.0.400/Microsoft.Common.CurrentVersion.targets(1891,5): error : Project '/home/runner/work/dotnet-concurrency/dotnet-concurrency/benchmarks/EricksonLopez.Concurrency.Benchmarks/EricksonLopez.Concurrency.Benchmarks.csproj' targets 'net10.0'. It cannot be referenced by a project that targets '.NETCoreApp,Version=v8.0'. [/home/runner/work/dotnet-concurrency/dotnet-concurrency/benchmarks/EricksonLopez.Concurrency.Benchmarks/bin/Release/net10.0/EricksonLopez.Concurrency.Benchmarks-.NET 8.0-2/BenchmarkDotNet.Autogenerated.csproj::TargetFramework=net8.0]
    0 Warning(s)
    1 Error(s)
Time Elapsed 00:00:01.42

// BenchmarkDotNet has failed to build the auto-generated boilerplate code.
// It can be found in /home/runner/work/dotnet-concurrency/dotnet-concurrency/benchmarks/EricksonLopez.Concurrency.Benchmarks/bin/Release/net10.0/EricksonLopez.Concurrency.Benchmarks-.NET 8.0-2
// Please follow the troubleshooting guide: https://benchmarkdotnet.org/articles/guides/troubleshooting.html

// ** Remained 13 (24.1 %) benchmark(s) to run. Estimated finish 2026-08-30 8:10 (0h 2m from now) **
// Build Error: Standard output: 
  
 Standard error: 
 /usr/share/dotnet/sdk/10.0.400/Microsoft.Common.CurrentVersion.targets(1891,5): error : Project '/home/runner/work/dotnet-concurrency/dotnet-concurrency/benchmarks/EricksonLopez.Concurrency.Benchmarks/EricksonLopez.Concurrency.Benchmarks.csproj' targets 'net10.0'. It cannot be referenced by a project that targets '.NETCoreApp,Version=v8.0'. [/home/runner/work/dotnet-concurrency/dotnet-concurrency/benchmarks/EricksonLopez.Concurrency.Benchmarks/bin/Release/net10.0/EricksonLopez.Concurrency.Benchmarks-.NET 8.0-2/BenchmarkDotNet.Autogenerated.csproj::TargetFramework=net8.0]
Build FAILED.
/usr/share/dotnet/sdk/10.0.400/Microsoft.Common.CurrentVersion.targets(1891,5): error : Project '/home/runner/work/dotnet-concurrency/dotnet-concurrency/benchmarks/EricksonLopez.Concurrency.Benchmarks/EricksonLopez.Concurrency.Benchmarks.csproj' targets 'net10.0'. It cannot be referenced by a project that targets '.NETCoreApp,Version=v8.0'. [/home/runner/work/dotnet-concurrency/dotnet-concurrency/benchmarks/EricksonLopez.Concurrency.Benchmarks/bin/Release/net10.0/EricksonLopez.Concurrency.Benchmarks-.NET 8.0-2/BenchmarkDotNet.Autogenerated.csproj::TargetFramework=net8.0]
    0 Warning(s)
    1 Error(s)
Time Elapsed 00:00:01.42

// BenchmarkDotNet has failed to build the auto-generated boilerplate code.
// It can be found in /home/runner/work/dotnet-concurrency/dotnet-concurrency/benchmarks/EricksonLopez.Concurrency.Benchmarks/bin/Release/net10.0/EricksonLopez.Concurrency.Benchmarks-.NET 8.0-2
// Please follow the troubleshooting guide: https://benchmarkdotnet.org/articles/guides/troubleshooting.html

// ** Remained 12 (22.2 %) benchmark(s) to run. Estimated finish 2026-08-30 8:09 (0h 2m from now) **
// Build Error: Standard output: 
  
 Standard error: 
 /usr/share/dotnet/sdk/10.0.400/Microsoft.Common.CurrentVersion.targets(1891,5): error : Project '/home/runner/work/dotnet-concurrency/dotnet-concurrency/benchmarks/EricksonLopez.Concurrency.Benchmarks/EricksonLopez.Concurrency.Benchmarks.csproj' targets 'net10.0'. It cannot be referenced by a project that targets '.NETCoreApp,Version=v8.0'. [/home/runner/work/dotnet-concurrency/dotnet-concurrency/benchmarks/EricksonLopez.Concurrency.Benchmarks/bin/Release/net10.0/EricksonLopez.Concurrency.Benchmarks-.NET 8.0-2/BenchmarkDotNet.Autogenerated.csproj::TargetFramework=net8.0]
Build FAILED.
/usr/share/dotnet/sdk/10.0.400/Microsoft.Common.CurrentVersion.targets(1891,5): error : Project '/home/runner/work/dotnet-concurrency/dotnet-concurrency/benchmarks/EricksonLopez.Concurrency.Benchmarks/EricksonLopez.Concurrency.Benchmarks.csproj' targets 'net10.0'. It cannot be referenced by a project that targets '.NETCoreApp,Version=v8.0'. [/home/runner/work/dotnet-concurrency/dotnet-concurrency/benchmarks/EricksonLopez.Concurrency.Benchmarks/bin/Release/net10.0/EricksonLopez.Concurrency.Benchmarks-.NET 8.0-2/BenchmarkDotNet.Autogenerated.csproj::TargetFramework=net8.0]
    0 Warning(s)
    1 Error(s)
Time Elapsed 00:00:01.42

// BenchmarkDotNet has failed to build the auto-generated boilerplate code.
// It can be found in /home/runner/work/dotnet-concurrency/dotnet-concurrency/benchmarks/EricksonLopez.Concurrency.Benchmarks/bin/Release/net10.0/EricksonLopez.Concurrency.Benchmarks-.NET 8.0-2
// Please follow the troubleshooting guide: https://benchmarkdotnet.org/articles/guides/troubleshooting.html

// ** Remained 11 (20.4 %) benchmark(s) to run. Estimated finish 2026-08-30 8:09 (0h 2m from now) **
// Build Error: Standard output: 
  
 Standard error: 
 /usr/share/dotnet/sdk/10.0.400/Microsoft.Common.CurrentVersion.targets(1891,5): error : Project '/home/runner/work/dotnet-concurrency/dotnet-concurrency/benchmarks/EricksonLopez.Concurrency.Benchmarks/EricksonLopez.Concurrency.Benchmarks.csproj' targets 'net10.0'. It cannot be referenced by a project that targets '.NETCoreApp,Version=v8.0'. [/home/runner/work/dotnet-concurrency/dotnet-concurrency/benchmarks/EricksonLopez.Concurrency.Benchmarks/bin/Release/net10.0/EricksonLopez.Concurrency.Benchmarks-.NET 8.0-2/BenchmarkDotNet.Autogenerated.csproj::TargetFramework=net8.0]
Build FAILED.
/usr/share/dotnet/sdk/10.0.400/Microsoft.Common.CurrentVersion.targets(1891,5): error : Project '/home/runner/work/dotnet-concurrency/dotnet-concurrency/benchmarks/EricksonLopez.Concurrency.Benchmarks/EricksonLopez.Concurrency.Benchmarks.csproj' targets 'net10.0'. It cannot be referenced by a project that targets '.NETCoreApp,Version=v8.0'. [/home/runner/work/dotnet-concurrency/dotnet-concurrency/benchmarks/EricksonLopez.Concurrency.Benchmarks/bin/Release/net10.0/EricksonLopez.Concurrency.Benchmarks-.NET 8.0-2/BenchmarkDotNet.Autogenerated.csproj::TargetFramework=net8.0]
    0 Warning(s)
    1 Error(s)
Time Elapsed 00:00:01.42

// BenchmarkDotNet has failed to build the auto-generated boilerplate code.
// It can be found in /home/runner/work/dotnet-concurrency/dotnet-concurrency/benchmarks/EricksonLopez.Concurrency.Benchmarks/bin/Release/net10.0/EricksonLopez.Concurrency.Benchmarks-.NET 8.0-2
// Please follow the troubleshooting guide: https://benchmarkdotnet.org/articles/guides/troubleshooting.html

// ** Remained 10 (18.5 %) benchmark(s) to run. Estimated finish 2026-08-30 8:09 (0h 1m from now) **
// Build Error: Standard output: 
  
 Standard error: 
 /usr/share/dotnet/sdk/10.0.400/Microsoft.Common.CurrentVersion.targets(1891,5): error : Project '/home/runner/work/dotnet-concurrency/dotnet-concurrency/benchmarks/EricksonLopez.Concurrency.Benchmarks/EricksonLopez.Concurrency.Benchmarks.csproj' targets 'net10.0'. It cannot be referenced by a project that targets '.NETCoreApp,Version=v8.0'. [/home/runner/work/dotnet-concurrency/dotnet-concurrency/benchmarks/EricksonLopez.Concurrency.Benchmarks/bin/Release/net10.0/EricksonLopez.Concurrency.Benchmarks-.NET 8.0-2/BenchmarkDotNet.Autogenerated.csproj::TargetFramework=net8.0]
Build FAILED.
/usr/share/dotnet/sdk/10.0.400/Microsoft.Common.CurrentVersion.targets(1891,5): error : Project '/home/runner/work/dotnet-concurrency/dotnet-concurrency/benchmarks/EricksonLopez.Concurrency.Benchmarks/EricksonLopez.Concurrency.Benchmarks.csproj' targets 'net10.0'. It cannot be referenced by a project that targets '.NETCoreApp,Version=v8.0'. [/home/runner/work/dotnet-concurrency/dotnet-concurrency/benchmarks/EricksonLopez.Concurrency.Benchmarks/bin/Release/net10.0/EricksonLopez.Concurrency.Benchmarks-.NET 8.0-2/BenchmarkDotNet.Autogenerated.csproj::TargetFramework=net8.0]
    0 Warning(s)
    1 Error(s)
Time Elapsed 00:00:01.42

// BenchmarkDotNet has failed to build the auto-generated boilerplate code.
// It can be found in /home/runner/work/dotnet-concurrency/dotnet-concurrency/benchmarks/EricksonLopez.Concurrency.Benchmarks/bin/Release/net10.0/EricksonLopez.Concurrency.Benchmarks-.NET 8.0-2
// Please follow the troubleshooting guide: https://benchmarkdotnet.org/articles/guides/troubleshooting.html

// ** Remained 9 (16.7 %) benchmark(s) to run. Estimated finish 2026-08-30 8:09 (0h 1m from now) **
// Build Error: Standard output: 
  
 Standard error: 
 /usr/share/dotnet/sdk/10.0.400/Microsoft.Common.CurrentVersion.targets(1891,5): error : Project '/home/runner/work/dotnet-concurrency/dotnet-concurrency/benchmarks/EricksonLopez.Concurrency.Benchmarks/EricksonLopez.Concurrency.Benchmarks.csproj' targets 'net10.0'. It cannot be referenced by a project that targets '.NETCoreApp,Version=v8.0'. [/home/runner/work/dotnet-concurrency/dotnet-concurrency/benchmarks/EricksonLopez.Concurrency.Benchmarks/bin/Release/net10.0/EricksonLopez.Concurrency.Benchmarks-.NET 8.0-2/BenchmarkDotNet.Autogenerated.csproj::TargetFramework=net8.0]
Build FAILED.
/usr/share/dotnet/sdk/10.0.400/Microsoft.Common.CurrentVersion.targets(1891,5): error : Project '/home/runner/work/dotnet-concurrency/dotnet-concurrency/benchmarks/EricksonLopez.Concurrency.Benchmarks/EricksonLopez.Concurrency.Benchmarks.csproj' targets 'net10.0'. It cannot be referenced by a project that targets '.NETCoreApp,Version=v8.0'. [/home/runner/work/dotnet-concurrency/dotnet-concurrency/benchmarks/EricksonLopez.Concurrency.Benchmarks/bin/Release/net10.0/EricksonLopez.Concurrency.Benchmarks-.NET 8.0-2/BenchmarkDotNet.Autogenerated.csproj::TargetFramework=net8.0]
    0 Warning(s)
    1 Error(s)
Time Elapsed 00:00:01.42

// BenchmarkDotNet has failed to build the auto-generated boilerplate code.
// It can be found in /home/runner/work/dotnet-concurrency/dotnet-concurrency/benchmarks/EricksonLopez.Concurrency.Benchmarks/bin/Release/net10.0/EricksonLopez.Concurrency.Benchmarks-.NET 8.0-2
// Please follow the troubleshooting guide: https://benchmarkdotnet.org/articles/guides/troubleshooting.html

// ** Remained 8 (14.8 %) benchmark(s) to run. Estimated finish 2026-08-30 8:08 (0h 1m from now) **
// Build Error: Standard output: 
  
 Standard error: 
 /usr/share/dotnet/sdk/10.0.400/Microsoft.Common.CurrentVersion.targets(1891,5): error : Project '/home/runner/work/dotnet-concurrency/dotnet-concurrency/benchmarks/EricksonLopez.Concurrency.Benchmarks/EricksonLopez.Concurrency.Benchmarks.csproj' targets 'net10.0'. It cannot be referenced by a project that targets '.NETCoreApp,Version=v9.0'. [/home/runner/work/dotnet-concurrency/dotnet-concurrency/benchmarks/EricksonLopez.Concurrency.Benchmarks/bin/Release/net10.0/EricksonLopez.Concurrency.Benchmarks-.NET 9.0-3/BenchmarkDotNet.Autogenerated.csproj::TargetFramework=net9.0]
Build FAILED.
/usr/share/dotnet/sdk/10.0.400/Microsoft.Common.CurrentVersion.targets(1891,5): error : Project '/home/runner/work/dotnet-concurrency/dotnet-concurrency/benchmarks/EricksonLopez.Concurrency.Benchmarks/EricksonLopez.Concurrency.Benchmarks.csproj' targets 'net10.0'. It cannot be referenced by a project that targets '.NETCoreApp,Version=v9.0'. [/home/runner/work/dotnet-concurrency/dotnet-concurrency/benchmarks/EricksonLopez.Concurrency.Benchmarks/bin/Release/net10.0/EricksonLopez.Concurrency.Benchmarks-.NET 9.0-3/BenchmarkDotNet.Autogenerated.csproj::TargetFramework=net9.0]
    0 Warning(s)
    1 Error(s)
Time Elapsed 00:00:01.38

// BenchmarkDotNet has failed to build the auto-generated boilerplate code.
// It can be found in /home/runner/work/dotnet-concurrency/dotnet-concurrency/benchmarks/EricksonLopez.Concurrency.Benchmarks/bin/Release/net10.0/EricksonLopez.Concurrency.Benchmarks-.NET 9.0-3
// Please follow the troubleshooting guide: https://benchmarkdotnet.org/articles/guides/troubleshooting.html

// ** Remained 7 (13.0 %) benchmark(s) to run. Estimated finish 2026-08-30 8:08 (0h 1m from now) **
// Build Error: Standard output: 
  
 Standard error: 
 /usr/share/dotnet/sdk/10.0.400/Microsoft.Common.CurrentVersion.targets(1891,5): error : Project '/home/runner/work/dotnet-concurrency/dotnet-concurrency/benchmarks/EricksonLopez.Concurrency.Benchmarks/EricksonLopez.Concurrency.Benchmarks.csproj' targets 'net10.0'. It cannot be referenced by a project that targets '.NETCoreApp,Version=v9.0'. [/home/runner/work/dotnet-concurrency/dotnet-concurrency/benchmarks/EricksonLopez.Concurrency.Benchmarks/bin/Release/net10.0/EricksonLopez.Concurrency.Benchmarks-.NET 9.0-3/BenchmarkDotNet.Autogenerated.csproj::TargetFramework=net9.0]
Build FAILED.
/usr/share/dotnet/sdk/10.0.400/Microsoft.Common.CurrentVersion.targets(1891,5): error : Project '/home/runner/work/dotnet-concurrency/dotnet-concurrency/benchmarks/EricksonLopez.Concurrency.Benchmarks/EricksonLopez.Concurrency.Benchmarks.csproj' targets 'net10.0'. It cannot be referenced by a project that targets '.NETCoreApp,Version=v9.0'. [/home/runner/work/dotnet-concurrency/dotnet-concurrency/benchmarks/EricksonLopez.Concurrency.Benchmarks/bin/Release/net10.0/EricksonLopez.Concurrency.Benchmarks-.NET 9.0-3/BenchmarkDotNet.Autogenerated.csproj::TargetFramework=net9.0]
    0 Warning(s)
    1 Error(s)
Time Elapsed 00:00:01.38

// BenchmarkDotNet has failed to build the auto-generated boilerplate code.
// It can be found in /home/runner/work/dotnet-concurrency/dotnet-concurrency/benchmarks/EricksonLopez.Concurrency.Benchmarks/bin/Release/net10.0/EricksonLopez.Concurrency.Benchmarks-.NET 9.0-3
// Please follow the troubleshooting guide: https://benchmarkdotnet.org/articles/guides/troubleshooting.html

// ** Remained 6 (11.1 %) benchmark(s) to run. Estimated finish 2026-08-30 8:08 (0h 1m from now) **
// Build Error: Standard output: 
  
 Standard error: 
 /usr/share/dotnet/sdk/10.0.400/Microsoft.Common.CurrentVersion.targets(1891,5): error : Project '/home/runner/work/dotnet-concurrency/dotnet-concurrency/benchmarks/EricksonLopez.Concurrency.Benchmarks/EricksonLopez.Concurrency.Benchmarks.csproj' targets 'net10.0'. It cannot be referenced by a project that targets '.NETCoreApp,Version=v9.0'. [/home/runner/work/dotnet-concurrency/dotnet-concurrency/benchmarks/EricksonLopez.Concurrency.Benchmarks/bin/Release/net10.0/EricksonLopez.Concurrency.Benchmarks-.NET 9.0-3/BenchmarkDotNet.Autogenerated.csproj::TargetFramework=net9.0]
Build FAILED.
/usr/share/dotnet/sdk/10.0.400/Microsoft.Common.CurrentVersion.targets(1891,5): error : Project '/home/runner/work/dotnet-concurrency/dotnet-concurrency/benchmarks/EricksonLopez.Concurrency.Benchmarks/EricksonLopez.Concurrency.Benchmarks.csproj' targets 'net10.0'. It cannot be referenced by a project that targets '.NETCoreApp,Version=v9.0'. [/home/runner/work/dotnet-concurrency/dotnet-concurrency/benchmarks/EricksonLopez.Concurrency.Benchmarks/bin/Release/net10.0/EricksonLopez.Concurrency.Benchmarks-.NET 9.0-3/BenchmarkDotNet.Autogenerated.csproj::TargetFramework=net9.0]
    0 Warning(s)
    1 Error(s)
Time Elapsed 00:00:01.38

// BenchmarkDotNet has failed to build the auto-generated boilerplate code.
// It can be found in /home/runner/work/dotnet-concurrency/dotnet-concurrency/benchmarks/EricksonLopez.Concurrency.Benchmarks/bin/Release/net10.0/EricksonLopez.Concurrency.Benchmarks-.NET 9.0-3
// Please follow the troubleshooting guide: https://benchmarkdotnet.org/articles/guides/troubleshooting.html

// ** Remained 5 (9.3 %) benchmark(s) to run. Estimated finish 2026-08-30 8:08 (0h 0m from now) **
// Build Error: Standard output: 
  
 Standard error: 
 /usr/share/dotnet/sdk/10.0.400/Microsoft.Common.CurrentVersion.targets(1891,5): error : Project '/home/runner/work/dotnet-concurrency/dotnet-concurrency/benchmarks/EricksonLopez.Concurrency.Benchmarks/EricksonLopez.Concurrency.Benchmarks.csproj' targets 'net10.0'. It cannot be referenced by a project that targets '.NETCoreApp,Version=v9.0'. [/home/runner/work/dotnet-concurrency/dotnet-concurrency/benchmarks/EricksonLopez.Concurrency.Benchmarks/bin/Release/net10.0/EricksonLopez.Concurrency.Benchmarks-.NET 9.0-3/BenchmarkDotNet.Autogenerated.csproj::TargetFramework=net9.0]
Build FAILED.
/usr/share/dotnet/sdk/10.0.400/Microsoft.Common.CurrentVersion.targets(1891,5): error : Project '/home/runner/work/dotnet-concurrency/dotnet-concurrency/benchmarks/EricksonLopez.Concurrency.Benchmarks/EricksonLopez.Concurrency.Benchmarks.csproj' targets 'net10.0'. It cannot be referenced by a project that targets '.NETCoreApp,Version=v9.0'. [/home/runner/work/dotnet-concurrency/dotnet-concurrency/benchmarks/EricksonLopez.Concurrency.Benchmarks/bin/Release/net10.0/EricksonLopez.Concurrency.Benchmarks-.NET 9.0-3/BenchmarkDotNet.Autogenerated.csproj::TargetFramework=net9.0]
    0 Warning(s)
    1 Error(s)
Time Elapsed 00:00:01.38

// BenchmarkDotNet has failed to build the auto-generated boilerplate code.
// It can be found in /home/runner/work/dotnet-concurrency/dotnet-concurrency/benchmarks/EricksonLopez.Concurrency.Benchmarks/bin/Release/net10.0/EricksonLopez.Concurrency.Benchmarks-.NET 9.0-3
// Please follow the troubleshooting guide: https://benchmarkdotnet.org/articles/guides/troubleshooting.html

// ** Remained 4 (7.4 %) benchmark(s) to run. Estimated finish 2026-08-30 8:08 (0h 0m from now) **
// Build Error: Standard output: 
  
 Standard error: 
 /usr/share/dotnet/sdk/10.0.400/Microsoft.Common.CurrentVersion.targets(1891,5): error : Project '/home/runner/work/dotnet-concurrency/dotnet-concurrency/benchmarks/EricksonLopez.Concurrency.Benchmarks/EricksonLopez.Concurrency.Benchmarks.csproj' targets 'net10.0'. It cannot be referenced by a project that targets '.NETCoreApp,Version=v9.0'. [/home/runner/work/dotnet-concurrency/dotnet-concurrency/benchmarks/EricksonLopez.Concurrency.Benchmarks/bin/Release/net10.0/EricksonLopez.Concurrency.Benchmarks-.NET 9.0-3/BenchmarkDotNet.Autogenerated.csproj::TargetFramework=net9.0]
Build FAILED.
/usr/share/dotnet/sdk/10.0.400/Microsoft.Common.CurrentVersion.targets(1891,5): error : Project '/home/runner/work/dotnet-concurrency/dotnet-concurrency/benchmarks/EricksonLopez.Concurrency.Benchmarks/EricksonLopez.Concurrency.Benchmarks.csproj' targets 'net10.0'. It cannot be referenced by a project that targets '.NETCoreApp,Version=v9.0'. [/home/runner/work/dotnet-concurrency/dotnet-concurrency/benchmarks/EricksonLopez.Concurrency.Benchmarks/bin/Release/net10.0/EricksonLopez.Concurrency.Benchmarks-.NET 9.0-3/BenchmarkDotNet.Autogenerated.csproj::TargetFramework=net9.0]
    0 Warning(s)
    1 Error(s)
Time Elapsed 00:00:01.38

// BenchmarkDotNet has failed to build the auto-generated boilerplate code.
// It can be found in /home/runner/work/dotnet-concurrency/dotnet-concurrency/benchmarks/EricksonLopez.Concurrency.Benchmarks/bin/Release/net10.0/EricksonLopez.Concurrency.Benchmarks-.NET 9.0-3
// Please follow the troubleshooting guide: https://benchmarkdotnet.org/articles/guides/troubleshooting.html

// ** Remained 3 (5.6 %) benchmark(s) to run. Estimated finish 2026-08-30 8:07 (0h 0m from now) **
// Build Error: Standard output: 
  
 Standard error: 
 /usr/share/dotnet/sdk/10.0.400/Microsoft.Common.CurrentVersion.targets(1891,5): error : Project '/home/runner/work/dotnet-concurrency/dotnet-concurrency/benchmarks/EricksonLopez.Concurrency.Benchmarks/EricksonLopez.Concurrency.Benchmarks.csproj' targets 'net10.0'. It cannot be referenced by a project that targets '.NETCoreApp,Version=v9.0'. [/home/runner/work/dotnet-concurrency/dotnet-concurrency/benchmarks/EricksonLopez.Concurrency.Benchmarks/bin/Release/net10.0/EricksonLopez.Concurrency.Benchmarks-.NET 9.0-3/BenchmarkDotNet.Autogenerated.csproj::TargetFramework=net9.0]
Build FAILED.
/usr/share/dotnet/sdk/10.0.400/Microsoft.Common.CurrentVersion.targets(1891,5): error : Project '/home/runner/work/dotnet-concurrency/dotnet-concurrency/benchmarks/EricksonLopez.Concurrency.Benchmarks/EricksonLopez.Concurrency.Benchmarks.csproj' targets 'net10.0'. It cannot be referenced by a project that targets '.NETCoreApp,Version=v9.0'. [/home/runner/work/dotnet-concurrency/dotnet-concurrency/benchmarks/EricksonLopez.Concurrency.Benchmarks/bin/Release/net10.0/EricksonLopez.Concurrency.Benchmarks-.NET 9.0-3/BenchmarkDotNet.Autogenerated.csproj::TargetFramework=net9.0]
    0 Warning(s)
    1 Error(s)
Time Elapsed 00:00:01.38

// BenchmarkDotNet has failed to build the auto-generated boilerplate code.
// It can be found in /home/runner/work/dotnet-concurrency/dotnet-concurrency/benchmarks/EricksonLopez.Concurrency.Benchmarks/bin/Release/net10.0/EricksonLopez.Concurrency.Benchmarks-.NET 9.0-3
// Please follow the troubleshooting guide: https://benchmarkdotnet.org/articles/guides/troubleshooting.html

// ** Remained 2 (3.7 %) benchmark(s) to run. Estimated finish 2026-08-30 8:07 (0h 0m from now) **
// Build Error: Standard output: 
  
 Standard error: 
 /usr/share/dotnet/sdk/10.0.400/Microsoft.Common.CurrentVersion.targets(1891,5): error : Project '/home/runner/work/dotnet-concurrency/dotnet-concurrency/benchmarks/EricksonLopez.Concurrency.Benchmarks/EricksonLopez.Concurrency.Benchmarks.csproj' targets 'net10.0'. It cannot be referenced by a project that targets '.NETCoreApp,Version=v9.0'. [/home/runner/work/dotnet-concurrency/dotnet-concurrency/benchmarks/EricksonLopez.Concurrency.Benchmarks/bin/Release/net10.0/EricksonLopez.Concurrency.Benchmarks-.NET 9.0-3/BenchmarkDotNet.Autogenerated.csproj::TargetFramework=net9.0]
Build FAILED.
/usr/share/dotnet/sdk/10.0.400/Microsoft.Common.CurrentVersion.targets(1891,5): error : Project '/home/runner/work/dotnet-concurrency/dotnet-concurrency/benchmarks/EricksonLopez.Concurrency.Benchmarks/EricksonLopez.Concurrency.Benchmarks.csproj' targets 'net10.0'. It cannot be referenced by a project that targets '.NETCoreApp,Version=v9.0'. [/home/runner/work/dotnet-concurrency/dotnet-concurrency/benchmarks/EricksonLopez.Concurrency.Benchmarks/bin/Release/net10.0/EricksonLopez.Concurrency.Benchmarks-.NET 9.0-3/BenchmarkDotNet.Autogenerated.csproj::TargetFramework=net9.0]
    0 Warning(s)
    1 Error(s)
Time Elapsed 00:00:01.38

// BenchmarkDotNet has failed to build the auto-generated boilerplate code.
// It can be found in /home/runner/work/dotnet-concurrency/dotnet-concurrency/benchmarks/EricksonLopez.Concurrency.Benchmarks/bin/Release/net10.0/EricksonLopez.Concurrency.Benchmarks-.NET 9.0-3
// Please follow the troubleshooting guide: https://benchmarkdotnet.org/articles/guides/troubleshooting.html

// ** Remained 1 (1.9 %) benchmark(s) to run. Estimated finish 2026-08-30 8:07 (0h 0m from now) **
// Build Error: Standard output: 
  
 Standard error: 
 /usr/share/dotnet/sdk/10.0.400/Microsoft.Common.CurrentVersion.targets(1891,5): error : Project '/home/runner/work/dotnet-concurrency/dotnet-concurrency/benchmarks/EricksonLopez.Concurrency.Benchmarks/EricksonLopez.Concurrency.Benchmarks.csproj' targets 'net10.0'. It cannot be referenced by a project that targets '.NETCoreApp,Version=v9.0'. [/home/runner/work/dotnet-concurrency/dotnet-concurrency/benchmarks/EricksonLopez.Concurrency.Benchmarks/bin/Release/net10.0/EricksonLopez.Concurrency.Benchmarks-.NET 9.0-3/BenchmarkDotNet.Autogenerated.csproj::TargetFramework=net9.0]
Build FAILED.
/usr/share/dotnet/sdk/10.0.400/Microsoft.Common.CurrentVersion.targets(1891,5): error : Project '/home/runner/work/dotnet-concurrency/dotnet-concurrency/benchmarks/EricksonLopez.Concurrency.Benchmarks/EricksonLopez.Concurrency.Benchmarks.csproj' targets 'net10.0'. It cannot be referenced by a project that targets '.NETCoreApp,Version=v9.0'. [/home/runner/work/dotnet-concurrency/dotnet-concurrency/benchmarks/EricksonLopez.Concurrency.Benchmarks/bin/Release/net10.0/EricksonLopez.Concurrency.Benchmarks-.NET 9.0-3/BenchmarkDotNet.Autogenerated.csproj::TargetFramework=net9.0]
    0 Warning(s)
    1 Error(s)
Time Elapsed 00:00:01.38

// BenchmarkDotNet has failed to build the auto-generated boilerplate code.
// It can be found in /home/runner/work/dotnet-concurrency/dotnet-concurrency/benchmarks/EricksonLopez.Concurrency.Benchmarks/bin/Release/net10.0/EricksonLopez.Concurrency.Benchmarks-.NET 9.0-3
// Please follow the troubleshooting guide: https://benchmarkdotnet.org/articles/guides/troubleshooting.html

// ** Remained 0 (0.0 %) benchmark(s) to run. Estimated finish 2026-08-30 8:07 (0h 0m from now) **
// ***** BenchmarkRunner: Finish  *****

// * Export *
  benchmarks/results/results/EricksonLopez.Concurrency.Benchmarks.TokenAllocationBenchmarks-report.csv
  benchmarks/results/results/EricksonLopez.Concurrency.Benchmarks.TokenAllocationBenchmarks-report-github.md
  benchmarks/results/results/EricksonLopez.Concurrency.Benchmarks.TokenAllocationBenchmarks-report.html
  benchmarks/results/results/EricksonLopez.Concurrency.Benchmarks.TokenAllocationBenchmarks-report-full-compressed.json
  benchmarks/results/results/EricksonLopez.Concurrency.Benchmarks.TokenAllocationBenchmarks-report-default.md

// * Detailed results *
TokenAllocationBenchmarks.CreateStructVersion: .NET 10.0(Runtime=.NET 10.0, Toolchain=net10.0)
Runtime = .NET 10.0.11 (10.0.11, 10.0.1126.37416), X64 RyuJIT x86-64-v3; GC = Concurrent Workstation
Mean = 0.001 ns, StdErr = 0.000 ns (42.45%), N = 13, StdDev = 0.001 ns
Min = 0.000 ns, Q1 = 0.000 ns, Median = 0.000 ns, Q3 = 0.001 ns, Max = 0.003 ns
IQR = 0.001 ns, LowerFence = -0.001 ns, UpperFence = 0.001 ns
ConfidenceInterval = [-0.001 ns; 0.002 ns] (CI 99.9%), Margin = 0.001 ns (183.28% of Mean)
Skewness = 1.47, Kurtosis = 3.57, MValue = 2
-------------------- Histogram --------------------
[0.000 ns ; 0.001 ns) | @@@@@@@@@@@
[0.001 ns ; 0.002 ns) | 
[0.002 ns ; 0.003 ns) | @@
---------------------------------------------------

TokenAllocationBenchmarks.CreateStructToken: .NET 10.0(Runtime=.NET 10.0, Toolchain=net10.0)
Runtime = .NET 10.0.11 (10.0.11, 10.0.1126.37416), X64 RyuJIT x86-64-v3; GC = Concurrent Workstation
Mean = 1.182 ns, StdErr = 0.001 ns (0.10%), N = 14, StdDev = 0.005 ns
Min = 1.175 ns, Q1 = 1.179 ns, Median = 1.181 ns, Q3 = 1.183 ns, Max = 1.190 ns
IQR = 0.004 ns, LowerFence = 1.173 ns, UpperFence = 1.188 ns
ConfidenceInterval = [1.176 ns; 1.187 ns] (CI 99.9%), Margin = 0.005 ns (0.44% of Mean)
Skewness = 0.59, Kurtosis = 2.12, MValue = 2
-------------------- Histogram --------------------
[1.173 ns ; 1.193 ns) | @@@@@@@@@@@@@@
---------------------------------------------------

TokenAllocationBenchmarks.CreateExpectedVersionSpecific: .NET 10.0(Runtime=.NET 10.0, Toolchain=net10.0)
Runtime = .NET 10.0.11 (10.0.11, 10.0.1126.37416), X64 RyuJIT x86-64-v3; GC = Concurrent Workstation
Mean = 0.000 ns, StdErr = 0.000 ns (59.22%), N = 14, StdDev = 0.000 ns
Min = 0.000 ns, Q1 = 0.000 ns, Median = 0.000 ns, Q3 = 0.000 ns, Max = 0.002 ns
IQR = 0.000 ns, LowerFence = -0.000 ns, UpperFence = 0.001 ns
ConfidenceInterval = [-0.000 ns; 0.001 ns] (CI 99.9%), Margin = 0.001 ns (249.95% of Mean)
Skewness = 2.33, Kurtosis = 7.66, MValue = 2.4
-------------------- Histogram --------------------
[0.000 ns ; 0.001 ns) | @@@@@@@@@@@@
[0.001 ns ; 0.001 ns) | @
[0.001 ns ; 0.001 ns) | 
[0.001 ns ; 0.002 ns) | @
---------------------------------------------------

TokenAllocationBenchmarks.TryParseSpanVersion: .NET 10.0(Runtime=.NET 10.0, Toolchain=net10.0)
Runtime = .NET 10.0.11 (10.0.11, 10.0.1126.37416), X64 RyuJIT x86-64-v3; GC = Concurrent Workstation
Mean = 14.184 ns, StdErr = 0.013 ns (0.09%), N = 12, StdDev = 0.046 ns
Min = 14.058 ns, Q1 = 14.174 ns, Median = 14.191 ns, Q3 = 14.209 ns, Max = 14.247 ns
IQR = 0.036 ns, LowerFence = 14.120 ns, UpperFence = 14.263 ns
ConfidenceInterval = [14.125 ns; 14.244 ns] (CI 99.9%), Margin = 0.059 ns (0.42% of Mean)
Skewness = -1.42, Kurtosis = 4.92, MValue = 2
-------------------- Histogram --------------------
[14.032 ns ; 14.274 ns) | @@@@@@@@@@@@
---------------------------------------------------

TokenAllocationBenchmarks.TryParseStringVersion: .NET 10.0(Runtime=.NET 10.0, Toolchain=net10.0)
Runtime = .NET 10.0.11 (10.0.11, 10.0.1126.37416), X64 RyuJIT x86-64-v3; GC = Concurrent Workstation
Mean = 16.167 ns, StdErr = 0.035 ns (0.21%), N = 15, StdDev = 0.134 ns
Min = 15.957 ns, Q1 = 16.050 ns, Median = 16.197 ns, Q3 = 16.281 ns, Max = 16.339 ns
IQR = 0.231 ns, LowerFence = 15.703 ns, UpperFence = 16.629 ns
ConfidenceInterval = [16.024 ns; 16.311 ns] (CI 99.9%), Margin = 0.143 ns (0.89% of Mean)
Skewness = -0.26, Kurtosis = 1.43, MValue = 2
-------------------- Histogram --------------------
[15.886 ns ; 16.410 ns) | @@@@@@@@@@@@@@@
---------------------------------------------------

TokenAllocationBenchmarks.FormatVersionToString: .NET 10.0(Runtime=.NET 10.0, Toolchain=net10.0)
Runtime = .NET 10.0.11 (10.0.11, 10.0.1126.37416), X64 RyuJIT x86-64-v3; GC = Concurrent Workstation
Mean = 13.988 ns, StdErr = 0.062 ns (0.45%), N = 15, StdDev = 0.242 ns
Min = 13.551 ns, Q1 = 13.796 ns, Median = 14.026 ns, Q3 = 14.164 ns, Max = 14.344 ns
IQR = 0.369 ns, LowerFence = 13.243 ns, UpperFence = 14.717 ns
ConfidenceInterval = [13.729 ns; 14.246 ns] (CI 99.9%), Margin = 0.258 ns (1.85% of Mean)
Skewness = -0.32, Kurtosis = 1.73, MValue = 2
-------------------- Histogram --------------------
[13.499 ns ; 13.914 ns) | @@@@@
[13.914 ns ; 14.473 ns) | @@@@@@@@@@
---------------------------------------------------

TokenAllocationBenchmarks.CompareTokensValueEquality: .NET 10.0(Runtime=.NET 10.0, Toolchain=net10.0)
Runtime = .NET 10.0.11 (10.0.11, 10.0.1126.37416), X64 RyuJIT x86-64-v3; GC = Concurrent Workstation
Mean = 1.876 ns, StdErr = 0.001 ns (0.07%), N = 13, StdDev = 0.005 ns
Min = 1.870 ns, Q1 = 1.873 ns, Median = 1.876 ns, Q3 = 1.878 ns, Max = 1.887 ns
IQR = 0.006 ns, LowerFence = 1.864 ns, UpperFence = 1.887 ns
ConfidenceInterval = [1.870 ns; 1.882 ns] (CI 99.9%), Margin = 0.006 ns (0.30% of Mean)
Skewness = 0.5, Kurtosis = 2.43, MValue = 2
-------------------- Histogram --------------------
[1.867 ns ; 1.889 ns) | @@@@@@@@@@@@@
---------------------------------------------------

TokenAllocationBenchmarks.CheckExpectedMatchesActual: .NET 10.0(Runtime=.NET 10.0, Toolchain=net10.0)
Runtime = .NET 10.0.11 (10.0.11, 10.0.1126.37416), X64 RyuJIT x86-64-v3; GC = Concurrent Workstation
Mean = 0.343 ns, StdErr = 0.001 ns (0.35%), N = 13, StdDev = 0.004 ns
Min = 0.336 ns, Q1 = 0.342 ns, Median = 0.343 ns, Q3 = 0.346 ns, Max = 0.349 ns
IQR = 0.004 ns, LowerFence = 0.337 ns, UpperFence = 0.351 ns
ConfidenceInterval = [0.338 ns; 0.348 ns] (CI 99.9%), Margin = 0.005 ns (1.50% of Mean)
Skewness = -0.33, Kurtosis = 1.9, MValue = 2
-------------------- Histogram --------------------
[0.333 ns ; 0.341 ns) | @@@
[0.341 ns ; 0.352 ns) | @@@@@@@@@@
---------------------------------------------------

TokenAllocationBenchmarks.CreateStructVersion: .NET 8.0(Runtime=.NET 8.0, Toolchain=net8.0)
Runtime = ; GC = 
There are not any results runs

TokenAllocationBenchmarks.CreateStructToken: .NET 8.0(Runtime=.NET 8.0, Toolchain=net8.0)
Runtime = ; GC = 
There are not any results runs

TokenAllocationBenchmarks.CreateExpectedVersionSpecific: .NET 8.0(Runtime=.NET 8.0, Toolchain=net8.0)
Runtime = ; GC = 
There are not any results runs

TokenAllocationBenchmarks.TryParseSpanVersion: .NET 8.0(Runtime=.NET 8.0, Toolchain=net8.0)
Runtime = ; GC = 
There are not any results runs

TokenAllocationBenchmarks.TryParseStringVersion: .NET 8.0(Runtime=.NET 8.0, Toolchain=net8.0)
Runtime = ; GC = 
There are not any results runs

TokenAllocationBenchmarks.FormatVersionToString: .NET 8.0(Runtime=.NET 8.0, Toolchain=net8.0)
Runtime = ; GC = 
There are not any results runs

TokenAllocationBenchmarks.CompareTokensValueEquality: .NET 8.0(Runtime=.NET 8.0, Toolchain=net8.0)
Runtime = ; GC = 
There are not any results runs

TokenAllocationBenchmarks.CheckExpectedMatchesActual: .NET 8.0(Runtime=.NET 8.0, Toolchain=net8.0)
Runtime = ; GC = 
There are not any results runs

TokenAllocationBenchmarks.CreateStructVersion: .NET 9.0(Runtime=.NET 9.0, Toolchain=net9.0)
Runtime = ; GC = 
There are not any results runs

TokenAllocationBenchmarks.CreateStructToken: .NET 9.0(Runtime=.NET 9.0, Toolchain=net9.0)
Runtime = ; GC = 
There are not any results runs

TokenAllocationBenchmarks.CreateExpectedVersionSpecific: .NET 9.0(Runtime=.NET 9.0, Toolchain=net9.0)
Runtime = ; GC = 
There are not any results runs

TokenAllocationBenchmarks.TryParseSpanVersion: .NET 9.0(Runtime=.NET 9.0, Toolchain=net9.0)
Runtime = ; GC = 
There are not any results runs

TokenAllocationBenchmarks.TryParseStringVersion: .NET 9.0(Runtime=.NET 9.0, Toolchain=net9.0)
Runtime = ; GC = 
There are not any results runs

TokenAllocationBenchmarks.FormatVersionToString: .NET 9.0(Runtime=.NET 9.0, Toolchain=net9.0)
Runtime = ; GC = 
There are not any results runs

TokenAllocationBenchmarks.CompareTokensValueEquality: .NET 9.0(Runtime=.NET 9.0, Toolchain=net9.0)
Runtime = ; GC = 
There are not any results runs

TokenAllocationBenchmarks.CheckExpectedMatchesActual: .NET 9.0(Runtime=.NET 9.0, Toolchain=net9.0)
Runtime = ; GC = 
There are not any results runs

// * Summary *

BenchmarkDotNet v0.15.8, Linux Ubuntu 24.04.4 LTS (Noble Numbat)
AMD EPYC 7763 2.45GHz, 1 CPU, 4 logical and 2 physical cores
.NET SDK 10.0.400
  [Host]    : .NET 10.0.11 (10.0.11, 10.0.1126.37416), X64 RyuJIT x86-64-v3
  .NET 10.0 : .NET 10.0.11 (10.0.11, 10.0.1126.37416), X64 RyuJIT x86-64-v3


| Method                        | Job       | Runtime   | Mean       | Error     | StdDev    | Median     | Ratio | RatioSD | Gen0   | Allocated | Alloc Ratio |
|------------------------------ |---------- |---------- |-----------:|----------:|----------:|-----------:|------:|--------:|-------:|----------:|------------:|
| CreateStructVersion           | .NET 10.0 | .NET 10.0 |  0.0006 ns | 0.0011 ns | 0.0010 ns |  0.0002 ns |     ? |       ? |      - |         - |           ? |
| CreateStructToken             | .NET 10.0 | .NET 10.0 |  1.1816 ns | 0.0051 ns | 0.0046 ns |  1.1807 ns |     ? |       ? |      - |         - |           ? |
| CreateExpectedVersionSpecific | .NET 10.0 | .NET 10.0 |  0.0002 ns | 0.0005 ns | 0.0005 ns |  0.0000 ns |     ? |       ? |      - |         - |           ? |
| TryParseSpanVersion           | .NET 10.0 | .NET 10.0 | 14.1844 ns | 0.0593 ns | 0.0463 ns | 14.1906 ns |     ? |       ? |      - |         - |           ? |
| TryParseStringVersion         | .NET 10.0 | .NET 10.0 | 16.1672 ns | 0.1433 ns | 0.1340 ns | 16.1973 ns |     ? |       ? |      - |         - |           ? |
| FormatVersionToString         | .NET 10.0 | .NET 10.0 | 13.9879 ns | 0.2585 ns | 0.2418 ns | 14.0261 ns |     ? |       ? | 0.0029 |      48 B |           ? |
| CompareTokensValueEquality    | .NET 10.0 | .NET 10.0 |  1.8762 ns | 0.0057 ns | 0.0047 ns |  1.8761 ns |     ? |       ? |      - |         - |           ? |
| CheckExpectedMatchesActual    | .NET 10.0 | .NET 10.0 |  0.3431 ns | 0.0051 ns | 0.0043 ns |  0.3435 ns |     ? |       ? |      - |         - |           ? |
| CreateStructVersion           | .NET 8.0  | .NET 8.0  |         NA |        NA |        NA |         NA |     ? |       ? |     NA |        NA |           ? |
| CreateStructToken             | .NET 8.0  | .NET 8.0  |         NA |        NA |        NA |         NA |     ? |       ? |     NA |        NA |           ? |
| CreateExpectedVersionSpecific | .NET 8.0  | .NET 8.0  |         NA |        NA |        NA |         NA |     ? |       ? |     NA |        NA |           ? |
| TryParseSpanVersion           | .NET 8.0  | .NET 8.0  |         NA |        NA |        NA |         NA |     ? |       ? |     NA |        NA |           ? |
| TryParseStringVersion         | .NET 8.0  | .NET 8.0  |         NA |        NA |        NA |         NA |     ? |       ? |     NA |        NA |           ? |
| FormatVersionToString         | .NET 8.0  | .NET 8.0  |         NA |        NA |        NA |         NA |     ? |       ? |     NA |        NA |           ? |
| CompareTokensValueEquality    | .NET 8.0  | .NET 8.0  |         NA |        NA |        NA |         NA |     ? |       ? |     NA |        NA |           ? |
| CheckExpectedMatchesActual    | .NET 8.0  | .NET 8.0  |         NA |        NA |        NA |         NA |     ? |       ? |     NA |        NA |           ? |
| CreateStructVersion           | .NET 9.0  | .NET 9.0  |         NA |        NA |        NA |         NA |     ? |       ? |     NA |        NA |           ? |
| CreateStructToken             | .NET 9.0  | .NET 9.0  |         NA |        NA |        NA |         NA |     ? |       ? |     NA |        NA |           ? |
| CreateExpectedVersionSpecific | .NET 9.0  | .NET 9.0  |         NA |        NA |        NA |         NA |     ? |       ? |     NA |        NA |           ? |
| TryParseSpanVersion           | .NET 9.0  | .NET 9.0  |         NA |        NA |        NA |         NA |     ? |       ? |     NA |        NA |           ? |
| TryParseStringVersion         | .NET 9.0  | .NET 9.0  |         NA |        NA |        NA |         NA |     ? |       ? |     NA |        NA |           ? |
| FormatVersionToString         | .NET 9.0  | .NET 9.0  |         NA |        NA |        NA |         NA |     ? |       ? |     NA |        NA |           ? |
| CompareTokensValueEquality    | .NET 9.0  | .NET 9.0  |         NA |        NA |        NA |         NA |     ? |       ? |     NA |        NA |           ? |
| CheckExpectedMatchesActual    | .NET 9.0  | .NET 9.0  |         NA |        NA |        NA |         NA |     ? |       ? |     NA |        NA |           ? |

Benchmarks with issues:
  TokenAllocationBenchmarks.CreateStructVersion: .NET 8.0(Runtime=.NET 8.0, Toolchain=net8.0)
  TokenAllocationBenchmarks.CreateStructToken: .NET 8.0(Runtime=.NET 8.0, Toolchain=net8.0)
  TokenAllocationBenchmarks.CreateExpectedVersionSpecific: .NET 8.0(Runtime=.NET 8.0, Toolchain=net8.0)
  TokenAllocationBenchmarks.TryParseSpanVersion: .NET 8.0(Runtime=.NET 8.0, Toolchain=net8.0)
  TokenAllocationBenchmarks.TryParseStringVersion: .NET 8.0(Runtime=.NET 8.0, Toolchain=net8.0)
  TokenAllocationBenchmarks.FormatVersionToString: .NET 8.0(Runtime=.NET 8.0, Toolchain=net8.0)
  TokenAllocationBenchmarks.CompareTokensValueEquality: .NET 8.0(Runtime=.NET 8.0, Toolchain=net8.0)
  TokenAllocationBenchmarks.CheckExpectedMatchesActual: .NET 8.0(Runtime=.NET 8.0, Toolchain=net8.0)
  TokenAllocationBenchmarks.CreateStructVersion: .NET 9.0(Runtime=.NET 9.0, Toolchain=net9.0)
  TokenAllocationBenchmarks.CreateStructToken: .NET 9.0(Runtime=.NET 9.0, Toolchain=net9.0)
  TokenAllocationBenchmarks.CreateExpectedVersionSpecific: .NET 9.0(Runtime=.NET 9.0, Toolchain=net9.0)
  TokenAllocationBenchmarks.TryParseSpanVersion: .NET 9.0(Runtime=.NET 9.0, Toolchain=net9.0)
  TokenAllocationBenchmarks.TryParseStringVersion: .NET 9.0(Runtime=.NET 9.0, Toolchain=net9.0)
  TokenAllocationBenchmarks.FormatVersionToString: .NET 9.0(Runtime=.NET 9.0, Toolchain=net9.0)
  TokenAllocationBenchmarks.CompareTokensValueEquality: .NET 9.0(Runtime=.NET 9.0, Toolchain=net9.0)
  TokenAllocationBenchmarks.CheckExpectedMatchesActual: .NET 9.0(Runtime=.NET 9.0, Toolchain=net9.0)

// * Warnings *
BaselineCustomAnalyzer
  Summary -> A question mark '?' symbol indicates that it was not possible to compute the (Ratio, RatioSD, Alloc Ratio) column(s) because the baseline or benchmark could not be found, or the baseline value is too close to zero.
ZeroMeasurement
  TokenAllocationBenchmarks.CreateStructVersion: .NET 10.0           -> The method duration is indistinguishable from the empty method duration
  TokenAllocationBenchmarks.CreateExpectedVersionSpecific: .NET 10.0 -> The method duration is indistinguishable from the empty method duration

// * Hints *
Outliers
  TokenAllocationBenchmarks.CreateStructVersion: .NET 10.0           -> 2 outliers were removed (1.65 ns, 1.67 ns)
  TokenAllocationBenchmarks.CreateStructToken: .NET 10.0             -> 1 outlier  was  removed (2.83 ns)
  TokenAllocationBenchmarks.CreateExpectedVersionSpecific: .NET 10.0 -> 1 outlier  was  removed (1.64 ns)
  TokenAllocationBenchmarks.TryParseSpanVersion: .NET 10.0           -> 3 outliers were removed, 4 outliers were detected (15.93 ns, 16.46 ns..16.67 ns)
  TokenAllocationBenchmarks.CompareTokensValueEquality: .NET 10.0    -> 2 outliers were removed (3.82 ns, 3.83 ns)
  TokenAllocationBenchmarks.CheckExpectedMatchesActual: .NET 10.0    -> 2 outliers were removed (2.24 ns, 2.31 ns)

// * Legends *
  Mean        : Arithmetic mean of all measurements
  Error       : Half of 99.9% confidence interval
  StdDev      : Standard deviation of all measurements
  Median      : Value separating the higher half of all measurements (50th percentile)
  Ratio       : Mean of the ratio distribution ([Current]/[Baseline])
  RatioSD     : Standard deviation of the ratio distribution ([Current]/[Baseline])
  Gen0        : GC Generation 0 collects per 1000 operations
  Allocated   : Allocated memory per single operation (managed only, inclusive, 1KB = 1024B)
  Alloc Ratio : Allocated memory ratio distribution ([Current]/[Baseline])
  1 ns        : 1 Nanosecond (0.000000001 sec)

// * Diagnostic Output - MemoryDiagnoser *


// ***** BenchmarkRunner: End *****
Run time: 00:03:39 (219.51 sec), executed benchmarks: 8

Global total time: 00:08:54 (534.46 sec), executed benchmarks: 18
// * Artifacts cleanup *
Artifacts cleanup is finished
